id,text,labels
1,Nay ăn phở 50k,"[""O"", ""O"", ""O"", ""O"", ""O"", ""O"", ""O"", ""O"", ""O"", ""O"", ""O"", ""B-AMOUNT"", ""I-AMOUNT"", ""I-AMOUNT""]"
2,Công ty vừa chuyển lương 10 triệu,"[""O"", ""O"", ""O"", ""O"", ""O"", ""O"", ""O"", ""O"", ""O"", ""O"", ""O"", ""O"", ""O"", ""O"", ""O"", ""O"", ""O"", ""O"", ""O"", ""O"", ""O"", ""O"", ""O"", ""O"", ""O"", ""B-AMOUNT"", ""I-AMOUNT"", ""I-AMOUNT"", ""I-AMOUNT"", ""I-AMOUNT"", ""I-AMOUNT"", ""I-AMOUNT"", ""I-AMOUNT""]"
3,Tài khoản còn bao nhiêu,"[""O"", ""O"", ""O"", ""O"", ""O"", ""O"", ""O"", ""O"", ""O"", ""O"", ""O"", ""O"", ""O"", ""O"", ""O"", ""O"", ""O"", ""O"", ""O"", ""O"", ""O"", ""O"", ""O""]"
4,Tháng này tôi tiêu bao nhiêu,"[""B-PERIOD"", ""I-PERIOD"", ""I-PERIOD"", ""I-PERIOD"", ""I-PERIOD"", ""I-PERIOD"", ""I-PERIOD"", ""I-PERIOD"", ""I-PERIOD"", ""O"", ""O"", ""O"", ""O"", ""O"", ""O"", ""O"", ""O"", ""O"", ""O"", ""O"", ""O"", ""O"", ""O"", ""O"", ""O"", ""O"", ""O"", ""O""]"
5,Tôi muốn tiết kiệm 30 triệu trong 6 tháng,"[""O"", ""O"", ""O"", ""O"", ""O"", ""O"", ""O"", ""O"", ""O"", ""O"", ""O"", ""O"", ""O"", ""O"", ""O"", ""O"", ""O"", ""O"", ""O"", ""B-TARGET_AMOUNT"", ""I-TARGET_AMOUNT"", ""I-TARGET_AMOUNT"", ""I-TARGET_AMOUNT"", ""I-TARGET_AMOUNT"", ""I-TARGET_AMOUNT"", ""I-TARGET_AMOUNT"", ""I-TARGET_AMOUNT"", ""O"", ""O"", ""O"", ""O"", ""O"", ""O"", ""O"", ""B-DURATION"", ""I-DURATION"", ""I-DURATION"", ""I-DURATION"", ""I-DURATION"", ""I-DURATION"", ""I-DURATION""]"
6,Sáng nay mua bánh mì 25k,"[""O"", ""O"", ""O"", ""O"", ""O"", ""O"", ""O"", ""O"", ""O"", ""O"", ""O"", ""O"", ""O"", ""O"", ""O"", ""O"", ""O"", ""O"", ""O"", ""O"", ""O"", ""B-AMOUNT"", ""I-AMOUNT"", ""I-AMOUNT""]"
7,Vừa nhận lương 12 củ,"[""O"", ""O"", ""O"", ""O"", ""O"", ""O"", ""O"", ""O"", ""O"", ""O"", ""O"", ""O"", ""O"", ""O"", ""O"", ""B-AMOUNT"", ""I-AMOUNT"", ""I-AMOUNT"", ""I-AMOUNT"", ""I-AMOUNT""]"
8,Giờ tài khoản còn bao nhiêu vậy?,"[""O"", ""O"", ""O"", ""O"", ""O"", ""O"", ""O"", ""O"", ""O"", ""O"", ""O"", ""O"", ""O"", ""O"", ""O"", ""O"", ""O"", ""O"", ""O"", ""O"", ""O"", ""O"", ""O"", ""O"", ""O"", ""O"", ""O"", ""O"", ""O"", ""O"", ""O"", ""O""]"
9,Từ đầu tháng tới giờ tiêu hết bao nhiêu rồi?,"[""B-PERIOD"", ""I-PERIOD"", ""I-PERIOD"", ""I-PERIOD"", ""I-PERIOD"", ""I-PERIOD"", ""I-PERIOD"", ""I-PERIOD"", ""I-PERIOD"", ""I-PERIOD"", ""I-PERIOD"", ""I-PERIOD"", ""I-PERIOD"", ""I-PERIOD"", ""I-PERIOD"", ""I-PERIOD"", ""I-PERIOD"", ""I-PERIOD"", ""I-PERIOD"", ""I-PERIOD"", ""O"", ""O"", ""O"", ""O"", ""O"", ""O"", ""O"", ""O"", ""O"", ""O"", ""O"", ""O"", ""O"", ""O"", ""O"", ""O"", ""O"", ""O"", ""O"", ""O"", ""O"", ""O"", ""O"", ""O""]"
10,Tháng này tiền ăn của tôi hết bao nhiêu?,"[""B-PERIOD"", ""I-PERIOD"", ""I-PERIOD"", ""I-PERIOD"", ""I-PERIOD"", ""I-PERIOD"", ""I-PERIOD"", ""I-PERIOD"", ""I-PERIOD"", ""O"", ""O"", ""O"", ""O"", ""O"", ""O"", ""O"", ""O"", ""O"", ""O"", ""O"", ""O"", ""O"", ""O"", ""O"", ""O"", ""O"", ""O"", ""O"", ""O"", ""O"", ""O"", ""O"", ""O"", ""O"", ""O"", ""O"", ""O"", ""O"", ""O"", ""O""]"
11,Cho tôi giới hạn tiền ăn tháng này 2 triệu,"[""O"", ""O"", ""O"", ""O"", ""O"", ""O"", ""O"", ""O"", ""O"", ""O"", ""O"", ""O"", ""O"", ""O"", ""O"", ""O"", ""O"", ""O"", ""O"", ""O"", ""O"", ""O"", ""O"", ""O"", ""O"", ""B-PERIOD"", ""I-PERIOD"", ""I-PERIOD"", ""I-PERIOD"", ""I-PERIOD"", ""I-PERIOD"", ""I-PERIOD"", ""I-PERIOD"", ""I-PERIOD"", ""O"", ""B-BUDGET_LIMIT"", ""I-BUDGET_LIMIT"", ""I-BUDGET_LIMIT"", ""I-BUDGET_LIMIT"", ""I-BUDGET_LIMIT"", ""I-BUDGET_LIMIT"", ""I-BUDGET_LIMIT""]"
12,Tôi muốn để dành 20 triệu trong 4 tháng,"[""O"", ""O"", ""O"", ""O"", ""O"", ""O"", ""O"", ""O"", ""O"", ""O"", ""O"", ""O"", ""O"", ""O"", ""O"", ""O"", ""O"", ""B-TARGET_AMOUNT"", ""I-TARGET_AMOUNT"", ""I-TARGET_AMOUNT"", ""I-TARGET_AMOUNT"", ""I-TARGET_AMOUNT"", ""I-TARGET_AMOUNT"", ""I-TARGET_AMOUNT"", ""I-TARGET_AMOUNT"", ""O"", ""O"", ""O"", ""O"", ""O"", ""O"", ""O"", ""B-DURATION"", ""I-DURATION"", ""I-DURATION"", ""I-DURATION"", ""I-DURATION"", ""I-DURATION"", ""I-DURATION""]"
13,Làm sao để quản lý chi tiêu hiệu quả?,"[""O"", ""O"", ""O"", ""O"", ""O"", ""O"", ""O"", ""O"", ""O"", ""O"", ""O"", ""O"", ""O"", ""O"", ""O"", ""O"", ""O"", ""O"", ""O"", ""O"", ""O"", ""O"", ""O"", ""O"", ""O"", ""O"", ""O"", ""O"", ""O"", ""O"", ""O"", ""O"", ""O"", ""O"", ""O"", ""O"", ""O""]"
14,Hôm nay Hà Nội có mưa không?,"[""O"", ""O"", ""O"", ""O"", ""O"", ""O"", ""O"", ""O"", ""O"", ""O"", ""O"", ""O"", ""O"", ""O"", ""O"", ""O"", ""O"", ""O"", ""O"", ""O"", ""O"", ""O"", ""O"", ""O"", ""O"", ""O"", ""O"", ""O""]"
15,Mới mua đôi giày hết 800k,"[""O"", ""O"", ""O"", ""O"", ""O"", ""O"", ""O"", ""O"", ""O"", ""O"", ""O"", ""O"", ""O"", ""O"", ""O"", ""O"", ""O"", ""O"", ""O"", ""O"", ""O"", ""B-AMOUNT"", ""I-AMOUNT"", ""I-AMOUNT"", ""I-AMOUNT""]"
16,Tối qua đi ăn lẩu hết 350k,"[""O"", ""O"", ""O"", ""O"", ""O"", ""O"", ""O"", ""O"", ""O"", ""O"", ""O"", ""O"", ""O"", ""O"", ""O"", ""O"", ""O"", ""O"", ""O"", ""O"", ""O"", ""O"", ""B-AMOUNT"", ""I-AMOUNT"", ""I-AMOUNT"", ""I-AMOUNT""]"
17,Mẹ vừa gửi cho mình 1 triệu,"[""O"", ""O"", ""O"", ""O"", ""O"", ""O"", ""O"", ""O"", ""O"", ""O"", ""O"", ""O"", ""O"", ""O"", ""O"", ""O"", ""O"", ""O"", ""O"", ""O"", ""B-AMOUNT"", ""I-AMOUNT"", ""I-AMOUNT"", ""I-AMOUNT"", ""I-AMOUNT"", ""I-AMOUNT"", ""I-AMOUNT""]"
18,Ví của mình còn bao nhiêu tiền?,"[""O"", ""O"", ""O"", ""O"", ""O"", ""O"", ""O"", ""O"", ""O"", ""O"", ""O"", ""O"", ""O"", ""O"", ""O"", ""O"", ""O"", ""O"", ""O"", ""O"", ""O"", ""O"", ""O"", ""O"", ""O"", ""O"", ""O"", ""O"", ""O"", ""O"", ""O""]"
19,Tuần này mình đã tiêu tổng cộng bao nhiêu?,"[""B-PERIOD"", ""I-PERIOD"", ""I-PERIOD"", ""I-PERIOD"", ""I-PERIOD"", ""I-PERIOD"", ""I-PERIOD"", ""I-PERIOD"", ""O"", ""O"", ""O"", ""O"", ""O"", ""O"", ""O"", ""O"", ""O"", ""O"", ""O"", ""O"", ""O"", ""O"", ""O"", ""O"", ""O"", ""O"", ""O"", ""O"", ""O"", ""O"", ""O"", ""O"", ""O"", ""O"", ""O"", ""O"", ""O"", ""O"", ""O"", ""O"", ""O"", ""O""]"
20,Khoản nào tháng này ngốn tiền nhất?,"[""O"", ""O"", ""O"", ""O"", ""O"", ""O"", ""O"", ""O"", ""O"", ""O"", ""B-PERIOD"", ""I-PERIOD"", ""I-PERIOD"", ""I-PERIOD"", ""I-PERIOD"", ""I-PERIOD"", ""I-PERIOD"", ""I-PERIOD"", ""I-PERIOD"", ""O"", ""O"", ""O"", ""O"", ""O"", ""O"", ""O"", ""O"", ""O"", ""O"", ""O"", ""O"", ""O"", ""O"", ""O"", ""O""]"
21,Ngân sách mua sắm tháng này đặt 3 triệu nhé,"[""O"", ""O"", ""O"", ""O"", ""O"", ""O"", ""O"", ""O"", ""O"", ""O"", ""O"", ""O"", ""O"", ""O"", ""O"", ""O"", ""O"", ""O"", ""B-PERIOD"", ""I-PERIOD"", ""I-PERIOD"", ""I-PERIOD"", ""I-PERIOD"", ""I-PERIOD"", ""I-PERIOD"", ""I-PERIOD"", ""I-PERIOD"", ""O"", ""O"", ""O"", ""O"", ""O"", ""B-BUDGET_LIMIT"", ""I-BUDGET_LIMIT"", ""I-BUDGET_LIMIT"", ""I-BUDGET_LIMIT"", ""I-BUDGET_LIMIT"", ""I-BUDGET_LIMIT"", ""I-BUDGET_LIMIT"", ""O"", ""O"", ""O"", ""O""]"
22,Mỗi tháng cần tiết kiệm bao nhiêu để đủ 60 triệu sau 1 năm?,"[""B-PERIOD"", ""I-PERIOD"", ""I-PERIOD"", ""I-PERIOD"", ""I-PERIOD"", ""I-PERIOD"", ""I-PERIOD"", ""I-PERIOD"", ""I-PERIOD"", ""O"", ""O"", ""O"", ""O"", ""O"", ""O"", ""O"", ""O"", ""O"", ""O"", ""O"", ""O"", ""O"", ""O"", ""O"", ""O"", ""O"", ""O"", ""O"", ""O"", ""O"", ""O"", ""O"", ""O"", ""O"", ""O"", ""O"", ""O"", ""O"", ""O"", ""O"", ""B-TARGET_AMOUNT"", ""I-TARGET_AMOUNT"", ""I-TARGET_AMOUNT"", ""I-TARGET_AMOUNT"", ""I-TARGET_AMOUNT"", ""I-TARGET_AMOUNT"", ""I-TARGET_AMOUNT"", ""I-TARGET_AMOUNT"", ""O"", ""O"", ""O"", ""O"", ""O"", ""B-DURATION"", ""I-DURATION"", ""I-DURATION"", ""I-DURATION"", ""I-DURATION"", ""O""]"
23,Có cách nào giúp tôi bớt tiêu tiền không?,"[""O"", ""O"", ""O"", ""O"", ""O"", ""O"", ""O"", ""O"", ""O"", ""O"", ""O"", ""O"", ""O"", ""O"", ""O"", ""O"", ""O"", ""O"", ""O"", ""O"", ""O"", ""O"", ""O"", ""O"", ""O"", ""O"", ""O"", ""O"", ""O"", ""O"", ""O"", ""O"", ""O"", ""O"", ""O"", ""O"", ""O"", ""O"", ""O"", ""O"", ""O""]"
24,Kể cho tôi một câu chuyện vui đi,"[""O"", ""O"", ""O"", ""O"", ""O"", ""O"", ""O"", ""O"", ""O"", ""O"", ""O"", ""O"", ""O"", ""O"", ""O"", ""O"", ""O"", ""O"", ""O"", ""O"", ""O"", ""O"", ""O"", ""O"", ""O"", ""O"", ""O"", ""O"", ""O"", ""O"", ""O"", ""O""]"
25,Đổ xăng 70 nghìn rồi,"[""O"", ""O"", ""O"", ""O"", ""O"", ""O"", ""O"", ""O"", ""B-AMOUNT"", ""I-AMOUNT"", ""I-AMOUNT"", ""I-AMOUNT"", ""I-AMOUNT"", ""I-AMOUNT"", ""I-AMOUNT"", ""I-AMOUNT"", ""O"", ""O"", ""O"", ""O""]"
26,Sáng nay mua xôi 20k,"[""O"", ""O"", ""O"", ""O"", ""O"", ""O"", ""O"", ""O"", ""O"", ""O"", ""O"", ""O"", ""O"", ""O"", ""O"", ""O"", ""O"", ""B-AMOUNT"", ""I-AMOUNT"", ""I-AMOUNT""]"
27,Ăn trưa hết 65 nghìn,"[""O"", ""O"", ""O"", ""O"", ""O"", ""O"", ""O"", ""O"", ""O"", ""O"", ""O"", ""O"", ""B-AMOUNT"", ""I-AMOUNT"", ""I-AMOUNT"", ""I-AMOUNT"", ""I-AMOUNT"", ""I-AMOUNT"", ""I-AMOUNT"", ""I-AMOUNT""]"
28,Mới cafe 45k,"[""O"", ""O"", ""O"", ""O"", ""O"", ""O"", ""O"", ""O"", ""O"", ""B-AMOUNT"", ""I-AMOUNT"", ""I-AMOUNT""]"
29,Tối qua đi xem phim hết 180k,"[""O"", ""O"", ""O"", ""O"", ""O"", ""O"", ""O"", ""O"", ""O"", ""O"", ""O"", ""O"", ""O"", ""O"", ""O"", ""O"", ""O"", ""O"", ""O"", ""O"", ""O"", ""O"", ""O"", ""O"", ""B-AMOUNT"", ""I-AMOUNT"", ""I-AMOUNT"", ""I-AMOUNT""]"
30,Vừa thanh toán tiền điện 520 nghìn,"[""O"", ""O"", ""O"", ""O"", ""O"", ""O"", ""O"", ""O"", ""O"", ""O"", ""O"", ""O"", ""O"", ""O"", ""O"", ""O"", ""O"", ""O"", ""O"", ""O"", ""O"", ""O"", ""O"", ""O"", ""O"", ""B-AMOUNT"", ""I-AMOUNT"", ""I-AMOUNT"", ""I-AMOUNT"", ""I-AMOUNT"", ""I-AMOUNT"", ""I-AMOUNT"", ""I-AMOUNT"", ""I-AMOUNT""]"
31,Mua sách hết 120k,"[""O"", ""O"", ""O"", ""O"", ""O"", ""O"", ""O"", ""O"", ""O"", ""O"", ""O"", ""O"", ""O"", ""B-AMOUNT"", ""I-AMOUNT"", ""I-AMOUNT"", ""I-AMOUNT""]"
32,Đi taxi mất 90k,"[""O"", ""O"", ""O"", ""B-MERCHANT"", ""I-MERCHANT"", ""I-MERCHANT"", ""I-MERCHANT"", ""O"", ""O"", ""O"", ""O"", ""O"", ""B-AMOUNT"", ""I-AMOUNT"", ""I-AMOUNT""]"
33,Tháng này vừa đóng tiền nhà 5 triệu,"[""B-PERIOD"", ""I-PERIOD"", ""I-PERIOD"", ""I-PERIOD"", ""I-PERIOD"", ""I-PERIOD"", ""I-PERIOD"", ""I-PERIOD"", ""I-PERIOD"", ""O"", ""O"", ""O"", ""O"", ""O"", ""O"", ""O"", ""O"", ""O"", ""O"", ""O"", ""O"", ""O"", ""O"", ""O"", ""O"", ""O"", ""O"", ""O"", ""B-AMOUNT"", ""I-AMOUNT"", ""I-AMOUNT"", ""I-AMOUNT"", ""I-AMOUNT"", ""I-AMOUNT"", ""I-AMOUNT""]"
34,Mua thuốc hết 150 nghìn,"[""O"", ""O"", ""O"", ""O"", ""O"", ""O"", ""O"", ""O"", ""O"", ""O"", ""O"", ""O"", ""O"", ""O"", ""B-AMOUNT"", ""I-AMOUNT"", ""I-AMOUNT"", ""I-AMOUNT"", ""I-AMOUNT"", ""I-AMOUNT"", ""I-AMOUNT"", ""I-AMOUNT"", ""I-AMOUNT""]"
35,Hôm qua shopping hết 700k,"[""O"", ""O"", ""O"", ""O"", ""O"", ""O"", ""O"", ""O"", ""O"", ""O"", ""O"", ""O"", ""O"", ""O"", ""O"", ""O"", ""O"", ""O"", ""O"", ""O"", ""O"", ""B-AMOUNT"", ""I-AMOUNT"", ""I-AMOUNT"", ""I-AMOUNT""]"
36,Ăn sáng 30 nghìn,"[""O"", ""O"", ""O"", ""O"", ""O"", ""O"", ""O"", ""O"", ""B-AMOUNT"", ""I-AMOUNT"", ""I-AMOUNT"", ""I-AMOUNT"", ""I-AMOUNT"", ""I-AMOUNT"", ""I-AMOUNT"", ""I-AMOUNT""]"
37,Đổ đầy bình xăng hết 60k,"[""O"", ""O"", ""O"", ""O"", ""O"", ""O"", ""O"", ""O"", ""O"", ""O"", ""O"", ""O"", ""O"", ""O"", ""O"", ""O"", ""O"", ""O"", ""O"", ""O"", ""O"", ""B-AMOUNT"", ""I-AMOUNT"", ""I-AMOUNT""]"
38,Mua vé xe 200k,"[""O"", ""O"", ""O"", ""O"", ""O"", ""O"", ""O"", ""O"", ""O"", ""O"", ""B-AMOUNT"", ""I-AMOUNT"", ""I-AMOUNT"", ""I-AMOUNT""]"
39,Vừa trả tiền internet 300 nghìn,"[""O"", ""O"", ""O"", ""O"", ""O"", ""O"", ""O"", ""O"", ""O"", ""O"", ""O"", ""O"", ""O"", ""O"", ""O"", ""O"", ""O"", ""O"", ""O"", ""O"", ""O"", ""O"", ""B-AMOUNT"", ""I-AMOUNT"", ""I-AMOUNT"", ""I-AMOUNT"", ""I-AMOUNT"", ""I-AMOUNT"", ""I-AMOUNT"", ""I-AMOUNT"", ""I-AMOUNT""]"
40,Mới mua cái áo 350k,"[""O"", ""O"", ""O"", ""O"", ""O"", ""O"", ""O"", ""O"", ""O"", ""O"", ""O"", ""O"", ""O"", ""O"", ""O"", ""B-AMOUNT"", ""I-AMOUNT"", ""I-AMOUNT"", ""I-AMOUNT""]"
41,Trưa nay ăn cơm hết 40k,"[""O"", ""O"", ""O"", ""O"", ""O"", ""O"", ""O"", ""O"", ""O"", ""O"", ""O"", ""O"", ""O"", ""O"", ""O"", ""O"", ""O"", ""O"", ""O"", ""O"", ""B-AMOUNT"", ""I-AMOUNT"", ""I-AMOUNT""]"
42,Mình vừa mua đồ dùng học tập 250 nghìn,"[""O"", ""O"", ""O"", ""O"", ""O"", ""O"", ""O"", ""O"", ""O"", ""O"", ""O"", ""O"", ""O"", ""O"", ""O"", ""O"", ""O"", ""O"", ""O"", ""O"", ""O"", ""O"", ""O"", ""O"", ""O"", ""O"", ""O"", ""O"", ""O"", ""B-AMOUNT"", ""I-AMOUNT"", ""I-AMOUNT"", ""I-AMOUNT"", ""I-AMOUNT"", ""I-AMOUNT"", ""I-AMOUNT"", ""I-AMOUNT"", ""I-AMOUNT""]"
43,Đi Grab hết 75k,"[""O"", ""O"", ""O"", ""B-MERCHANT"", ""I-MERCHANT"", ""I-MERCHANT"", ""I-MERCHANT"", ""O"", ""O"", ""O"", ""O"", ""O"", ""B-AMOUNT"", ""I-AMOUNT"", ""I-AMOUNT""]"
44,Cuối tuần đi chơi tốn 500k,"[""O"", ""O"", ""O"", ""O"", ""O"", ""O"", ""O"", ""O"", ""O"", ""O"", ""O"", ""O"", ""O"", ""O"", ""O"", ""O"", ""O"", ""O"", ""O"", ""O"", ""O"", ""O"", ""B-AMOUNT"", ""I-AMOUNT"", ""I-AMOUNT"", ""I-AMOUNT""]"
45,Mua bánh sinh nhật 300 nghìn,"[""O"", ""O"", ""O"", ""O"", ""O"", ""O"", ""O"", ""O"", ""O"", ""O"", ""O"", ""O"", ""O"", ""O"", ""O"", ""O"", ""O"", ""O"", ""O"", ""B-AMOUNT"", ""I-AMOUNT"", ""I-AMOUNT"", ""I-AMOUNT"", ""I-AMOUNT"", ""I-AMOUNT"", ""I-AMOUNT"", ""I-AMOUNT"", ""I-AMOUNT""]"
46,Đã thanh toán hóa đơn điện nước 800k,"[""O"", ""O"", ""O"", ""O"", ""O"", ""O"", ""O"", ""O"", ""O"", ""O"", ""O"", ""O"", ""O"", ""O"", ""O"", ""O"", ""O"", ""O"", ""O"", ""O"", ""O"", ""O"", ""O"", ""O"", ""O"", ""O"", ""O"", ""O"", ""O"", ""O"", ""O"", ""O"", ""B-AMOUNT"", ""I-AMOUNT"", ""I-AMOUNT"", ""I-AMOUNT""]"
47,Mua thuốc cảm 60k rồi,"[""O"", ""O"", ""O"", ""O"", ""O"", ""O"", ""O"", ""O"", ""O"", ""O"", ""O"", ""O"", ""O"", ""O"", ""B-AMOUNT"", ""I-AMOUNT"", ""I-AMOUNT"", ""O"", ""O"", ""O"", ""O""]"
48,Vừa mua tai nghe hết 1 triệu,"[""O"", ""O"", ""O"", ""O"", ""O"", ""O"", ""O"", ""O"", ""O"", ""O"", ""O"", ""O"", ""O"", ""O"", ""O"", ""O"", ""O"", ""O"", ""O"", ""O"", ""O"", ""B-AMOUNT"", ""I-AMOUNT"", ""I-AMOUNT"", ""I-AMOUNT"", ""I-AMOUNT"", ""I-AMOUNT"", ""I-AMOUNT""]"
49,Ăn lẩu hết 450 nghìn,"[""O"", ""O"", ""O"", ""O"", ""O"", ""O"", ""O"", ""O"", ""O"", ""O"", ""O"", ""B-AMOUNT"", ""I-AMOUNT"", ""I-AMOUNT"", ""I-AMOUNT"", ""I-AMOUNT"", ""I-AMOUNT"", ""I-AMOUNT"", ""I-AMOUNT"", ""I-AMOUNT""]"
50,Mới trả tiền thuê nhà 7 củ,"[""O"", ""O"", ""O"", ""O"", ""O"", ""O"", ""O"", ""O"", ""O"", ""O"", ""O"", ""O"", ""O"", ""O"", ""O"", ""O"", ""O"", ""O"", ""O"", ""O"", ""O"", ""O"", ""B-AMOUNT"", ""I-AMOUNT"", ""I-AMOUNT"", ""I-AMOUNT""]"
51,Công ty chuyển lương 15 triệu rồi,"[""O"", ""O"", ""O"", ""O"", ""O"", ""O"", ""O"", ""O"", ""O"", ""O"", ""O"", ""O"", ""O"", ""O"", ""O"", ""O"", ""O"", ""O"", ""O"", ""O"", ""O"", ""B-AMOUNT"", ""I-AMOUNT"", ""I-AMOUNT"", ""I-AMOUNT"", ""I-AMOUNT"", ""I-AMOUNT"", ""I-AMOUNT"", ""I-AMOUNT"", ""O"", ""O"", ""O"", ""O""]"
52,Vừa nhận lương tháng này 12 củ,"[""O"", ""O"", ""O"", ""O"", ""O"", ""O"", ""O"", ""O"", ""O"", ""O"", ""O"", ""O"", ""O"", ""O"", ""O"", ""B-PERIOD"", ""I-PERIOD"", ""I-PERIOD"", ""I-PERIOD"", ""I-PERIOD"", ""I-PERIOD"", ""I-PERIOD"", ""I-PERIOD"", ""I-PERIOD"", ""O"", ""B-AMOUNT"", ""I-AMOUNT"", ""I-AMOUNT"", ""I-AMOUNT"", ""I-AMOUNT""]"
53,Mình được thưởng 2 triệu,"[""O"", ""O"", ""O"", ""O"", ""O"", ""O"", ""O"", ""O"", ""O"", ""O"", ""O"", ""O"", ""O"", ""O"", ""O"", ""O"", ""O"", ""B-AMOUNT"", ""I-AMOUNT"", ""I-AMOUNT"", ""I-AMOUNT"", ""I-AMOUNT"", ""I-AMOUNT"", ""I-AMOUNT""]"
54,Mẹ gửi cho 500k,"[""O"", ""O"", ""O"", ""O"", ""O"", ""O"", ""O"", ""O"", ""O"", ""O"", ""O"", ""B-AMOUNT"", ""I-AMOUNT"", ""I-AMOUNT"", ""I-AMOUNT""]"
55,Vừa nhận tiền freelance 3 triệu,"[""O"", ""O"", ""O"", ""O"", ""O"", ""O"", ""O"", ""O"", ""O"", ""O"", ""O"", ""O"", ""O"", ""O"", ""O"", ""O"", ""O"", ""O"", ""O"", ""O"", ""O"", ""O"", ""O"", ""O"", ""B-AMOUNT"", ""I-AMOUNT"", ""I-AMOUNT"", ""I-AMOUNT"", ""I-AMOUNT"", ""I-AMOUNT"", ""I-AMOUNT""]"
56,Công ty thưởng Tết 10 triệu,"[""O"", ""O"", ""O"", ""O"", ""O"", ""O"", ""O"", ""O"", ""O"", ""O"", ""O"", ""O"", ""O"", ""O"", ""O"", ""O"", ""O"", ""O"", ""O"", ""B-AMOUNT"", ""I-AMOUNT"", ""I-AMOUNT"", ""I-AMOUNT"", ""I-AMOUNT"", ""I-AMOUNT"", ""I-AMOUNT"", ""I-AMOUNT""]"
57,Hôm nay được người ta trả nợ 1 triệu,"[""O"", ""O"", ""O"", ""O"", ""O"", ""O"", ""O"", ""O"", ""O"", ""O"", ""O"", ""O"", ""O"", ""O"", ""O"", ""O"", ""O"", ""O"", ""O"", ""O"", ""O"", ""O"", ""O"", ""O"", ""O"", ""O"", ""O"", ""O"", ""O"", ""B-AMOUNT"", ""I-AMOUNT"", ""I-AMOUNT"", ""I-AMOUNT"", ""I-AMOUNT"", ""I-AMOUNT"", ""I-AMOUNT""]"
58,Vừa nhận 800 nghìn tiền làm thêm,"[""O"", ""O"", ""O"", ""O"", ""O"", ""O"", ""O"", ""O"", ""O"", ""B-AMOUNT"", ""I-AMOUNT"", ""I-AMOUNT"", ""I-AMOUNT"", ""I-AMOUNT"", ""I-AMOUNT"", ""I-AMOUNT"", ""I-AMOUNT"", ""I-AMOUNT"", ""O"", ""O"", ""O"", ""O"", ""O"", ""O"", ""O"", ""O"", ""O"", ""O"", ""O"", ""O"", ""O"", ""O""]"
59,Khách mới chuyển mình 5 triệu,"[""O"", ""O"", ""O"", ""O"", ""O"", ""O"", ""O"", ""O"", ""O"", ""O"", ""O"", ""O"", ""O"", ""O"", ""O"", ""O"", ""O"", ""O"", ""O"", ""O"", ""O"", ""O"", ""B-AMOUNT"", ""I-AMOUNT"", ""I-AMOUNT"", ""I-AMOUNT"", ""I-AMOUNT"", ""I-AMOUNT"", ""I-AMOUNT""]"
60,Mình vừa nhận tiền bán đồ cũ 700k,"[""O"", ""O"", ""O"", ""O"", ""O"", ""O"", ""O"", ""O"", ""O"", ""O"", ""O"", ""O"", ""O"", ""O"", ""O"", ""O"", ""O"", ""O"", ""O"", ""O"", ""O"", ""O"", ""O"", ""O"", ""O"", ""O"", ""O"", ""O"", ""O"", ""B-AMOUNT"", ""I-AMOUNT"", ""I-AMOUNT"", ""I-AMOUNT""]"
61,Lương về tài khoản rồi 18 triệu,"[""O"", ""O"", ""O"", ""O"", ""O"", ""O"", ""O"", ""O"", ""O"", ""O"", ""O"", ""O"", ""O"", ""O"", ""O"", ""O"", ""O"", ""O"", ""O"", ""O"", ""O"", ""O"", ""O"", ""B-AMOUNT"", ""I-AMOUNT"", ""I-AMOUNT"", ""I-AMOUNT"", ""I-AMOUNT"", ""I-AMOUNT"", ""I-AMOUNT"", ""I-AMOUNT""]"
62,Được thưởng thêm 500 nghìn,"[""O"", ""O"", ""O"", ""O"", ""O"", ""O"", ""O"", ""O"", ""O"", ""O"", ""O"", ""O"", ""O"", ""O"", ""O"", ""O"", ""O"", ""B-AMOUNT"", ""I-AMOUNT"", ""I-AMOUNT"", ""I-AMOUNT"", ""I-AMOUNT"", ""I-AMOUNT"", ""I-AMOUNT"", ""I-AMOUNT"", ""I-AMOUNT""]"
63,Anh trai gửi mình 2 củ,"[""O"", ""O"", ""O"", ""O"", ""O"", ""O"", ""O"", ""O"", ""O"", ""O"", ""O"", ""O"", ""O"", ""O"", ""O"", ""O"", ""O"", ""O"", ""B-AMOUNT"", ""I-AMOUNT"", ""I-AMOUNT"", ""I-AMOUNT""]"
64,Vừa nhận tiền dự án 20 triệu,"[""O"", ""O"", ""O"", ""O"", ""O"", ""O"", ""O"", ""O"", ""O"", ""O"", ""O"", ""O"", ""O"", ""O"", ""O"", ""O"", ""O"", ""O"", ""O"", ""O"", ""B-AMOUNT"", ""I-AMOUNT"", ""I-AMOUNT"", ""I-AMOUNT"", ""I-AMOUNT"", ""I-AMOUNT"", ""I-AMOUNT"", ""I-AMOUNT""]"
65,Có người chuyển cho mình 300k,"[""O"", ""O"", ""O"", ""O"", ""O"", ""O"", ""O"", ""O"", ""O"", ""O"", ""O"", ""O"", ""O"", ""O"", ""O"", ""O"", ""O"", ""O"", ""O"", ""O"", ""O"", ""O"", ""O"", ""O"", ""O"", ""B-AMOUNT"", ""I-AMOUNT"", ""I-AMOUNT"", ""I-AMOUNT""]"
66,Tiền lương tháng này vừa về,"[""O"", ""O"", ""O"", ""O"", ""O"", ""O"", ""O"", ""O"", ""O"", ""O"", ""O"", ""B-PERIOD"", ""I-PERIOD"", ""I-PERIOD"", ""I-PERIOD"", ""I-PERIOD"", ""I-PERIOD"", ""I-PERIOD"", ""I-PERIOD"", ""I-PERIOD"", ""O"", ""O"", ""O"", ""O"", ""O"", ""O"", ""O""]"
67,Mình mới được trả công 1 triệu rưỡi,"[""O"", ""O"", ""O"", ""O"", ""O"", ""O"", ""O"", ""O"", ""O"", ""O"", ""O"", ""O"", ""O"", ""O"", ""O"", ""O"", ""O"", ""O"", ""O"", ""O"", ""O"", ""O"", ""O"", ""B-AMOUNT"", ""I-AMOUNT"", ""I-AMOUNT"", ""I-AMOUNT"", ""I-AMOUNT"", ""I-AMOUNT"", ""I-AMOUNT"", ""I-AMOUNT"", ""I-AMOUNT"", ""I-AMOUNT"", ""I-AMOUNT"", ""I-AMOUNT""]"
68,Nhận tiền bán chiếc điện thoại cũ 4 triệu,"[""O"", ""O"", ""O"", ""O"", ""O"", ""O"", ""O"", ""O"", ""O"", ""O"", ""O"", ""O"", ""O"", ""O"", ""O"", ""O"", ""O"", ""O"", ""O"", ""O"", ""O"", ""O"", ""O"", ""O"", ""O"", ""O"", ""O"", ""O"", ""O"", ""O"", ""O"", ""O"", ""O"", ""O"", ""B-AMOUNT"", ""I-AMOUNT"", ""I-AMOUNT"", ""I-AMOUNT"", ""I-AMOUNT"", ""I-AMOUNT"", ""I-AMOUNT""]"
69,Vừa được hoàn tiền 200k,"[""O"", ""O"", ""O"", ""O"", ""O"", ""O"", ""O"", ""O"", ""O"", ""O"", ""O"", ""O"", ""O"", ""O"", ""O"", ""O"", ""O"", ""O"", ""O"", ""B-AMOUNT"", ""I-AMOUNT"", ""I-AMOUNT"", ""I-AMOUNT""]"
70,Có thêm 5 triệu tiền thưởng,"[""O"", ""O"", ""O"", ""O"", ""O"", ""O"", ""O"", ""O"", ""B-AMOUNT"", ""I-AMOUNT"", ""I-AMOUNT"", ""I-AMOUNT"", ""I-AMOUNT"", ""I-AMOUNT"", ""I-AMOUNT"", ""O"", ""O"", ""O"", ""O"", ""O"", ""O"", ""O"", ""O"", ""O"", ""O"", ""O"", ""O""]"
71,Tài khoản hiện còn bao nhiêu tiền?,"[""O"", ""O"", ""O"", ""O"", ""O"", ""O"", ""O"", ""O"", ""O"", ""O"", ""O"", ""O"", ""O"", ""O"", ""O"", ""O"", ""O"", ""O"", ""O"", ""O"", ""O"", ""O"", ""O"", ""O"", ""O"", ""O"", ""O"", ""O"", ""O"", ""O"", ""O"", ""O"", ""O"", ""O""]"
72,Cho mình biết số dư hiện tại với,"[""O"", ""O"", ""O"", ""O"", ""O"", ""O"", ""O"", ""O"", ""O"", ""O"", ""O"", ""O"", ""O"", ""O"", ""O"", ""O"", ""O"", ""O"", ""O"", ""O"", ""O"", ""O"", ""O"", ""O"", ""O"", ""O"", ""O"", ""O"", ""O"", ""O"", ""O"", ""O""]"
73,Giờ mình còn bao nhiêu?,"[""O"", ""O"", ""O"", ""O"", ""O"", ""O"", ""O"", ""O"", ""O"", ""O"", ""O"", ""O"", ""O"", ""O"", ""O"", ""O"", ""O"", ""O"", ""O"", ""O"", ""O"", ""O"", ""O""]"
74,Ví còn bao nhiêu vậy?,"[""O"", ""O"", ""O"", ""O"", ""O"", ""O"", ""O"", ""O"", ""O"", ""O"", ""O"", ""O"", ""O"", ""O"", ""O"", ""O"", ""O"", ""O"", ""O"", ""O"", ""O""]"
75,Tôi còn dư bao nhiêu tiền?,"[""O"", ""O"", ""O"", ""O"", ""O"", ""O"", ""O"", ""O"", ""O"", ""O"", ""O"", ""O"", ""O"", ""O"", ""O"", ""O"", ""O"", ""O"", ""O"", ""O"", ""O"", ""O"", ""O"", ""O"", ""O"", ""O""]"
76,Số tiền trong tài khoản của tôi là bao nhiêu?,"[""O"", ""O"", ""O"", ""O"", ""O"", ""O"", ""O"", ""O"", ""O"", ""O"", ""O"", ""O"", ""O"", ""O"", ""O"", ""O"", ""O"", ""O"", ""O"", ""O"", ""O"", ""O"", ""O"", ""O"", ""O"", ""O"", ""O"", ""O"", ""O"", ""O"", ""O"", ""O"", ""O"", ""O"", ""O"", ""O"", ""O"", ""O"", ""O"", ""O"", ""O"", ""O"", ""O"", ""O"", ""O""]"
77,Hiện tại còn lại bao nhiêu?,"[""O"", ""O"", ""O"", ""O"", ""O"", ""O"", ""O"", ""O"", ""O"", ""O"", ""O"", ""O"", ""O"", ""O"", ""O"", ""O"", ""O"", ""O"", ""O"", ""O"", ""O"", ""O"", ""O"", ""O"", ""O"", ""O"", ""O""]"
78,Mình còn bao nhiêu trong ví?,"[""O"", ""O"", ""O"", ""O"", ""O"", ""O"", ""O"", ""O"", ""O"", ""O"", ""O"", ""O"", ""O"", ""O"", ""O"", ""O"", ""O"", ""O"", ""O"", ""O"", ""O"", ""O"", ""O"", ""O"", ""O"", ""O"", ""O"", ""O""]"
79,Tài chính hiện tại còn dư bao nhiêu?,"[""O"", ""O"", ""O"", ""O"", ""O"", ""O"", ""O"", ""O"", ""O"", ""O"", ""O"", ""O"", ""O"", ""O"", ""O"", ""O"", ""O"", ""O"", ""O"", ""O"", ""O"", ""O"", ""O"", ""O"", ""O"", ""O"", ""O"", ""O"", ""O"", ""O"", ""O"", ""O"", ""O"", ""O"", ""O"", ""O""]"
80,Số dư của mình giờ thế nào?,"[""O"", ""O"", ""O"", ""O"", ""O"", ""O"", ""O"", ""O"", ""O"", ""O"", ""O"", ""O"", ""O"", ""O"", ""O"", ""O"", ""O"", ""O"", ""O"", ""O"", ""O"", ""O"", ""O"", ""O"", ""O"", ""O"", ""O""]"
81,Tháng này tổng chi bao nhiêu rồi?,"[""B-PERIOD"", ""I-PERIOD"", ""I-PERIOD"", ""I-PERIOD"", ""I-PERIOD"", ""I-PERIOD"", ""I-PERIOD"", ""I-PERIOD"", ""I-PERIOD"", ""O"", ""O"", ""O"", ""O"", ""O"", ""O"", ""O"", ""O"", ""O"", ""O"", ""O"", ""O"", ""O"", ""O"", ""O"", ""O"", ""O"", ""O"", ""O"", ""O"", ""O"", ""O"", ""O"", ""O""]"
82,Từ đầu tháng đến giờ mình tiêu bao nhiêu?,"[""B-PERIOD"", ""I-PERIOD"", ""I-PERIOD"", ""I-PERIOD"", ""I-PERIOD"", ""I-PERIOD"", ""I-PERIOD"", ""I-PERIOD"", ""I-PERIOD"", ""I-PERIOD"", ""I-PERIOD"", ""I-PERIOD"", ""I-PERIOD"", ""I-PERIOD"", ""I-PERIOD"", ""I-PERIOD"", ""I-PERIOD"", ""I-PERIOD"", ""I-PERIOD"", ""I-PERIOD"", ""O"", ""O"", ""O"", ""O"", ""O"", ""O"", ""O"", ""O"", ""O"", ""O"", ""O"", ""O"", ""O"", ""O"", ""O"", ""O"", ""O"", ""O"", ""O"", ""O"", ""O""]"
83,Tuần này chi hết bao nhiêu tiền?,"[""B-PERIOD"", ""I-PERIOD"", ""I-PERIOD"", ""I-PERIOD"", ""I-PERIOD"", ""I-PERIOD"", ""I-PERIOD"", ""I-PERIOD"", ""O"", ""O"", ""O"", ""O"", ""O"", ""O"", ""O"", ""O"", ""O"", ""O"", ""O"", ""O"", ""O"", ""O"", ""O"", ""O"", ""O"", ""O"", ""O"", ""O"", ""O"", ""O"", ""O"", ""O""]"
84,Hôm nay mình đã tiêu bao nhiêu?,"[""O"", ""O"", ""O"", ""O"", ""O"", ""O"", ""O"", ""O"", ""O"", ""O"", ""O"", ""O"", ""O"", ""O"", ""O"", ""O"", ""O"", ""O"", ""O"", ""O"", ""O"", ""O"", ""O"", ""O"", ""O"", ""O"", ""O"", ""O"", ""O"", ""O"", ""O""]"
85,Tháng trước tổng cộng tiêu bao nhiêu?,"[""B-PERIOD"", ""I-PERIOD"", ""I-PERIOD"", ""I-PERIOD"", ""I-PERIOD"", ""I-PERIOD"", ""I-PERIOD"", ""I-PERIOD"", ""I-PERIOD"", ""I-PERIOD"", ""I-PERIOD"", ""O"", ""O"", ""O"", ""O"", ""O"", ""O"", ""O"", ""O"", ""O"", ""O"", ""O"", ""O"", ""O"", ""O"", ""O"", ""O"", ""O"", ""O"", ""O"", ""O"", ""O"", ""O"", ""O"", ""O"", ""O"", ""O""]"
86,Trong 7 ngày qua tôi chi bao nhiêu?,"[""O"", ""O"", ""O"", ""O"", ""O"", ""O"", ""B-PERIOD"", ""I-PERIOD"", ""I-PERIOD"", ""I-PERIOD"", ""I-PERIOD"", ""I-PERIOD"", ""O"", ""O"", ""O"", ""O"", ""O"", ""O"", ""O"", ""O"", ""O"", ""O"", ""O"", ""O"", ""O"", ""O"", ""O"", ""O"", ""O"", ""O"", ""O"", ""O"", ""O"", ""O"", ""O""]"
87,Năm nay mình đã tiêu tổng cộng bao nhiêu?,"[""B-PERIOD"", ""I-PERIOD"", ""I-PERIOD"", ""I-PERIOD"", ""I-PERIOD"", ""I-PERIOD"", ""I-PERIOD"", ""O"", ""O"", ""O"", ""O"", ""O"", ""O"", ""O"", ""O"", ""O"", ""O"", ""O"", ""O"", ""O"", ""O"", ""O"", ""O"", ""O"", ""O"", ""O"", ""O"", ""O"", ""O"", ""O"", ""O"", ""O"", ""O"", ""O"", ""O"", ""O"", ""O"", ""O"", ""O"", ""O"", ""O""]"
88,Hôm qua mình tiêu hết bao nhiêu?,"[""O"", ""O"", ""O"", ""O"", ""O"", ""O"", ""O"", ""O"", ""O"", ""O"", ""O"", ""O"", ""O"", ""O"", ""O"", ""O"", ""O"", ""O"", ""O"", ""O"", ""O"", ""O"", ""O"", ""O"", ""O"", ""O"", ""O"", ""O"", ""O"", ""O"", ""O"", ""O""]"
89,Cho tôi xem tổng tiền đã chi tháng này,"[""O"", ""O"", ""O"", ""O"", ""O"", ""O"", ""O"", ""O"", ""O"", ""O"", ""O"", ""O"", ""O"", ""O"", ""O"", ""O"", ""O"", ""O"", ""O"", ""O"", ""O"", ""O"", ""O"", ""O"", ""O"", ""O"", ""O"", ""O"", ""O"", ""B-PERIOD"", ""I-PERIOD"", ""I-PERIOD"", ""I-PERIOD"", ""I-PERIOD"", ""I-PERIOD"", ""I-PERIOD"", ""I-PERIOD"", ""I-PERIOD""]"
90,Chi tiêu tuần này của tôi là bao nhiêu?,"[""O"", ""O"", ""O"", ""O"", ""O"", ""O"", ""O"", ""O"", ""O"", ""B-PERIOD"", ""I-PERIOD"", ""I-PERIOD"", ""I-PERIOD"", ""I-PERIOD"", ""I-PERIOD"", ""I-PERIOD"", ""I-PERIOD"", ""O"", ""O"", ""O"", ""O"", ""O"", ""O"", ""O"", ""O"", ""O"", ""O"", ""O"", ""O"", ""O"", ""O"", ""O"", ""O"", ""O"", ""O"", ""O"", ""O"", ""O"", ""O""]"
91,Tiền ăn tháng này hết bao nhiêu rồi?,"[""O"", ""O"", ""O"", ""O"", ""O"", ""O"", ""O"", ""O"", ""B-PERIOD"", ""I-PERIOD"", ""I-PERIOD"", ""I-PERIOD"", ""I-PERIOD"", ""I-PERIOD"", ""I-PERIOD"", ""I-PERIOD"", ""I-PERIOD"", ""O"", ""O"", ""O"", ""O"", ""O"", ""O"", ""O"", ""O"", ""O"", ""O"", ""O"", ""O"", ""O"", ""O"", ""O"", ""O"", ""O"", ""O"", ""O""]"
92,Tháng này tôi tốn bao nhiêu tiền đi lại?,"[""B-PERIOD"", ""I-PERIOD"", ""I-PERIOD"", ""I-PERIOD"", ""I-PERIOD"", ""I-PERIOD"", ""I-PERIOD"", ""I-PERIOD"", ""I-PERIOD"", ""O"", ""O"", ""O"", ""O"", ""O"", ""O"", ""O"", ""O"", ""O"", ""O"", ""O"", ""O"", ""O"", ""O"", ""O"", ""O"", ""O"", ""O"", ""O"", ""O"", ""O"", ""O"", ""O"", ""O"", ""O"", ""O"", ""O"", ""O"", ""O"", ""O"", ""O""]"
93,Tôi đã tiêu bao nhiêu cho mua sắm?,"[""O"", ""O"", ""O"", ""O"", ""O"", ""O"", ""O"", ""O"", ""O"", ""O"", ""O"", ""O"", ""O"", ""O"", ""O"", ""O"", ""O"", ""O"", ""O"", ""O"", ""O"", ""O"", ""O"", ""O"", ""O"", ""O"", ""O"", ""O"", ""O"", ""O"", ""O"", ""O"", ""O"", ""O""]"
94,Tiền điện tháng này bao nhiêu?,"[""O"", ""O"", ""O"", ""O"", ""O"", ""O"", ""O"", ""O"", ""O"", ""O"", ""B-PERIOD"", ""I-PERIOD"", ""I-PERIOD"", ""I-PERIOD"", ""I-PERIOD"", ""I-PERIOD"", ""I-PERIOD"", ""I-PERIOD"", ""I-PERIOD"", ""O"", ""O"", ""O"", ""O"", ""O"", ""O"", ""O"", ""O"", ""O"", ""O"", ""O""]"
95,Tháng này tiền thuê nhà hết bao nhiêu?,"[""B-PERIOD"", ""I-PERIOD"", ""I-PERIOD"", ""I-PERIOD"", ""I-PERIOD"", ""I-PERIOD"", ""I-PERIOD"", ""I-PERIOD"", ""I-PERIOD"", ""O"", ""O"", ""O"", ""O"", ""O"", ""O"", ""O"", ""O"", ""O"", ""O"", ""O"", ""O"", ""O"", ""O"", ""O"", ""O"", ""O"", ""O"", ""O"", ""O"", ""O"", ""O"", ""O"", ""O"", ""O"", ""O"", ""O"", ""O"", ""O""]"
96,Tôi đã chi bao nhiêu cho giải trí?,"[""O"", ""O"", ""O"", ""O"", ""O"", ""O"", ""O"", ""O"", ""O"", ""O"", ""O"", ""O"", ""O"", ""O"", ""O"", ""O"", ""O"", ""O"", ""O"", ""O"", ""O"", ""O"", ""O"", ""O"", ""O"", ""O"", ""O"", ""O"", ""O"", ""O"", ""O"", ""O"", ""O"", ""O""]"
97,Tiền thuốc men tháng này hết bao nhiêu?,"[""O"", ""O"", ""O"", ""O"", ""O"", ""O"", ""O"", ""O"", ""O"", ""O"", ""O"", ""O"", ""O"", ""O"", ""O"", ""B-PERIOD"", ""I-PERIOD"", ""I-PERIOD"", ""I-PERIOD"", ""I-PERIOD"", ""I-PERIOD"", ""I-PERIOD"", ""I-PERIOD"", ""I-PERIOD"", ""O"", ""O"", ""O"", ""O"", ""O"", ""O"", ""O"", ""O"", ""O"", ""O"", ""O"", ""O"", ""O"", ""O"", ""O""]"
98,Khoản ăn uống tuần này hết bao nhiêu?,"[""O"", ""O"", ""O"", ""O"", ""O"", ""O"", ""O"", ""O"", ""O"", ""O"", ""O"", ""O"", ""O"", ""O"", ""B-PERIOD"", ""I-PERIOD"", ""I-PERIOD"", ""I-PERIOD"", ""I-PERIOD"", ""I-PERIOD"", ""I-PERIOD"", ""I-PERIOD"", ""O"", ""O"", ""O"", ""O"", ""O"", ""O"", ""O"", ""O"", ""O"", ""O"", ""O"", ""O"", ""O"", ""O"", ""O""]"
99,Tháng này tôi tiêu bao nhiêu cho giáo dục?,"[""B-PERIOD"", ""I-PERIOD"", ""I-PERIOD"", ""I-PERIOD"", ""I-PERIOD"", ""I-PERIOD"", ""I-PERIOD"", ""I-PERIOD"", ""I-PERIOD"", ""O"", ""O"", ""O"", ""O"", ""O"", ""O"", ""O"", ""O"", ""O"", ""O"", ""O"", ""O"", ""O"", ""O"", ""O"", ""O"", ""O"", ""O"", ""O"", ""O"", ""O"", ""O"", ""O"", ""O"", ""O"", ""O"", ""O"", ""O"", ""O"", ""O"", ""O"", ""O"", ""O""]"
100,Khoản chi nào đang lớn nhất tháng này?,"[""O"", ""O"", ""O"", ""O"", ""O"", ""O"", ""O"", ""O"", ""O"", ""O"", ""O"", ""O"", ""O"", ""O"", ""O"", ""O"", ""O"", ""O"", ""O"", ""O"", ""O"", ""O"", ""O"", ""O"", ""O"", ""O"", ""O"", ""O"", ""B-PERIOD"", ""I-PERIOD"", ""I-PERIOD"", ""I-PERIOD"", ""I-PERIOD"", ""I-PERIOD"", ""I-PERIOD"", ""I-PERIOD"", ""I-PERIOD"", ""O""]"
101,Đặt ngân sách ăn uống tháng này 2 triệu nhé,"[""O"", ""O"", ""O"", ""O"", ""O"", ""O"", ""O"", ""O"", ""O"", ""O"", ""O"", ""O"", ""O"", ""O"", ""O"", ""O"", ""O"", ""O"", ""O"", ""O"", ""O"", ""O"", ""B-PERIOD"", ""I-PERIOD"", ""I-PERIOD"", ""I-PERIOD"", ""I-PERIOD"", ""I-PERIOD"", ""I-PERIOD"", ""I-PERIOD"", ""I-PERIOD"", ""O"", ""B-BUDGET_LIMIT"", ""I-BUDGET_LIMIT"", ""I-BUDGET_LIMIT"", ""I-BUDGET_LIMIT"", ""I-BUDGET_LIMIT"", ""I-BUDGET_LIMIT"", ""I-BUDGET_LIMIT"", ""O"", ""O"", ""O"", ""O""]"
102,Cho tiền mua sắm tối đa 3 triệu một tháng,"[""O"", ""O"", ""O"", ""O"", ""O"", ""O"", ""O"", ""O"", ""O"", ""O"", ""O"", ""O"", ""O"", ""O"", ""O"", ""O"", ""O"", ""O"", ""O"", ""O"", ""O"", ""O"", ""O"", ""O"", ""B-BUDGET_LIMIT"", ""I-BUDGET_LIMIT"", ""I-BUDGET_LIMIT"", ""I-BUDGET_LIMIT"", ""I-BUDGET_LIMIT"", ""I-BUDGET_LIMIT"", ""I-BUDGET_LIMIT"", ""O"", ""B-PERIOD"", ""I-PERIOD"", ""I-PERIOD"", ""I-PERIOD"", ""I-PERIOD"", ""I-PERIOD"", ""I-PERIOD"", ""I-PERIOD"", ""I-PERIOD""]"
103,Giới hạn chi tiêu giải trí là 1 triệu nhé,"[""O"", ""O"", ""O"", ""O"", ""O"", ""O"", ""O"", ""O"", ""O"", ""O"", ""O"", ""O"", ""O"", ""O"", ""O"", ""O"", ""O"", ""O"", ""O"", ""O"", ""O"", ""O"", ""O"", ""O"", ""O"", ""O"", ""O"", ""O"", ""O"", ""O"", ""B-BUDGET_LIMIT"", ""I-BUDGET_LIMIT"", ""I-BUDGET_LIMIT"", ""I-BUDGET_LIMIT"", ""I-BUDGET_LIMIT"", ""I-BUDGET_LIMIT"", ""I-BUDGET_LIMIT"", ""O"", ""O"", ""O"", ""O""]"
104,Tôi muốn ngân sách đi lại tháng này là 800k,"[""O"", ""O"", ""O"", ""O"", ""O"", ""O"", ""O"", ""O"", ""O"", ""O"", ""O"", ""O"", ""O"", ""O"", ""O"", ""O"", ""O"", ""O"", ""O"", ""O"", ""O"", ""O"", ""O"", ""O"", ""O"", ""O"", ""B-PERIOD"", ""I-PERIOD"", ""I-PERIOD"", ""I-PERIOD"", ""I-PERIOD"", ""I-PERIOD"", ""I-PERIOD"", ""I-PERIOD"", ""I-PERIOD"", ""O"", ""O"", ""O"", ""O"", ""B-BUDGET_LIMIT"", ""I-BUDGET_LIMIT"", ""I-BUDGET_LIMIT"", ""I-BUDGET_LIMIT""]"
105,Đặt mức 500 nghìn cho tiền điện,"[""O"", ""O"", ""O"", ""O"", ""O"", ""O"", ""O"", ""O"", ""B-BUDGET_LIMIT"", ""I-BUDGET_LIMIT"", ""I-BUDGET_LIMIT"", ""I-BUDGET_LIMIT"", ""I-BUDGET_LIMIT"", ""I-BUDGET_LIMIT"", ""I-BUDGET_LIMIT"", ""I-BUDGET_LIMIT"", ""I-BUDGET_LIMIT"", ""O"", ""O"", ""O"", ""O"", ""O"", ""O"", ""O"", ""O"", ""O"", ""O"", ""O"", ""O"", ""O"", ""O""]"
106,Tháng này không được tiêu quá 2 triệu tiền ăn,"[""B-PERIOD"", ""I-PERIOD"", ""I-PERIOD"", ""I-PERIOD"", ""I-PERIOD"", ""I-PERIOD"", ""I-PERIOD"", ""I-PERIOD"", ""I-PERIOD"", ""O"", ""O"", ""O"", ""O"", ""O"", ""O"", ""O"", ""O"", ""O"", ""O"", ""O"", ""O"", ""O"", ""O"", ""O"", ""O"", ""O"", ""O"", ""O"", ""O"", ""O"", ""B-BUDGET_LIMIT"", ""I-BUDGET_LIMIT"", ""I-BUDGET_LIMIT"", ""I-BUDGET_LIMIT"", ""I-BUDGET_LIMIT"", ""I-BUDGET_LIMIT"", ""I-BUDGET_LIMIT"", ""O"", ""O"", ""O"", ""O"", ""O"", ""O"", ""O"", ""O""]"
107,Cho tôi giới hạn mua sắm 5 củ mỗi tháng,"[""O"", ""O"", ""O"", ""O"", ""O"", ""O"", ""O"", ""O"", ""O"", ""O"", ""O"", ""O"", ""O"", ""O"", ""O"", ""O"", ""O"", ""O"", ""O"", ""O"", ""O"", ""O"", ""O"", ""O"", ""O"", ""B-BUDGET_LIMIT"", ""I-BUDGET_LIMIT"", ""I-BUDGET_LIMIT"", ""I-BUDGET_LIMIT"", ""O"", ""B-PERIOD"", ""I-PERIOD"", ""I-PERIOD"", ""I-PERIOD"", ""I-PERIOD"", ""I-PERIOD"", ""I-PERIOD"", ""I-PERIOD"", ""I-PERIOD""]"
108,Đặt ngân sách thuê nhà 7 triệu,"[""O"", ""O"", ""O"", ""O"", ""O"", ""O"", ""O"", ""O"", ""O"", ""O"", ""O"", ""O"", ""O"", ""O"", ""O"", ""O"", ""O"", ""O"", ""O"", ""O"", ""O"", ""O"", ""O"", ""B-BUDGET_LIMIT"", ""I-BUDGET_LIMIT"", ""I-BUDGET_LIMIT"", ""I-BUDGET_LIMIT"", ""I-BUDGET_LIMIT"", ""I-BUDGET_LIMIT"", ""I-BUDGET_LIMIT""]"
109,Tôi muốn giới hạn tiền giải trí ở mức 700 nghìn,"[""O"", ""O"", ""O"", ""O"", ""O"", ""O"", ""O"", ""O"", ""O"", ""O"", ""O"", ""O"", ""O"", ""O"", ""O"", ""O"", ""O"", ""O"", ""O"", ""O"", ""O"", ""O"", ""O"", ""O"", ""O"", ""O"", ""O"", ""O"", ""O"", ""O"", ""O"", ""O"", ""O"", ""O"", ""O"", ""O"", ""O"", ""O"", ""B-BUDGET_LIMIT"", ""I-BUDGET_LIMIT"", ""I-BUDGET_LIMIT"", ""I-BUDGET_LIMIT"", ""I-BUDGET_LIMIT"", ""I-BUDGET_LIMIT"", ""I-BUDGET_LIMIT"", ""I-BUDGET_LIMIT"", ""I-BUDGET_LIMIT""]"
110,Ngân sách cho việc đi lại mỗi tháng là 1 triệu,"[""O"", ""O"", ""O"", ""O"", ""O"", ""O"", ""O"", ""O"", ""O"", ""O"", ""O"", ""O"", ""O"", ""O"", ""O"", ""O"", ""O"", ""O"", ""O"", ""O"", ""O"", ""O"", ""O"", ""O"", ""O"", ""O"", ""B-PERIOD"", ""I-PERIOD"", ""I-PERIOD"", ""I-PERIOD"", ""I-PERIOD"", ""I-PERIOD"", ""I-PERIOD"", ""I-PERIOD"", ""I-PERIOD"", ""O"", ""O"", ""O"", ""O"", ""B-BUDGET_LIMIT"", ""I-BUDGET_LIMIT"", ""I-BUDGET_LIMIT"", ""I-BUDGET_LIMIT"", ""I-BUDGET_LIMIT"", ""I-BUDGET_LIMIT"", ""I-BUDGET_LIMIT""]"
111,Tôi muốn tiết kiệm 50 triệu trong 12 tháng,"[""O"", ""O"", ""O"", ""O"", ""O"", ""O"", ""O"", ""O"", ""O"", ""O"", ""O"", ""O"", ""O"", ""O"", ""O"", ""O"", ""O"", ""O"", ""O"", ""B-TARGET_AMOUNT"", ""I-TARGET_AMOUNT"", ""I-TARGET_AMOUNT"", ""I-TARGET_AMOUNT"", ""I-TARGET_AMOUNT"", ""I-TARGET_AMOUNT"", ""I-TARGET_AMOUNT"", ""I-TARGET_AMOUNT"", ""O"", ""O"", ""O"", ""O"", ""O"", ""O"", ""O"", ""B-DURATION"", ""I-DURATION"", ""I-DURATION"", ""I-DURATION"", ""I-DURATION"", ""I-DURATION"", ""I-DURATION"", ""I-DURATION""]"
112,Cần để dành 10 triệu trong 5 tháng,"[""O"", ""O"", ""O"", ""O"", ""O"", ""O"", ""O"", ""O"", ""O"", ""O"", ""O"", ""O"", ""B-TARGET_AMOUNT"", ""I-TARGET_AMOUNT"", ""I-TARGET_AMOUNT"", ""I-TARGET_AMOUNT"", ""I-TARGET_AMOUNT"", ""I-TARGET_AMOUNT"", ""I-TARGET_AMOUNT"", ""I-TARGET_AMOUNT"", ""O"", ""O"", ""O"", ""O"", ""O"", ""O"", ""O"", ""B-DURATION"", ""I-DURATION"", ""I-DURATION"", ""I-DURATION"", ""I-DURATION"", ""I-DURATION"", ""I-DURATION""]"
113,Mình muốn có 100 triệu sau 2 năm,"[""O"", ""O"", ""O"", ""O"", ""O"", ""O"", ""O"", ""O"", ""O"", ""O"", ""O"", ""O"", ""O"", ""B-TARGET_AMOUNT"", ""I-TARGET_AMOUNT"", ""I-TARGET_AMOUNT"", ""I-TARGET_AMOUNT"", ""I-TARGET_AMOUNT"", ""I-TARGET_AMOUNT"", ""I-TARGET_AMOUNT"", ""I-TARGET_AMOUNT"", ""I-TARGET_AMOUNT"", ""O"", ""O"", ""O"", ""O"", ""O"", ""B-DURATION"", ""I-DURATION"", ""I-DURATION"", ""I-DURATION"", ""I-DURATION""]"
114,Tôi cần tiết kiệm 20 triệu để mua laptop trong 6 tháng,"[""O"", ""O"", ""O"", ""O"", ""O"", ""O"", ""O"", ""O"", ""O"", ""O"", ""O"", ""O"", ""O"", ""O"", ""O"", ""O"", ""O"", ""O"", ""B-TARGET_AMOUNT"", ""I-TARGET_AMOUNT"", ""I-TARGET_AMOUNT"", ""I-TARGET_AMOUNT"", ""I-TARGET_AMOUNT"", ""I-TARGET_AMOUNT"", ""I-TARGET_AMOUNT"", ""I-TARGET_AMOUNT"", ""O"", ""O"", ""O"", ""O"", ""O"", ""O"", ""O"", ""O"", ""O"", ""O"", ""O"", ""O"", ""O"", ""O"", ""O"", ""O"", ""O"", ""O"", ""O"", ""O"", ""O"", ""B-DURATION"", ""I-DURATION"", ""I-DURATION"", ""I-DURATION"", ""I-DURATION"", ""I-DURATION"", ""I-DURATION""]"
115,Mục tiêu của tôi là dành dụm 30 triệu trong 1 năm,"[""O"", ""O"", ""O"", ""O"", ""O"", ""O"", ""O"", ""O"", ""O"", ""O"", ""O"", ""O"", ""O"", ""O"", ""O"", ""O"", ""O"", ""O"", ""O"", ""O"", ""O"", ""O"", ""O"", ""O"", ""O"", ""O"", ""O"", ""O"", ""O"", ""B-TARGET_AMOUNT"", ""I-TARGET_AMOUNT"", ""I-TARGET_AMOUNT"", ""I-TARGET_AMOUNT"", ""I-TARGET_AMOUNT"", ""I-TARGET_AMOUNT"", ""I-TARGET_AMOUNT"", ""I-TARGET_AMOUNT"", ""O"", ""O"", ""O"", ""O"", ""O"", ""O"", ""O"", ""B-DURATION"", ""I-DURATION"", ""I-DURATION"", ""I-DURATION"", ""I-DURATION""]"
116,Làm sao để đủ 15 triệu tiền tiết kiệm sau 6 tháng?,"[""O"", ""O"", ""O"", ""O"", ""O"", ""O"", ""O"", ""O"", ""O"", ""O"", ""O"", ""O"", ""O"", ""O"", ""B-TARGET_AMOUNT"", ""I-TARGET_AMOUNT"", ""I-TARGET_AMOUNT"", ""I-TARGET_AMOUNT"", ""I-TARGET_AMOUNT"", ""I-TARGET_AMOUNT"", ""I-TARGET_AMOUNT"", ""I-TARGET_AMOUNT"", ""O"", ""O"", ""O"", ""O"", ""O"", ""O"", ""O"", ""O"", ""O"", ""O"", ""O"", ""O"", ""O"", ""O"", ""O"", ""O"", ""O"", ""O"", ""O"", ""O"", ""B-DURATION"", ""I-DURATION"", ""I-DURATION"", ""I-DURATION"", ""I-DURATION"", ""I-DURATION"", ""I-DURATION"", ""O""]"
117,Mỗi tháng tôi cần để dành bao nhiêu để có 60 triệu sau 1 năm?,"[""B-PERIOD"", ""I-PERIOD"", ""I-PERIOD"", ""I-PERIOD"", ""I-PERIOD"", ""I-PERIOD"", ""I-PERIOD"", ""I-PERIOD"", ""I-PERIOD"", ""O"", ""O"", ""O"", ""O"", ""O"", ""O"", ""O"", ""O"", ""O"", ""O"", ""O"", ""O"", ""O"", ""O"", ""O"", ""O"", ""O"", ""O"", ""O"", ""O"", ""O"", ""O"", ""O"", ""O"", ""O"", ""O"", ""O"", ""O"", ""O"", ""O"", ""O"", ""O"", ""O"", ""B-TARGET_AMOUNT"", ""I-TARGET_AMOUNT"", ""I-TARGET_AMOUNT"", ""I-TARGET_AMOUNT"", ""I-TARGET_AMOUNT"", ""I-TARGET_AMOUNT"", ""I-TARGET_AMOUNT"", ""I-TARGET_AMOUNT"", ""O"", ""O"", ""O"", ""O"", ""O"", ""B-DURATION"", ""I-DURATION"", ""I-DURATION"", ""I-DURATION"", ""I-DURATION"", ""O""]"
118,Tôi muốn tích được 5 triệu trong 3 tháng,"[""O"", ""O"", ""O"", ""O"", ""O"", ""O"", ""O"", ""O"", ""O"", ""O"", ""O"", ""O"", ""O"", ""O"", ""O"", ""O"", ""O"", ""O"", ""O"", ""B-TARGET_AMOUNT"", ""I-TARGET_AMOUNT"", ""I-TARGET_AMOUNT"", ""I-TARGET_AMOUNT"", ""I-TARGET_AMOUNT"", ""I-TARGET_AMOUNT"", ""I-TARGET_AMOUNT"", ""O"", ""O"", ""O"", ""O"", ""O"", ""O"", ""O"", ""B-DURATION"", ""I-DURATION"", ""I-DURATION"", ""I-DURATION"", ""I-DURATION"", ""I-DURATION"", ""I-DURATION""]"
119,Cần tiết kiệm bao nhiêu mỗi tháng để đạt 40 triệu trong 8 tháng?,"[""O"", ""O"", ""O"", ""O"", ""O"", ""O"", ""O"", ""O"", ""O"", ""O"", ""O"", ""O"", ""O"", ""O"", ""O"", ""O"", ""O"", ""O"", ""O"", ""O"", ""O"", ""O"", ""O"", ""O"", ""B-PERIOD"", ""I-PERIOD"", ""I-PERIOD"", ""I-PERIOD"", ""I-PERIOD"", ""I-PERIOD"", ""I-PERIOD"", ""I-PERIOD"", ""I-PERIOD"", ""O"", ""O"", ""O"", ""O"", ""O"", ""O"", ""O"", ""O"", ""B-TARGET_AMOUNT"", ""I-TARGET_AMOUNT"", ""I-TARGET_AMOUNT"", ""I-TARGET_AMOUNT"", ""I-TARGET_AMOUNT"", ""I-TARGET_AMOUNT"", ""I-TARGET_AMOUNT"", ""I-TARGET_AMOUNT"", ""O"", ""O"", ""O"", ""O"", ""O"", ""O"", ""O"", ""B-DURATION"", ""I-DURATION"", ""I-DURATION"", ""I-DURATION"", ""I-DURATION"", ""I-DURATION"", ""I-DURATION"", ""O""]"
120,Mình đặt mục tiêu tiết kiệm 25 triệu trong 10 tháng,"[""O"", ""O"", ""O"", ""O"", ""O"", ""O"", ""O"", ""O"", ""O"", ""O"", ""O"", ""O"", ""O"", ""O"", ""O"", ""O"", ""O"", ""O"", ""O"", ""O"", ""O"", ""O"", ""O"", ""O"", ""O"", ""O"", ""O"", ""O"", ""B-TARGET_AMOUNT"", ""I-TARGET_AMOUNT"", ""I-TARGET_AMOUNT"", ""I-TARGET_AMOUNT"", ""I-TARGET_AMOUNT"", ""I-TARGET_AMOUNT"", ""I-TARGET_AMOUNT"", ""I-TARGET_AMOUNT"", ""O"", ""O"", ""O"", ""O"", ""O"", ""O"", ""O"", ""B-DURATION"", ""I-DURATION"", ""I-DURATION"", ""I-DURATION"", ""I-DURATION"", ""I-DURATION"", ""I-DURATION"", ""I-DURATION""]"
121,Làm sao để quản lý tiền bạc tốt hơn?,"[""O"", ""O"", ""O"", ""O"", ""O"", ""O"", ""O"", ""O"", ""O"", ""O"", ""O"", ""O"", ""O"", ""O"", ""O"", ""O"", ""O"", ""O"", ""O"", ""O"", ""O"", ""O"", ""O"", ""O"", ""O"", ""O"", ""O"", ""O"", ""O"", ""O"", ""O"", ""O"", ""O"", ""O"", ""O"", ""O""]"
122,Có cách nào tiết kiệm tiền hiệu quả không?,"[""O"", ""O"", ""O"", ""O"", ""O"", ""O"", ""O"", ""O"", ""O"", ""O"", ""O"", ""O"", ""O"", ""O"", ""O"", ""O"", ""O"", ""O"", ""O"", ""O"", ""O"", ""O"", ""O"", ""O"", ""O"", ""O"", ""O"", ""O"", ""O"", ""O"", ""O"", ""O"", ""O"", ""O"", ""O"", ""O"", ""O"", ""O"", ""O"", ""O"", ""O"", ""O""]"
123,Quỹ khẩn cấp là gì?,"[""O"", ""O"", ""O"", ""O"", ""O"", ""O"", ""O"", ""O"", ""O"", ""O"", ""O"", ""O"", ""O"", ""O"", ""O"", ""O"", ""O"", ""O"", ""O""]"
124,Tôi nên chia thu nhập hàng tháng như thế nào?,"[""O"", ""O"", ""O"", ""O"", ""O"", ""O"", ""O"", ""O"", ""O"", ""O"", ""O"", ""O"", ""O"", ""O"", ""O"", ""O"", ""O"", ""O"", ""O"", ""O"", ""O"", ""O"", ""B-PERIOD"", ""I-PERIOD"", ""I-PERIOD"", ""I-PERIOD"", ""I-PERIOD"", ""I-PERIOD"", ""I-PERIOD"", ""I-PERIOD"", ""I-PERIOD"", ""I-PERIOD"", ""O"", ""O"", ""O"", ""O"", ""O"", ""O"", ""O"", ""O"", ""O"", ""O"", ""O"", ""O"", ""O""]"
125,Làm thế nào để kiểm soát chi tiêu?,"[""O"", ""O"", ""O"", ""O"", ""O"", ""O"", ""O"", ""O"", ""O"", ""O"", ""O"", ""O"", ""O"", ""O"", ""O"", ""O"", ""O"", ""O"", ""O"", ""O"", ""O"", ""O"", ""O"", ""O"", ""O"", ""O"", ""O"", ""O"", ""O"", ""O"", ""O"", ""O"", ""O"", ""O""]"
126,Nay ăn bún 40k,"[""O"", ""O"", ""O"", ""O"", ""O"", ""O"", ""O"", ""O"", ""O"", ""O"", ""O"", ""B-AMOUNT"", ""I-AMOUNT"", ""I-AMOUNT""]"
127,Sáng làm tô phở 55 nghìn,"[""O"", ""O"", ""O"", ""O"", ""O"", ""O"", ""O"", ""O"", ""O"", ""O"", ""O"", ""O"", ""O"", ""O"", ""O"", ""O"", ""B-AMOUNT"", ""I-AMOUNT"", ""I-AMOUNT"", ""I-AMOUNT"", ""I-AMOUNT"", ""I-AMOUNT"", ""I-AMOUNT"", ""I-AMOUNT""]"
128,Uống trà sữa hết 35k,"[""O"", ""O"", ""O"", ""O"", ""O"", ""O"", ""O"", ""O"", ""O"", ""O"", ""O"", ""O"", ""O"", ""O"", ""O"", ""O"", ""O"", ""B-AMOUNT"", ""I-AMOUNT"", ""I-AMOUNT""]"
129,Mới mua quần áo 600k,"[""O"", ""O"", ""O"", ""O"", ""O"", ""O"", ""O"", ""O"", ""O"", ""O"", ""O"", ""O"", ""O"", ""O"", ""O"", ""O"", ""B-AMOUNT"", ""I-AMOUNT"", ""I-AMOUNT"", ""I-AMOUNT""]"
130,Đi xe ôm hết 50 nghìn,"[""O"", ""O"", ""O"", ""O"", ""O"", ""O"", ""O"", ""O"", ""O"", ""O"", ""O"", ""O"", ""O"", ""B-AMOUNT"", ""I-AMOUNT"", ""I-AMOUNT"", ""I-AMOUNT"", ""I-AMOUNT"", ""I-AMOUNT"", ""I-AMOUNT"", ""I-AMOUNT""]"
131,Mua vé xem phim 120k,"[""O"", ""O"", ""O"", ""O"", ""O"", ""O"", ""O"", ""O"", ""O"", ""O"", ""O"", ""O"", ""O"", ""O"", ""O"", ""O"", ""B-AMOUNT"", ""I-AMOUNT"", ""I-AMOUNT"", ""I-AMOUNT""]"
132,Vừa đóng tiền điện 450k,"[""O"", ""O"", ""O"", ""O"", ""O"", ""O"", ""O"", ""O"", ""O"", ""O"", ""O"", ""O"", ""O"", ""O"", ""O"", ""O"", ""O"", ""O"", ""O"", ""B-AMOUNT"", ""I-AMOUNT"", ""I-AMOUNT"", ""I-AMOUNT""]"
133,Mua thuốc ở hiệu thuốc 85 nghìn,"[""O"", ""O"", ""O"", ""O"", ""O"", ""O"", ""O"", ""O"", ""O"", ""O"", ""O"", ""O"", ""B-MERCHANT"", ""I-MERCHANT"", ""I-MERCHANT"", ""I-MERCHANT"", ""I-MERCHANT"", ""I-MERCHANT"", ""I-MERCHANT"", ""I-MERCHANT"", ""I-MERCHANT"", ""I-MERCHANT"", ""O"", ""B-AMOUNT"", ""I-AMOUNT"", ""I-AMOUNT"", ""I-AMOUNT"", ""I-AMOUNT"", ""I-AMOUNT"", ""I-AMOUNT"", ""I-AMOUNT""]"
134,Tiền nhà tháng này 6 triệu,"[""O"", ""O"", ""O"", ""O"", ""O"", ""O"", ""O"", ""O"", ""O"", ""B-PERIOD"", ""I-PERIOD"", ""I-PERIOD"", ""I-PERIOD"", ""I-PERIOD"", ""I-PERIOD"", ""I-PERIOD"", ""I-PERIOD"", ""I-PERIOD"", ""O"", ""B-AMOUNT"", ""I-AMOUNT"", ""I-AMOUNT"", ""I-AMOUNT"", ""I-AMOUNT"", ""I-AMOUNT"", ""I-AMOUNT""]"
135,Mua vở với bút hết 150k,"[""O"", ""O"", ""O"", ""O"", ""O"", ""O"", ""O"", ""O"", ""O"", ""O"", ""O"", ""O"", ""O"", ""O"", ""O"", ""O"", ""O"", ""O"", ""O"", ""B-AMOUNT"", ""I-AMOUNT"", ""I-AMOUNT"", ""I-AMOUNT""]"
136,Ăn tối 120k nha,"[""O"", ""O"", ""O"", ""O"", ""O"", ""O"", ""O"", ""B-AMOUNT"", ""I-AMOUNT"", ""I-AMOUNT"", ""I-AMOUNT"", ""O"", ""O"", ""O"", ""O""]"
137,Grab hôm nay 65k,"[""B-MERCHANT"", ""I-MERCHANT"", ""I-MERCHANT"", ""I-MERCHANT"", ""O"", ""O"", ""O"", ""O"", ""O"", ""O"", ""O"", ""O"", ""O"", ""B-AMOUNT"", ""I-AMOUNT"", ""I-AMOUNT""]"
138,Cafe sáng 30 nghìn,"[""O"", ""O"", ""O"", ""O"", ""O"", ""O"", ""O"", ""O"", ""O"", ""O"", ""B-AMOUNT"", ""I-AMOUNT"", ""I-AMOUNT"", ""I-AMOUNT"", ""I-AMOUNT"", ""I-AMOUNT"", ""I-AMOUNT"", ""I-AMOUNT""]"
139,Mua đồ Shopee 250k,"[""O"", ""O"", ""O"", ""O"", ""O"", ""O"", ""O"", ""B-MERCHANT"", ""I-MERCHANT"", ""I-MERCHANT"", ""I-MERCHANT"", ""I-MERCHANT"", ""I-MERCHANT"", ""O"", ""B-AMOUNT"", ""I-AMOUNT"", ""I-AMOUNT"", ""I-AMOUNT""]"
140,Đổ xăng 100k,"[""O"", ""O"", ""O"", ""O"", ""O"", ""O"", ""O"", ""O"", ""B-AMOUNT"", ""I-AMOUNT"", ""I-AMOUNT"", ""I-AMOUNT""]"
141,Đi siêu thị hết 800 nghìn,"[""O"", ""O"", ""O"", ""B-MERCHANT"", ""I-MERCHANT"", ""I-MERCHANT"", ""I-MERCHANT"", ""I-MERCHANT"", ""I-MERCHANT"", ""I-MERCHANT"", ""I-MERCHANT"", ""O"", ""O"", ""O"", ""O"", ""O"", ""B-AMOUNT"", ""I-AMOUNT"", ""I-AMOUNT"", ""I-AMOUNT"", ""I-AMOUNT"", ""I-AMOUNT"", ""I-AMOUNT"", ""I-AMOUNT"", ""I-AMOUNT""]"
142,Vừa trả hóa đơn mạng 220k,"[""O"", ""O"", ""O"", ""O"", ""O"", ""O"", ""O"", ""O"", ""O"", ""O"", ""O"", ""O"", ""O"", ""O"", ""O"", ""O"", ""O"", ""O"", ""O"", ""O"", ""O"", ""B-AMOUNT"", ""I-AMOUNT"", ""I-AMOUNT"", ""I-AMOUNT""]"
143,Mua thuốc 2 trăm nghìn,"[""O"", ""O"", ""O"", ""O"", ""O"", ""O"", ""O"", ""O"", ""O"", ""O"", ""B-AMOUNT"", ""I-AMOUNT"", ""I-AMOUNT"", ""I-AMOUNT"", ""I-AMOUNT"", ""I-AMOUNT"", ""I-AMOUNT"", ""I-AMOUNT"", ""I-AMOUNT"", ""I-AMOUNT"", ""I-AMOUNT"", ""I-AMOUNT""]"
144,Ăn uống hôm nay hết 90k,"[""O"", ""O"", ""O"", ""O"", ""O"", ""O"", ""O"", ""O"", ""O"", ""O"", ""O"", ""O"", ""O"", ""O"", ""O"", ""O"", ""O"", ""O"", ""O"", ""O"", ""B-AMOUNT"", ""I-AMOUNT"", ""I-AMOUNT""]"
145,Mới mua balo 400 nghìn,"[""O"", ""O"", ""O"", ""O"", ""O"", ""O"", ""O"", ""O"", ""O"", ""O"", ""O"", ""O"", ""O"", ""B-AMOUNT"", ""I-AMOUNT"", ""I-AMOUNT"", ""I-AMOUNT"", ""I-AMOUNT"", ""I-AMOUNT"", ""I-AMOUNT"", ""I-AMOUNT"", ""I-AMOUNT""]"
146,Chi 70k tiền ăn trưa,"[""O"", ""O"", ""O"", ""O"", ""B-AMOUNT"", ""I-AMOUNT"", ""I-AMOUNT"", ""O"", ""O"", ""O"", ""O"", ""O"", ""O"", ""O"", ""O"", ""O"", ""O"", ""O"", ""O"", ""O""]"
147,Mua vé tàu hết 300k,"[""O"", ""O"", ""O"", ""O"", ""O"", ""O"", ""O"", ""O"", ""O"", ""O"", ""O"", ""O"", ""O"", ""O"", ""O"", ""B-AMOUNT"", ""I-AMOUNT"", ""I-AMOUNT"", ""I-AMOUNT""]"
148,Tối nay nhậu hết 500 nghìn,"[""O"", ""O"", ""O"", ""O"", ""O"", ""O"", ""O"", ""O"", ""O"", ""O"", ""O"", ""O"", ""O"", ""O"", ""O"", ""O"", ""O"", ""B-AMOUNT"", ""I-AMOUNT"", ""I-AMOUNT"", ""I-AMOUNT"", ""I-AMOUNT"", ""I-AMOUNT"", ""I-AMOUNT"", ""I-AMOUNT"", ""I-AMOUNT""]"
149,Đóng học phí 3 triệu,"[""O"", ""O"", ""O"", ""O"", ""O"", ""O"", ""O"", ""O"", ""O"", ""O"", ""O"", ""O"", ""O"", ""B-AMOUNT"", ""I-AMOUNT"", ""I-AMOUNT"", ""I-AMOUNT"", ""I-AMOUNT"", ""I-AMOUNT"", ""I-AMOUNT""]"
150,Mua quà sinh nhật hết 350k,"[""O"", ""O"", ""O"", ""O"", ""O"", ""O"", ""O"", ""O"", ""O"", ""O"", ""O"", ""O"", ""O"", ""O"", ""O"", ""O"", ""O"", ""O"", ""O"", ""O"", ""O"", ""O"", ""B-AMOUNT"", ""I-AMOUNT"", ""I-AMOUNT"", ""I-AMOUNT""]"
151,Lương tháng này về 14 triệu,"[""O"", ""O"", ""O"", ""O"", ""O"", ""O"", ""B-PERIOD"", ""I-PERIOD"", ""I-PERIOD"", ""I-PERIOD"", ""I-PERIOD"", ""I-PERIOD"", ""I-PERIOD"", ""I-PERIOD"", ""I-PERIOD"", ""O"", ""O"", ""O"", ""O"", ""B-AMOUNT"", ""I-AMOUNT"", ""I-AMOUNT"", ""I-AMOUNT"", ""I-AMOUNT"", ""I-AMOUNT"", ""I-AMOUNT"", ""I-AMOUNT""]"
152,Vừa lãnh lương 10 củ,"[""O"", ""O"", ""O"", ""O"", ""O"", ""O"", ""O"", ""O"", ""O"", ""O"", ""O"", ""O"", ""O"", ""O"", ""O"", ""B-AMOUNT"", ""I-AMOUNT"", ""I-AMOUNT"", ""I-AMOUNT"", ""I-AMOUNT""]"
153,Công ty chuyển 20 triệu tiền lương,"[""O"", ""O"", ""O"", ""O"", ""O"", ""O"", ""O"", ""O"", ""O"", ""O"", ""O"", ""O"", ""O"", ""O"", ""O"", ""B-AMOUNT"", ""I-AMOUNT"", ""I-AMOUNT"", ""I-AMOUNT"", ""I-AMOUNT"", ""I-AMOUNT"", ""I-AMOUNT"", ""I-AMOUNT"", ""O"", ""O"", ""O"", ""O"", ""O"", ""O"", ""O"", ""O"", ""O"", ""O"", ""O""]"
154,Mới nhận thưởng 3 triệu,"[""O"", ""O"", ""O"", ""O"", ""O"", ""O"", ""O"", ""O"", ""O"", ""O"", ""O"", ""O"", ""O"", ""O"", ""O"", ""O"", ""B-AMOUNT"", ""I-AMOUNT"", ""I-AMOUNT"", ""I-AMOUNT"", ""I-AMOUNT"", ""I-AMOUNT"", ""I-AMOUNT""]"
155,Được bố mẹ gửi 2 triệu,"[""O"", ""O"", ""O"", ""O"", ""O"", ""O"", ""O"", ""O"", ""O"", ""O"", ""O"", ""O"", ""O"", ""O"", ""O"", ""B-AMOUNT"", ""I-AMOUNT"", ""I-AMOUNT"", ""I-AMOUNT"", ""I-AMOUNT"", ""I-AMOUNT"", ""I-AMOUNT""]"
156,Freelance vừa về 5 củ,"[""O"", ""O"", ""O"", ""O"", ""O"", ""O"", ""O"", ""O"", ""O"", ""O"", ""O"", ""O"", ""O"", ""O"", ""O"", ""O"", ""O"", ""B-AMOUNT"", ""I-AMOUNT"", ""I-AMOUNT"", ""I-AMOUNT""]"
157,Vừa nhận tiền công 800k,"[""O"", ""O"", ""O"", ""O"", ""O"", ""O"", ""O"", ""O"", ""O"", ""O"", ""O"", ""O"", ""O"", ""O"", ""O"", ""O"", ""O"", ""O"", ""O"", ""B-AMOUNT"", ""I-AMOUNT"", ""I-AMOUNT"", ""I-AMOUNT""]"
158,Khách chuyển khoản 1 triệu,"[""O"", ""O"", ""O"", ""O"", ""O"", ""O"", ""B-PAYMENT_METHOD"", ""I-PAYMENT_METHOD"", ""I-PAYMENT_METHOD"", ""I-PAYMENT_METHOD"", ""I-PAYMENT_METHOD"", ""I-PAYMENT_METHOD"", ""I-PAYMENT_METHOD"", ""I-PAYMENT_METHOD"", ""I-PAYMENT_METHOD"", ""I-PAYMENT_METHOD"", ""I-PAYMENT_METHOD"", ""I-PAYMENT_METHOD"", ""O"", ""B-AMOUNT"", ""I-AMOUNT"", ""I-AMOUNT"", ""I-AMOUNT"", ""I-AMOUNT"", ""I-AMOUNT"", ""I-AMOUNT""]"
159,Tiền bán hàng vừa về 4 triệu,"[""O"", ""O"", ""O"", ""O"", ""O"", ""O"", ""O"", ""O"", ""O"", ""O"", ""O"", ""O"", ""O"", ""O"", ""O"", ""O"", ""O"", ""O"", ""O"", ""O"", ""O"", ""B-AMOUNT"", ""I-AMOUNT"", ""I-AMOUNT"", ""I-AMOUNT"", ""I-AMOUNT"", ""I-AMOUNT"", ""I-AMOUNT""]"
160,Được hoàn tiền 150 nghìn,"[""O"", ""O"", ""O"", ""O"", ""O"", ""O"", ""O"", ""O"", ""O"", ""O"", ""O"", ""O"", ""O"", ""O"", ""O"", ""B-AMOUNT"", ""I-AMOUNT"", ""I-AMOUNT"", ""I-AMOUNT"", ""I-AMOUNT"", ""I-AMOUNT"", ""I-AMOUNT"", ""I-AMOUNT"", ""I-AMOUNT""]"
161,Tháng này nhận lương 16 củ,"[""B-PERIOD"", ""I-PERIOD"", ""I-PERIOD"", ""I-PERIOD"", ""I-PERIOD"", ""I-PERIOD"", ""I-PERIOD"", ""I-PERIOD"", ""I-PERIOD"", ""O"", ""O"", ""O"", ""O"", ""O"", ""O"", ""O"", ""O"", ""O"", ""O"", ""O"", ""O"", ""B-AMOUNT"", ""I-AMOUNT"", ""I-AMOUNT"", ""I-AMOUNT"", ""I-AMOUNT""]"
162,Vừa được thưởng 1 triệu rưỡi,"[""O"", ""O"", ""O"", ""O"", ""O"", ""O"", ""O"", ""O"", ""O"", ""O"", ""O"", ""O"", ""O"", ""O"", ""O"", ""O"", ""B-AMOUNT"", ""I-AMOUNT"", ""I-AMOUNT"", ""I-AMOUNT"", ""I-AMOUNT"", ""I-AMOUNT"", ""I-AMOUNT"", ""I-AMOUNT"", ""I-AMOUNT"", ""I-AMOUNT"", ""I-AMOUNT"", ""I-AMOUNT""]"
163,Anh mình chuyển 500k,"[""O"", ""O"", ""O"", ""O"", ""O"", ""O"", ""O"", ""O"", ""O"", ""O"", ""O"", ""O"", ""O"", ""O"", ""O"", ""O"", ""B-AMOUNT"", ""I-AMOUNT"", ""I-AMOUNT"", ""I-AMOUNT""]"
164,Nhận tiền dự án 8 triệu,"[""O"", ""O"", ""O"", ""O"", ""O"", ""O"", ""O"", ""O"", ""O"", ""O"", ""O"", ""O"", ""O"", ""O"", ""O"", ""O"", ""B-AMOUNT"", ""I-AMOUNT"", ""I-AMOUNT"", ""I-AMOUNT"", ""I-AMOUNT"", ""I-AMOUNT"", ""I-AMOUNT""]"
165,Có thêm 2 triệu tiền làm thêm,"[""O"", ""O"", ""O"", ""O"", ""O"", ""O"", ""O"", ""O"", ""B-AMOUNT"", ""I-AMOUNT"", ""I-AMOUNT"", ""I-AMOUNT"", ""I-AMOUNT"", ""I-AMOUNT"", ""I-AMOUNT"", ""O"", ""O"", ""O"", ""O"", ""O"", ""O"", ""O"", ""O"", ""O"", ""O"", ""O"", ""O"", ""O"", ""O""]"
166,Lương đã vào tài khoản rồi,"[""O"", ""O"", ""O"", ""O"", ""O"", ""O"", ""O"", ""O"", ""O"", ""O"", ""O"", ""O"", ""O"", ""O"", ""O"", ""O"", ""O"", ""O"", ""O"", ""O"", ""O"", ""O"", ""O"", ""O"", ""O"", ""O""]"
167,Vừa thu được khoản nợ 3 triệu,"[""O"", ""O"", ""O"", ""O"", ""O"", ""O"", ""O"", ""O"", ""O"", ""O"", ""O"", ""O"", ""O"", ""O"", ""O"", ""O"", ""O"", ""O"", ""O"", ""O"", ""O"", ""O"", ""B-AMOUNT"", ""I-AMOUNT"", ""I-AMOUNT"", ""I-AMOUNT"", ""I-AMOUNT"", ""I-AMOUNT"", ""I-AMOUNT""]"
168,Bán cái bàn được 700k,"[""O"", ""O"", ""O"", ""O"", ""O"", ""O"", ""O"", ""O"", ""O"", ""O"", ""O"", ""O"", ""O"", ""O"", ""O"", ""O"", ""O"", ""B-AMOUNT"", ""I-AMOUNT"", ""I-AMOUNT"", ""I-AMOUNT""]"
169,Khách vừa thanh toán 2 củ,"[""O"", ""O"", ""O"", ""O"", ""O"", ""O"", ""O"", ""O"", ""O"", ""O"", ""O"", ""O"", ""O"", ""O"", ""O"", ""O"", ""O"", ""O"", ""O"", ""O"", ""O"", ""B-AMOUNT"", ""I-AMOUNT"", ""I-AMOUNT"", ""I-AMOUNT""]"
170,Mẹ gửi tiền sinh hoạt 1 triệu,"[""O"", ""O"", ""O"", ""O"", ""O"", ""O"", ""O"", ""O"", ""O"", ""O"", ""O"", ""O"", ""O"", ""O"", ""O"", ""O"", ""O"", ""O"", ""O"", ""O"", ""O"", ""O"", ""B-AMOUNT"", ""I-AMOUNT"", ""I-AMOUNT"", ""I-AMOUNT"", ""I-AMOUNT"", ""I-AMOUNT"", ""I-AMOUNT""]"
171,Giờ tài khoản còn bao nhiêu?,"[""O"", ""O"", ""O"", ""O"", ""O"", ""O"", ""O"", ""O"", ""O"", ""O"", ""O"", ""O"", ""O"", ""O"", ""O"", ""O"", ""O"", ""O"", ""O"", ""O"", ""O"", ""O"", ""O"", ""O"", ""O"", ""O"", ""O"", ""O""]"
172,Số dư hiện tại của tôi là bao nhiêu?,"[""O"", ""O"", ""O"", ""O"", ""O"", ""O"", ""O"", ""O"", ""O"", ""O"", ""O"", ""O"", ""O"", ""O"", ""O"", ""O"", ""O"", ""O"", ""O"", ""O"", ""O"", ""O"", ""O"", ""O"", ""O"", ""O"", ""O"", ""O"", ""O"", ""O"", ""O"", ""O"", ""O"", ""O"", ""O"", ""O""]"
173,Ví còn tiền không?,"[""O"", ""O"", ""O"", ""O"", ""O"", ""O"", ""O"", ""O"", ""O"", ""O"", ""O"", ""O"", ""O"", ""O"", ""O"", ""O"", ""O"", ""O""]"
174,Mình còn dư được bao nhiêu?,"[""O"", ""O"", ""O"", ""O"", ""O"", ""O"", ""O"", ""O"", ""O"", ""O"", ""O"", ""O"", ""O"", ""O"", ""O"", ""O"", ""O"", ""O"", ""O"", ""O"", ""O"", ""O"", ""O"", ""O"", ""O"", ""O"", ""O""]"
175,Kiểm tra số dư giúp tôi,"[""O"", ""O"", ""O"", ""O"", ""O"", ""O"", ""O"", ""O"", ""O"", ""O"", ""O"", ""O"", ""O"", ""O"", ""O"", ""O"", ""O"", ""O"", ""O"", ""O"", ""O"", ""O"", ""O""]"
176,Tài khoản còn lại bao nhiêu vậy?,"[""O"", ""O"", ""O"", ""O"", ""O"", ""O"", ""O"", ""O"", ""O"", ""O"", ""O"", ""O"", ""O"", ""O"", ""O"", ""O"", ""O"", ""O"", ""O"", ""O"", ""O"", ""O"", ""O"", ""O"", ""O"", ""O"", ""O"", ""O"", ""O"", ""O"", ""O"", ""O""]"
177,Hiện giờ tôi còn bao nhiêu tiền?,"[""O"", ""O"", ""O"", ""O"", ""O"", ""O"", ""O"", ""O"", ""O"", ""O"", ""O"", ""O"", ""O"", ""O"", ""O"", ""O"", ""O"", ""O"", ""O"", ""O"", ""O"", ""O"", ""O"", ""O"", ""O"", ""O"", ""O"", ""O"", ""O"", ""O"", ""O"", ""O""]"
178,Trong ví còn bao nhiêu?,"[""O"", ""O"", ""O"", ""O"", ""O"", ""O"", ""O"", ""O"", ""O"", ""O"", ""O"", ""O"", ""O"", ""O"", ""O"", ""O"", ""O"", ""O"", ""O"", ""O"", ""O"", ""O"", ""O""]"
179,Số tiền còn lại của mình là bao nhiêu?,"[""O"", ""O"", ""O"", ""O"", ""O"", ""O"", ""O"", ""O"", ""O"", ""O"", ""O"", ""O"", ""O"", ""O"", ""O"", ""O"", ""O"", ""O"", ""O"", ""O"", ""O"", ""O"", ""O"", ""O"", ""O"", ""O"", ""O"", ""O"", ""O"", ""O"", ""O"", ""O"", ""O"", ""O"", ""O"", ""O"", ""O"", ""O""]"
180,Cho biết tôi đang còn bao nhiêu tiền,"[""O"", ""O"", ""O"", ""O"", ""O"", ""O"", ""O"", ""O"", ""O"", ""O"", ""O"", ""O"", ""O"", ""O"", ""O"", ""O"", ""O"", ""O"", ""O"", ""O"", ""O"", ""O"", ""O"", ""O"", ""O"", ""O"", ""O"", ""O"", ""O"", ""O"", ""O"", ""O"", ""O"", ""O"", ""O"", ""O""]"
181,Tháng này tổng cộng mình đã chi bao nhiêu?,"[""B-PERIOD"", ""I-PERIOD"", ""I-PERIOD"", ""I-PERIOD"", ""I-PERIOD"", ""I-PERIOD"", ""I-PERIOD"", ""I-PERIOD"", ""I-PERIOD"", ""O"", ""O"", ""O"", ""O"", ""O"", ""O"", ""O"", ""O"", ""O"", ""O"", ""O"", ""O"", ""O"", ""O"", ""O"", ""O"", ""O"", ""O"", ""O"", ""O"", ""O"", ""O"", ""O"", ""O"", ""O"", ""O"", ""O"", ""O"", ""O"", ""O"", ""O"", ""O"", ""O""]"
182,Đến giờ tiêu hết bao nhiêu tiền rồi?,"[""O"", ""O"", ""O"", ""O"", ""O"", ""O"", ""O"", ""O"", ""O"", ""O"", ""O"", ""O"", ""O"", ""O"", ""O"", ""O"", ""O"", ""O"", ""O"", ""O"", ""O"", ""O"", ""O"", ""O"", ""O"", ""O"", ""O"", ""O"", ""O"", ""O"", ""O"", ""O"", ""O"", ""O"", ""O"", ""O""]"
183,Tuần vừa rồi tôi đã tiêu bao nhiêu?,"[""B-PERIOD"", ""I-PERIOD"", ""I-PERIOD"", ""I-PERIOD"", ""I-PERIOD"", ""I-PERIOD"", ""I-PERIOD"", ""I-PERIOD"", ""I-PERIOD"", ""I-PERIOD"", ""I-PERIOD"", ""I-PERIOD"", ""O"", ""O"", ""O"", ""O"", ""O"", ""O"", ""O"", ""O"", ""O"", ""O"", ""O"", ""O"", ""O"", ""O"", ""O"", ""O"", ""O"", ""O"", ""O"", ""O"", ""O"", ""O"", ""O""]"
184,Hôm nay tổng chi của mình là bao nhiêu?,"[""O"", ""O"", ""O"", ""O"", ""O"", ""O"", ""O"", ""O"", ""O"", ""O"", ""O"", ""O"", ""O"", ""O"", ""O"", ""O"", ""O"", ""O"", ""O"", ""O"", ""O"", ""O"", ""O"", ""O"", ""O"", ""O"", ""O"", ""O"", ""O"", ""O"", ""O"", ""O"", ""O"", ""O"", ""O"", ""O"", ""O"", ""O"", ""O""]"
185,Tháng trước tôi tiêu tổng bao nhiêu?,"[""B-PERIOD"", ""I-PERIOD"", ""I-PERIOD"", ""I-PERIOD"", ""I-PERIOD"", ""I-PERIOD"", ""I-PERIOD"", ""I-PERIOD"", ""I-PERIOD"", ""I-PERIOD"", ""I-PERIOD"", ""O"", ""O"", ""O"", ""O"", ""O"", ""O"", ""O"", ""O"", ""O"", ""O"", ""O"", ""O"", ""O"", ""O"", ""O"", ""O"", ""O"", ""O"", ""O"", ""O"", ""O"", ""O"", ""O"", ""O"", ""O""]"
186,Trong tháng này đã chi bao nhiêu rồi?,"[""O"", ""O"", ""O"", ""O"", ""O"", ""O"", ""B-PERIOD"", ""I-PERIOD"", ""I-PERIOD"", ""I-PERIOD"", ""I-PERIOD"", ""I-PERIOD"", ""I-PERIOD"", ""I-PERIOD"", ""I-PERIOD"", ""O"", ""O"", ""O"", ""O"", ""O"", ""O"", ""O"", ""O"", ""O"", ""O"", ""O"", ""O"", ""O"", ""O"", ""O"", ""O"", ""O"", ""O"", ""O"", ""O"", ""O"", ""O""]"
187,7 ngày qua mình tiêu hết bao nhiêu?,"[""B-PERIOD"", ""I-PERIOD"", ""I-PERIOD"", ""I-PERIOD"", ""I-PERIOD"", ""I-PERIOD"", ""O"", ""O"", ""O"", ""O"", ""O"", ""O"", ""O"", ""O"", ""O"", ""O"", ""O"", ""O"", ""O"", ""O"", ""O"", ""O"", ""O"", ""O"", ""O"", ""O"", ""O"", ""O"", ""O"", ""O"", ""O"", ""O"", ""O"", ""O"", ""O""]"
188,Từ đầu năm tới giờ đã tiêu bao nhiêu?,"[""B-PERIOD"", ""I-PERIOD"", ""I-PERIOD"", ""I-PERIOD"", ""I-PERIOD"", ""I-PERIOD"", ""I-PERIOD"", ""I-PERIOD"", ""I-PERIOD"", ""I-PERIOD"", ""I-PERIOD"", ""I-PERIOD"", ""I-PERIOD"", ""I-PERIOD"", ""I-PERIOD"", ""I-PERIOD"", ""I-PERIOD"", ""I-PERIOD"", ""O"", ""O"", ""O"", ""O"", ""O"", ""O"", ""O"", ""O"", ""O"", ""O"", ""O"", ""O"", ""O"", ""O"", ""O"", ""O"", ""O"", ""O"", ""O""]"
189,Hôm qua tổng chi là bao nhiêu?,"[""O"", ""O"", ""O"", ""O"", ""O"", ""O"", ""O"", ""O"", ""O"", ""O"", ""O"", ""O"", ""O"", ""O"", ""O"", ""O"", ""O"", ""O"", ""O"", ""O"", ""O"", ""O"", ""O"", ""O"", ""O"", ""O"", ""O"", ""O"", ""O"", ""O""]"
190,Cho tôi biết tổng tiền đã tiêu tuần này,"[""O"", ""O"", ""O"", ""O"", ""O"", ""O"", ""O"", ""O"", ""O"", ""O"", ""O"", ""O"", ""O"", ""O"", ""O"", ""O"", ""O"", ""O"", ""O"", ""O"", ""O"", ""O"", ""O"", ""O"", ""O"", ""O"", ""O"", ""O"", ""O"", ""O"", ""O"", ""B-PERIOD"", ""I-PERIOD"", ""I-PERIOD"", ""I-PERIOD"", ""I-PERIOD"", ""I-PERIOD"", ""I-PERIOD"", ""I-PERIOD""]"
191,Tiền ăn tháng này bao nhiêu?,"[""O"", ""O"", ""O"", ""O"", ""O"", ""O"", ""O"", ""O"", ""B-PERIOD"", ""I-PERIOD"", ""I-PERIOD"", ""I-PERIOD"", ""I-PERIOD"", ""I-PERIOD"", ""I-PERIOD"", ""I-PERIOD"", ""I-PERIOD"", ""O"", ""O"", ""O"", ""O"", ""O"", ""O"", ""O"", ""O"", ""O"", ""O"", ""O""]"
192,Tháng này đi lại hết bao nhiêu tiền?,"[""B-PERIOD"", ""I-PERIOD"", ""I-PERIOD"", ""I-PERIOD"", ""I-PERIOD"", ""I-PERIOD"", ""I-PERIOD"", ""I-PERIOD"", ""I-PERIOD"", ""O"", ""O"", ""O"", ""O"", ""O"", ""O"", ""O"", ""O"", ""O"", ""O"", ""O"", ""O"", ""O"", ""O"", ""O"", ""O"", ""O"", ""O"", ""O"", ""O"", ""O"", ""O"", ""O"", ""O"", ""O"", ""O"", ""O""]"
193,Mình tiêu bao nhiêu tiền cho quần áo?,"[""O"", ""O"", ""O"", ""O"", ""O"", ""O"", ""O"", ""O"", ""O"", ""O"", ""O"", ""O"", ""O"", ""O"", ""O"", ""O"", ""O"", ""O"", ""O"", ""O"", ""O"", ""O"", ""O"", ""O"", ""O"", ""O"", ""O"", ""O"", ""O"", ""O"", ""O"", ""O"", ""O"", ""O"", ""O"", ""O"", ""O""]"
194,Tiền giải trí tháng này là bao nhiêu?,"[""O"", ""O"", ""O"", ""O"", ""O"", ""O"", ""O"", ""O"", ""O"", ""O"", ""O"", ""O"", ""O"", ""O"", ""B-PERIOD"", ""I-PERIOD"", ""I-PERIOD"", ""I-PERIOD"", ""I-PERIOD"", ""I-PERIOD"", ""I-PERIOD"", ""I-PERIOD"", ""I-PERIOD"", ""O"", ""O"", ""O"", ""O"", ""O"", ""O"", ""O"", ""O"", ""O"", ""O"", ""O"", ""O"", ""O"", ""O""]"
195,Đã chi bao nhiêu cho tiền điện nước?,"[""O"", ""O"", ""O"", ""O"", ""O"", ""O"", ""O"", ""O"", ""O"", ""O"", ""O"", ""O"", ""O"", ""O"", ""O"", ""O"", ""O"", ""O"", ""O"", ""O"", ""O"", ""O"", ""O"", ""O"", ""O"", ""O"", ""O"", ""O"", ""O"", ""O"", ""O"", ""O"", ""O"", ""O"", ""O"", ""O""]"
196,Khoản mua sắm hết bao nhiêu rồi?,"[""O"", ""O"", ""O"", ""O"", ""O"", ""O"", ""O"", ""O"", ""O"", ""O"", ""O"", ""O"", ""O"", ""O"", ""O"", ""O"", ""O"", ""O"", ""O"", ""O"", ""O"", ""O"", ""O"", ""O"", ""O"", ""O"", ""O"", ""O"", ""O"", ""O"", ""O"", ""O""]"
197,Tháng này tiền thuốc bao nhiêu?,"[""B-PERIOD"", ""I-PERIOD"", ""I-PERIOD"", ""I-PERIOD"", ""I-PERIOD"", ""I-PERIOD"", ""I-PERIOD"", ""I-PERIOD"", ""I-PERIOD"", ""O"", ""O"", ""O"", ""O"", ""O"", ""O"", ""O"", ""O"", ""O"", ""O"", ""O"", ""O"", ""O"", ""O"", ""O"", ""O"", ""O"", ""O"", ""O"", ""O"", ""O"", ""O""]"
198,Tiền thuê nhà tháng này hết bao nhiêu?,"[""O"", ""O"", ""O"", ""O"", ""O"", ""O"", ""O"", ""O"", ""O"", ""O"", ""O"", ""O"", ""O"", ""O"", ""B-PERIOD"", ""I-PERIOD"", ""I-PERIOD"", ""I-PERIOD"", ""I-PERIOD"", ""I-PERIOD"", ""I-PERIOD"", ""I-PERIOD"", ""I-PERIOD"", ""O"", ""O"", ""O"", ""O"", ""O"", ""O"", ""O"", ""O"", ""O"", ""O"", ""O"", ""O"", ""O"", ""O"", ""O""]"
199,Tôi đã tốn bao nhiêu cho học hành?,"[""O"", ""O"", ""O"", ""O"", ""O"", ""O"", ""O"", ""O"", ""O"", ""O"", ""O"", ""O"", ""O"", ""O"", ""O"", ""O"", ""O"", ""O"", ""O"", ""O"", ""O"", ""O"", ""O"", ""O"", ""O"", ""O"", ""O"", ""O"", ""O"", ""O"", ""O"", ""O"", ""O"", ""O""]"
200,Khoản nào tôi chi nhiều nhất?,"[""O"", ""O"", ""O"", ""O"", ""O"", ""O"", ""O"", ""O"", ""O"", ""O"", ""O"", ""O"", ""O"", ""O"", ""O"", ""O"", ""O"", ""O"", ""O"", ""O"", ""O"", ""O"", ""O"", ""O"", ""O"", ""O"", ""O"", ""O"", ""O""]"
201,Đặt hạn mức ăn uống 2 triệu tháng này,"[""O"", ""O"", ""O"", ""O"", ""O"", ""O"", ""O"", ""O"", ""O"", ""O"", ""O"", ""O"", ""O"", ""O"", ""O"", ""O"", ""O"", ""O"", ""O"", ""O"", ""B-BUDGET_LIMIT"", ""I-BUDGET_LIMIT"", ""I-BUDGET_LIMIT"", ""I-BUDGET_LIMIT"", ""I-BUDGET_LIMIT"", ""I-BUDGET_LIMIT"", ""I-BUDGET_LIMIT"", ""O"", ""B-PERIOD"", ""I-PERIOD"", ""I-PERIOD"", ""I-PERIOD"", ""I-PERIOD"", ""I-PERIOD"", ""I-PERIOD"", ""I-PERIOD"", ""I-PERIOD""]"
202,Tiền xăng mỗi tháng tối đa 1 triệu,"[""O"", ""O"", ""O"", ""O"", ""O"", ""O"", ""O"", ""O"", ""O"", ""O"", ""B-PERIOD"", ""I-PERIOD"", ""I-PERIOD"", ""I-PERIOD"", ""I-PERIOD"", ""I-PERIOD"", ""I-PERIOD"", ""I-PERIOD"", ""I-PERIOD"", ""O"", ""O"", ""O"", ""O"", ""O"", ""O"", ""O"", ""O"", ""B-BUDGET_LIMIT"", ""I-BUDGET_LIMIT"", ""I-BUDGET_LIMIT"", ""I-BUDGET_LIMIT"", ""I-BUDGET_LIMIT"", ""I-BUDGET_LIMIT"", ""I-BUDGET_LIMIT""]"
203,Cho tôi ngân sách mua sắm 4 triệu,"[""O"", ""O"", ""O"", ""O"", ""O"", ""O"", ""O"", ""O"", ""O"", ""O"", ""O"", ""O"", ""O"", ""O"", ""O"", ""O"", ""O"", ""O"", ""O"", ""O"", ""O"", ""O"", ""O"", ""O"", ""O"", ""O"", ""B-BUDGET_LIMIT"", ""I-BUDGET_LIMIT"", ""I-BUDGET_LIMIT"", ""I-BUDGET_LIMIT"", ""I-BUDGET_LIMIT"", ""I-BUDGET_LIMIT"", ""I-BUDGET_LIMIT""]"
204,Giới hạn giải trí tháng này 800k nhé,"[""O"", ""O"", ""O"", ""O"", ""O"", ""O"", ""O"", ""O"", ""O"", ""O"", ""O"", ""O"", ""O"", ""O"", ""O"", ""O"", ""O"", ""O"", ""B-PERIOD"", ""I-PERIOD"", ""I-PERIOD"", ""I-PERIOD"", ""I-PERIOD"", ""I-PERIOD"", ""I-PERIOD"", ""I-PERIOD"", ""I-PERIOD"", ""O"", ""B-BUDGET_LIMIT"", ""I-BUDGET_LIMIT"", ""I-BUDGET_LIMIT"", ""I-BUDGET_LIMIT"", ""O"", ""O"", ""O"", ""O""]"
205,Đừng để tôi tiêu quá 3 triệu tiền ăn,"[""O"", ""O"", ""O"", ""O"", ""O"", ""O"", ""O"", ""O"", ""O"", ""O"", ""O"", ""O"", ""O"", ""O"", ""O"", ""O"", ""O"", ""O"", ""O"", ""O"", ""O"", ""B-BUDGET_LIMIT"", ""I-BUDGET_LIMIT"", ""I-BUDGET_LIMIT"", ""I-BUDGET_LIMIT"", ""I-BUDGET_LIMIT"", ""I-BUDGET_LIMIT"", ""I-BUDGET_LIMIT"", ""O"", ""O"", ""O"", ""O"", ""O"", ""O"", ""O"", ""O""]"
206,Ngân sách tiền điện đặt 600 nghìn,"[""O"", ""O"", ""O"", ""O"", ""O"", ""O"", ""O"", ""O"", ""O"", ""O"", ""O"", ""O"", ""O"", ""O"", ""O"", ""O"", ""O"", ""O"", ""O"", ""O"", ""O"", ""O"", ""O"", ""O"", ""B-BUDGET_LIMIT"", ""I-BUDGET_LIMIT"", ""I-BUDGET_LIMIT"", ""I-BUDGET_LIMIT"", ""I-BUDGET_LIMIT"", ""I-BUDGET_LIMIT"", ""I-BUDGET_LIMIT"", ""I-BUDGET_LIMIT"", ""I-BUDGET_LIMIT""]"
207,Tôi muốn giới hạn đi lại ở mức 1 triệu,"[""O"", ""O"", ""O"", ""O"", ""O"", ""O"", ""O"", ""O"", ""O"", ""O"", ""O"", ""O"", ""O"", ""O"", ""O"", ""O"", ""O"", ""O"", ""O"", ""O"", ""O"", ""O"", ""O"", ""O"", ""O"", ""O"", ""O"", ""O"", ""O"", ""O"", ""O"", ""B-BUDGET_LIMIT"", ""I-BUDGET_LIMIT"", ""I-BUDGET_LIMIT"", ""I-BUDGET_LIMIT"", ""I-BUDGET_LIMIT"", ""I-BUDGET_LIMIT"", ""I-BUDGET_LIMIT""]"
208,Đặt budget mua sắm tháng này 2 củ,"[""O"", ""O"", ""O"", ""O"", ""O"", ""O"", ""O"", ""O"", ""O"", ""O"", ""O"", ""O"", ""O"", ""O"", ""O"", ""O"", ""O"", ""O"", ""O"", ""B-PERIOD"", ""I-PERIOD"", ""I-PERIOD"", ""I-PERIOD"", ""I-PERIOD"", ""I-PERIOD"", ""I-PERIOD"", ""I-PERIOD"", ""I-PERIOD"", ""O"", ""B-BUDGET_LIMIT"", ""I-BUDGET_LIMIT"", ""I-BUDGET_LIMIT"", ""I-BUDGET_LIMIT""]"
209,Tiền thuê nhà giới hạn 7 triệu,"[""O"", ""O"", ""O"", ""O"", ""O"", ""O"", ""O"", ""O"", ""O"", ""O"", ""O"", ""O"", ""O"", ""O"", ""O"", ""O"", ""O"", ""O"", ""O"", ""O"", ""O"", ""O"", ""O"", ""B-BUDGET_LIMIT"", ""I-BUDGET_LIMIT"", ""I-BUDGET_LIMIT"", ""I-BUDGET_LIMIT"", ""I-BUDGET_LIMIT"", ""I-BUDGET_LIMIT"", ""I-BUDGET_LIMIT""]"
210,Cho giải trí tối đa 500 nghìn mỗi tháng,"[""O"", ""O"", ""O"", ""O"", ""O"", ""O"", ""O"", ""O"", ""O"", ""O"", ""O"", ""O"", ""O"", ""O"", ""O"", ""O"", ""O"", ""O"", ""O"", ""O"", ""B-BUDGET_LIMIT"", ""I-BUDGET_LIMIT"", ""I-BUDGET_LIMIT"", ""I-BUDGET_LIMIT"", ""I-BUDGET_LIMIT"", ""I-BUDGET_LIMIT"", ""I-BUDGET_LIMIT"", ""I-BUDGET_LIMIT"", ""I-BUDGET_LIMIT"", ""O"", ""B-PERIOD"", ""I-PERIOD"", ""I-PERIOD"", ""I-PERIOD"", ""I-PERIOD"", ""I-PERIOD"", ""I-PERIOD"", ""I-PERIOD"", ""I-PERIOD""]"
211,Tôi muốn tiết kiệm 30 triệu trong 6 tháng,"[""O"", ""O"", ""O"", ""O"", ""O"", ""O"", ""O"", ""O"", ""O"", ""O"", ""O"", ""O"", ""O"", ""O"", ""O"", ""O"", ""O"", ""O"", ""O"", ""B-TARGET_AMOUNT"", ""I-TARGET_AMOUNT"", ""I-TARGET_AMOUNT"", ""I-TARGET_AMOUNT"", ""I-TARGET_AMOUNT"", ""I-TARGET_AMOUNT"", ""I-TARGET_AMOUNT"", ""I-TARGET_AMOUNT"", ""O"", ""O"", ""O"", ""O"", ""O"", ""O"", ""O"", ""B-DURATION"", ""I-DURATION"", ""I-DURATION"", ""I-DURATION"", ""I-DURATION"", ""I-DURATION"", ""I-DURATION""]"
212,Để dành 12 triệu trong 1 năm,"[""O"", ""O"", ""O"", ""O"", ""O"", ""O"", ""O"", ""O"", ""B-TARGET_AMOUNT"", ""I-TARGET_AMOUNT"", ""I-TARGET_AMOUNT"", ""I-TARGET_AMOUNT"", ""I-TARGET_AMOUNT"", ""I-TARGET_AMOUNT"", ""I-TARGET_AMOUNT"", ""I-TARGET_AMOUNT"", ""O"", ""O"", ""O"", ""O"", ""O"", ""O"", ""O"", ""B-DURATION"", ""I-DURATION"", ""I-DURATION"", ""I-DURATION"", ""I-DURATION""]"
213,Mục tiêu là có 50 triệu sau 10 tháng,"[""O"", ""O"", ""O"", ""O"", ""O"", ""O"", ""O"", ""O"", ""O"", ""O"", ""O"", ""O"", ""O"", ""O"", ""O"", ""B-TARGET_AMOUNT"", ""I-TARGET_AMOUNT"", ""I-TARGET_AMOUNT"", ""I-TARGET_AMOUNT"", ""I-TARGET_AMOUNT"", ""I-TARGET_AMOUNT"", ""I-TARGET_AMOUNT"", ""I-TARGET_AMOUNT"", ""O"", ""O"", ""O"", ""O"", ""O"", ""B-DURATION"", ""I-DURATION"", ""I-DURATION"", ""I-DURATION"", ""I-DURATION"", ""I-DURATION"", ""I-DURATION"", ""I-DURATION""]"
214,Cần tiết kiệm 100 triệu trong 2 năm,"[""O"", ""O"", ""O"", ""O"", ""O"", ""O"", ""O"", ""O"", ""O"", ""O"", ""O"", ""O"", ""O"", ""O"", ""B-TARGET_AMOUNT"", ""I-TARGET_AMOUNT"", ""I-TARGET_AMOUNT"", ""I-TARGET_AMOUNT"", ""I-TARGET_AMOUNT"", ""I-TARGET_AMOUNT"", ""I-TARGET_AMOUNT"", ""I-TARGET_AMOUNT"", ""I-TARGET_AMOUNT"", ""O"", ""O"", ""O"", ""O"", ""O"", ""O"", ""O"", ""B-DURATION"", ""I-DURATION"", ""I-DURATION"", ""I-DURATION"", ""I-DURATION""]"
215,Tôi muốn dành dụm 15 triệu trong 5 tháng,"[""O"", ""O"", ""O"", ""O"", ""O"", ""O"", ""O"", ""O"", ""O"", ""O"", ""O"", ""O"", ""O"", ""O"", ""O"", ""O"", ""O"", ""O"", ""B-TARGET_AMOUNT"", ""I-TARGET_AMOUNT"", ""I-TARGET_AMOUNT"", ""I-TARGET_AMOUNT"", ""I-TARGET_AMOUNT"", ""I-TARGET_AMOUNT"", ""I-TARGET_AMOUNT"", ""I-TARGET_AMOUNT"", ""O"", ""O"", ""O"", ""O"", ""O"", ""O"", ""O"", ""B-DURATION"", ""I-DURATION"", ""I-DURATION"", ""I-DURATION"", ""I-DURATION"", ""I-DURATION"", ""I-DURATION""]"
216,Mỗi tháng cần tiết kiệm bao nhiêu để đủ 24 triệu sau 6 tháng?,"[""B-PERIOD"", ""I-PERIOD"", ""I-PERIOD"", ""I-PERIOD"", ""I-PERIOD"", ""I-PERIOD"", ""I-PERIOD"", ""I-PERIOD"", ""I-PERIOD"", ""O"", ""O"", ""O"", ""O"", ""O"", ""O"", ""O"", ""O"", ""O"", ""O"", ""O"", ""O"", ""O"", ""O"", ""O"", ""O"", ""O"", ""O"", ""O"", ""O"", ""O"", ""O"", ""O"", ""O"", ""O"", ""O"", ""O"", ""O"", ""O"", ""O"", ""O"", ""B-TARGET_AMOUNT"", ""I-TARGET_AMOUNT"", ""I-TARGET_AMOUNT"", ""I-TARGET_AMOUNT"", ""I-TARGET_AMOUNT"", ""I-TARGET_AMOUNT"", ""I-TARGET_AMOUNT"", ""I-TARGET_AMOUNT"", ""O"", ""O"", ""O"", ""O"", ""O"", ""B-DURATION"", ""I-DURATION"", ""I-DURATION"", ""I-DURATION"", ""I-DURATION"", ""I-DURATION"", ""I-DURATION"", ""O""]"
217,Mình muốn có 10 triệu tiền tiết kiệm sau 4 tháng,"[""O"", ""O"", ""O"", ""O"", ""O"", ""O"", ""O"", ""O"", ""O"", ""O"", ""O"", ""O"", ""O"", ""B-TARGET_AMOUNT"", ""I-TARGET_AMOUNT"", ""I-TARGET_AMOUNT"", ""I-TARGET_AMOUNT"", ""I-TARGET_AMOUNT"", ""I-TARGET_AMOUNT"", ""I-TARGET_AMOUNT"", ""I-TARGET_AMOUNT"", ""O"", ""O"", ""O"", ""O"", ""O"", ""O"", ""O"", ""O"", ""O"", ""O"", ""O"", ""O"", ""O"", ""O"", ""O"", ""O"", ""O"", ""O"", ""O"", ""O"", ""B-DURATION"", ""I-DURATION"", ""I-DURATION"", ""I-DURATION"", ""I-DURATION"", ""I-DURATION"", ""I-DURATION""]"
218,Cần để dành 5 triệu trong 3 tháng,"[""O"", ""O"", ""O"", ""O"", ""O"", ""O"", ""O"", ""O"", ""O"", ""O"", ""O"", ""O"", ""B-TARGET_AMOUNT"", ""I-TARGET_AMOUNT"", ""I-TARGET_AMOUNT"", ""I-TARGET_AMOUNT"", ""I-TARGET_AMOUNT"", ""I-TARGET_AMOUNT"", ""I-TARGET_AMOUNT"", ""O"", ""O"", ""O"", ""O"", ""O"", ""O"", ""O"", ""B-DURATION"", ""I-DURATION"", ""I-DURATION"", ""I-DURATION"", ""I-DURATION"", ""I-DURATION"", ""I-DURATION""]"
219,Tôi muốn tích lũy 80 triệu trong 2 năm,"[""O"", ""O"", ""O"", ""O"", ""O"", ""O"", ""O"", ""O"", ""O"", ""O"", ""O"", ""O"", ""O"", ""O"", ""O"", ""O"", ""O"", ""O"", ""B-TARGET_AMOUNT"", ""I-TARGET_AMOUNT"", ""I-TARGET_AMOUNT"", ""I-TARGET_AMOUNT"", ""I-TARGET_AMOUNT"", ""I-TARGET_AMOUNT"", ""I-TARGET_AMOUNT"", ""I-TARGET_AMOUNT"", ""O"", ""O"", ""O"", ""O"", ""O"", ""O"", ""O"", ""B-DURATION"", ""I-DURATION"", ""I-DURATION"", ""I-DURATION"", ""I-DURATION""]"
220,Làm sao để dành được 20 triệu trong 8 tháng?,"[""O"", ""O"", ""O"", ""O"", ""O"", ""O"", ""O"", ""O"", ""O"", ""O"", ""O"", ""O"", ""O"", ""O"", ""O"", ""O"", ""O"", ""O"", ""O"", ""O"", ""O"", ""B-TARGET_AMOUNT"", ""I-TARGET_AMOUNT"", ""I-TARGET_AMOUNT"", ""I-TARGET_AMOUNT"", ""I-TARGET_AMOUNT"", ""I-TARGET_AMOUNT"", ""I-TARGET_AMOUNT"", ""I-TARGET_AMOUNT"", ""O"", ""O"", ""O"", ""O"", ""O"", ""O"", ""O"", ""B-DURATION"", ""I-DURATION"", ""I-DURATION"", ""I-DURATION"", ""I-DURATION"", ""I-DURATION"", ""I-DURATION"", ""O""]"
221,Nên quản lý chi tiêu cá nhân như thế nào?,"[""O"", ""O"", ""O"", ""O"", ""O"", ""O"", ""O"", ""O"", ""O"", ""O"", ""O"", ""O"", ""O"", ""O"", ""O"", ""O"", ""O"", ""O"", ""O"", ""O"", ""O"", ""O"", ""O"", ""O"", ""O"", ""O"", ""O"", ""O"", ""O"", ""O"", ""O"", ""O"", ""O"", ""O"", ""O"", ""O"", ""O"", ""O"", ""O"", ""O"", ""O""]"
222,Làm sao để tiết kiệm được nhiều tiền hơn?,"[""O"", ""O"", ""O"", ""O"", ""O"", ""O"", ""O"", ""O"", ""O"", ""O"", ""O"", ""O"", ""O"", ""O"", ""O"", ""O"", ""O"", ""O"", ""O"", ""O"", ""O"", ""O"", ""O"", ""O"", ""O"", ""O"", ""O"", ""O"", ""O"", ""O"", ""O"", ""O"", ""O"", ""O"", ""O"", ""O"", ""O"", ""O"", ""O"", ""O"", ""O""]"
223,Có nên lập quỹ khẩn cấp không?,"[""O"", ""O"", ""O"", ""O"", ""O"", ""O"", ""O"", ""O"", ""O"", ""O"", ""O"", ""O"", ""O"", ""O"", ""O"", ""O"", ""O"", ""O"", ""O"", ""O"", ""O"", ""O"", ""O"", ""O"", ""O"", ""O"", ""O"", ""O"", ""O"", ""O""]"
224,Làm thế nào để lập ngân sách cá nhân?,"[""O"", ""O"", ""O"", ""O"", ""O"", ""O"", ""O"", ""O"", ""O"", ""O"", ""O"", ""O"", ""O"", ""O"", ""O"", ""O"", ""O"", ""O"", ""O"", ""O"", ""O"", ""O"", ""O"", ""O"", ""O"", ""O"", ""O"", ""O"", ""O"", ""O"", ""O"", ""O"", ""O"", ""O"", ""O"", ""O"", ""O""]"
225,Cách kiểm soát việc mua sắm quá tay là gì?,"[""O"", ""O"", ""O"", ""O"", ""O"", ""O"", ""O"", ""O"", ""O"", ""O"", ""O"", ""O"", ""O"", ""O"", ""O"", ""O"", ""O"", ""O"", ""O"", ""O"", ""O"", ""O"", ""O"", ""O"", ""O"", ""O"", ""O"", ""O"", ""O"", ""O"", ""O"", ""O"", ""O"", ""O"", ""O"", ""O"", ""O"", ""O"", ""O"", ""O"", ""O"", ""O""]"
226,Chiều nay mua trà sữa 40k,"[""O"", ""O"", ""O"", ""O"", ""O"", ""O"", ""O"", ""O"", ""O"", ""O"", ""O"", ""O"", ""O"", ""O"", ""O"", ""O"", ""O"", ""O"", ""O"", ""O"", ""O"", ""O"", ""B-AMOUNT"", ""I-AMOUNT"", ""I-AMOUNT""]"
227,Vừa ăn cơm văn phòng hết 75 nghìn,"[""O"", ""O"", ""O"", ""O"", ""O"", ""O"", ""O"", ""B-MERCHANT"", ""I-MERCHANT"", ""I-MERCHANT"", ""I-MERCHANT"", ""I-MERCHANT"", ""I-MERCHANT"", ""I-MERCHANT"", ""I-MERCHANT"", ""I-MERCHANT"", ""I-MERCHANT"", ""I-MERCHANT"", ""I-MERCHANT"", ""I-MERCHANT"", ""O"", ""O"", ""O"", ""O"", ""O"", ""B-AMOUNT"", ""I-AMOUNT"", ""I-AMOUNT"", ""I-AMOUNT"", ""I-AMOUNT"", ""I-AMOUNT"", ""I-AMOUNT"", ""I-AMOUNT""]"
228,Mới gọi đồ ăn hết 120k,"[""O"", ""O"", ""O"", ""O"", ""O"", ""O"", ""O"", ""O"", ""O"", ""O"", ""O"", ""O"", ""O"", ""O"", ""O"", ""O"", ""O"", ""O"", ""B-AMOUNT"", ""I-AMOUNT"", ""I-AMOUNT"", ""I-AMOUNT""]"
229,Sáng nay đi bus mất 15k,"[""O"", ""O"", ""O"", ""O"", ""O"", ""O"", ""O"", ""O"", ""O"", ""O"", ""O"", ""O"", ""B-MERCHANT"", ""I-MERCHANT"", ""I-MERCHANT"", ""O"", ""O"", ""O"", ""O"", ""O"", ""B-AMOUNT"", ""I-AMOUNT"", ""I-AMOUNT""]"
230,Mua mỹ phẩm hết 450 nghìn,"[""O"", ""O"", ""O"", ""O"", ""O"", ""O"", ""O"", ""O"", ""O"", ""O"", ""O"", ""O"", ""O"", ""O"", ""O"", ""O"", ""B-AMOUNT"", ""I-AMOUNT"", ""I-AMOUNT"", ""I-AMOUNT"", ""I-AMOUNT"", ""I-AMOUNT"", ""I-AMOUNT"", ""I-AMOUNT"", ""I-AMOUNT""]"
231,Tối qua đi karaoke hết 600k,"[""O"", ""O"", ""O"", ""O"", ""O"", ""O"", ""O"", ""O"", ""O"", ""O"", ""O"", ""O"", ""O"", ""O"", ""O"", ""O"", ""O"", ""O"", ""O"", ""O"", ""O"", ""O"", ""O"", ""B-AMOUNT"", ""I-AMOUNT"", ""I-AMOUNT"", ""I-AMOUNT""]"
232,Vừa thanh toán tiền nước 180k,"[""O"", ""O"", ""O"", ""O"", ""O"", ""O"", ""O"", ""O"", ""O"", ""O"", ""O"", ""O"", ""O"", ""O"", ""O"", ""O"", ""O"", ""O"", ""O"", ""O"", ""O"", ""O"", ""O"", ""O"", ""O"", ""B-AMOUNT"", ""I-AMOUNT"", ""I-AMOUNT"", ""I-AMOUNT""]"
233,Mua thuốc cho mẹ hết 320 nghìn,"[""O"", ""O"", ""O"", ""O"", ""O"", ""O"", ""O"", ""O"", ""O"", ""O"", ""O"", ""O"", ""O"", ""O"", ""O"", ""O"", ""O"", ""O"", ""O"", ""O"", ""O"", ""B-AMOUNT"", ""I-AMOUNT"", ""I-AMOUNT"", ""I-AMOUNT"", ""I-AMOUNT"", ""I-AMOUNT"", ""I-AMOUNT"", ""I-AMOUNT"", ""I-AMOUNT""]"
234,Đóng tiền phòng 4 triệu rồi,"[""O"", ""O"", ""O"", ""O"", ""O"", ""O"", ""O"", ""O"", ""O"", ""O"", ""O"", ""O"", ""O"", ""O"", ""O"", ""O"", ""B-AMOUNT"", ""I-AMOUNT"", ""I-AMOUNT"", ""I-AMOUNT"", ""I-AMOUNT"", ""I-AMOUNT"", ""I-AMOUNT"", ""O"", ""O"", ""O"", ""O""]"
235,Mua khóa học online hết 900k,"[""O"", ""O"", ""O"", ""O"", ""O"", ""O"", ""O"", ""O"", ""O"", ""O"", ""O"", ""O"", ""O"", ""O"", ""O"", ""O"", ""O"", ""O"", ""O"", ""O"", ""O"", ""O"", ""O"", ""O"", ""B-AMOUNT"", ""I-AMOUNT"", ""I-AMOUNT"", ""I-AMOUNT""]"
236,Ăn sáng với bạn hết 80k,"[""O"", ""O"", ""O"", ""O"", ""O"", ""O"", ""O"", ""O"", ""O"", ""O"", ""O"", ""O"", ""O"", ""O"", ""O"", ""O"", ""O"", ""O"", ""O"", ""O"", ""B-AMOUNT"", ""I-AMOUNT"", ""I-AMOUNT""]"
237,Đi GrabBike hết 35 nghìn,"[""O"", ""O"", ""O"", ""B-MERCHANT"", ""I-MERCHANT"", ""I-MERCHANT"", ""I-MERCHANT"", ""I-MERCHANT"", ""I-MERCHANT"", ""I-MERCHANT"", ""I-MERCHANT"", ""O"", ""O"", ""O"", ""O"", ""O"", ""B-AMOUNT"", ""I-AMOUNT"", ""I-AMOUNT"", ""I-AMOUNT"", ""I-AMOUNT"", ""I-AMOUNT"", ""I-AMOUNT"", ""I-AMOUNT""]"
238,Mua quần jean 550k,"[""O"", ""O"", ""O"", ""O"", ""O"", ""O"", ""O"", ""O"", ""O"", ""O"", ""O"", ""O"", ""O"", ""O"", ""B-AMOUNT"", ""I-AMOUNT"", ""I-AMOUNT"", ""I-AMOUNT""]"
239,Vừa nạp tiền điện thoại 100k,"[""O"", ""O"", ""O"", ""O"", ""O"", ""O"", ""O"", ""O"", ""O"", ""O"", ""O"", ""O"", ""O"", ""O"", ""O"", ""O"", ""O"", ""O"", ""O"", ""O"", ""O"", ""O"", ""O"", ""O"", ""B-AMOUNT"", ""I-AMOUNT"", ""I-AMOUNT"", ""I-AMOUNT""]"
240,Đi siêu thị mua đồ hết 650 nghìn,"[""O"", ""O"", ""O"", ""B-MERCHANT"", ""I-MERCHANT"", ""I-MERCHANT"", ""I-MERCHANT"", ""I-MERCHANT"", ""I-MERCHANT"", ""I-MERCHANT"", ""I-MERCHANT"", ""O"", ""O"", ""O"", ""O"", ""O"", ""O"", ""O"", ""O"", ""O"", ""O"", ""O"", ""O"", ""B-AMOUNT"", ""I-AMOUNT"", ""I-AMOUNT"", ""I-AMOUNT"", ""I-AMOUNT"", ""I-AMOUNT"", ""I-AMOUNT"", ""I-AMOUNT"", ""I-AMOUNT""]"
241,Mới trả tiền wifi 250k,"[""O"", ""O"", ""O"", ""O"", ""O"", ""O"", ""O"", ""O"", ""O"", ""O"", ""O"", ""O"", ""O"", ""O"", ""O"", ""O"", ""O"", ""O"", ""B-AMOUNT"", ""I-AMOUNT"", ""I-AMOUNT"", ""I-AMOUNT""]"
242,Mua quyển sách này 180 nghìn,"[""O"", ""O"", ""O"", ""O"", ""O"", ""O"", ""O"", ""O"", ""O"", ""O"", ""O"", ""O"", ""O"", ""O"", ""O"", ""O"", ""O"", ""O"", ""O"", ""B-AMOUNT"", ""I-AMOUNT"", ""I-AMOUNT"", ""I-AMOUNT"", ""I-AMOUNT"", ""I-AMOUNT"", ""I-AMOUNT"", ""I-AMOUNT"", ""I-AMOUNT""]"
243,Hôm qua đi ăn hết gần 300k,"[""O"", ""O"", ""O"", ""O"", ""O"", ""O"", ""O"", ""O"", ""O"", ""O"", ""O"", ""O"", ""O"", ""O"", ""O"", ""O"", ""O"", ""O"", ""B-AMOUNT"", ""I-AMOUNT"", ""I-AMOUNT"", ""I-AMOUNT"", ""I-AMOUNT"", ""I-AMOUNT"", ""I-AMOUNT"", ""I-AMOUNT""]"
244,Mua vé concert hết 1 triệu 2,"[""O"", ""O"", ""O"", ""O"", ""O"", ""O"", ""O"", ""O"", ""O"", ""O"", ""O"", ""O"", ""O"", ""O"", ""O"", ""O"", ""O"", ""O"", ""O"", ""B-AMOUNT"", ""I-AMOUNT"", ""I-AMOUNT"", ""I-AMOUNT"", ""I-AMOUNT"", ""I-AMOUNT"", ""I-AMOUNT"", ""I-AMOUNT"", ""I-AMOUNT""]"
245,Đổ xăng hết một trăm nghìn,"[""O"", ""O"", ""O"", ""O"", ""O"", ""O"", ""O"", ""O"", ""O"", ""O"", ""O"", ""O"", ""B-AMOUNT"", ""I-AMOUNT"", ""I-AMOUNT"", ""I-AMOUNT"", ""I-AMOUNT"", ""I-AMOUNT"", ""I-AMOUNT"", ""I-AMOUNT"", ""I-AMOUNT"", ""I-AMOUNT"", ""I-AMOUNT"", ""I-AMOUNT"", ""I-AMOUNT"", ""I-AMOUNT""]"
246,Hôm nay công ty trả lương 13 triệu,"[""O"", ""O"", ""O"", ""O"", ""O"", ""O"", ""O"", ""O"", ""O"", ""O"", ""O"", ""O"", ""O"", ""O"", ""O"", ""O"", ""O"", ""O"", ""O"", ""O"", ""O"", ""O"", ""O"", ""O"", ""O"", ""O"", ""B-AMOUNT"", ""I-AMOUNT"", ""I-AMOUNT"", ""I-AMOUNT"", ""I-AMOUNT"", ""I-AMOUNT"", ""I-AMOUNT"", ""I-AMOUNT""]"
247,Vừa nhận 2 củ tiền thưởng,"[""O"", ""O"", ""O"", ""O"", ""O"", ""O"", ""O"", ""O"", ""O"", ""B-AMOUNT"", ""I-AMOUNT"", ""I-AMOUNT"", ""I-AMOUNT"", ""O"", ""O"", ""O"", ""O"", ""O"", ""O"", ""O"", ""O"", ""O"", ""O"", ""O"", ""O""]"
248,Mẹ chuyển khoản cho mình 1 triệu,"[""O"", ""O"", ""O"", ""B-PAYMENT_METHOD"", ""I-PAYMENT_METHOD"", ""I-PAYMENT_METHOD"", ""I-PAYMENT_METHOD"", ""I-PAYMENT_METHOD"", ""I-PAYMENT_METHOD"", ""I-PAYMENT_METHOD"", ""I-PAYMENT_METHOD"", ""I-PAYMENT_METHOD"", ""I-PAYMENT_METHOD"", ""I-PAYMENT_METHOD"", ""I-PAYMENT_METHOD"", ""O"", ""O"", ""O"", ""O"", ""O"", ""O"", ""O"", ""O"", ""O"", ""O"", ""B-AMOUNT"", ""I-AMOUNT"", ""I-AMOUNT"", ""I-AMOUNT"", ""I-AMOUNT"", ""I-AMOUNT"", ""I-AMOUNT""]"
249,Khách thanh toán đơn hàng 3 triệu,"[""O"", ""O"", ""O"", ""O"", ""O"", ""O"", ""O"", ""O"", ""O"", ""O"", ""O"", ""O"", ""O"", ""O"", ""O"", ""O"", ""O"", ""O"", ""O"", ""O"", ""O"", ""O"", ""O"", ""O"", ""O"", ""O"", ""B-AMOUNT"", ""I-AMOUNT"", ""I-AMOUNT"", ""I-AMOUNT"", ""I-AMOUNT"", ""I-AMOUNT"", ""I-AMOUNT""]"
250,Mới nhận tiền freelance 2 củ rưỡi,"[""O"", ""O"", ""O"", ""O"", ""O"", ""O"", ""O"", ""O"", ""O"", ""O"", ""O"", ""O"", ""O"", ""O"", ""O"", ""O"", ""O"", ""O"", ""O"", ""O"", ""O"", ""O"", ""O"", ""O"", ""B-AMOUNT"", ""I-AMOUNT"", ""I-AMOUNT"", ""I-AMOUNT"", ""I-AMOUNT"", ""I-AMOUNT"", ""I-AMOUNT"", ""I-AMOUNT"", ""I-AMOUNT""]"
251,Được thưởng hiệu suất 5 triệu,"[""O"", ""O"", ""O"", ""O"", ""O"", ""O"", ""O"", ""O"", ""O"", ""O"", ""O"", ""O"", ""O"", ""O"", ""O"", ""O"", ""O"", ""O"", ""O"", ""O"", ""O"", ""O"", ""B-AMOUNT"", ""I-AMOUNT"", ""I-AMOUNT"", ""I-AMOUNT"", ""I-AMOUNT"", ""I-AMOUNT"", ""I-AMOUNT""]"
252,Vừa bán chiếc máy ảnh được 7 triệu,"[""O"", ""O"", ""O"", ""O"", ""O"", ""O"", ""O"", ""O"", ""O"", ""O"", ""O"", ""O"", ""O"", ""O"", ""O"", ""O"", ""O"", ""O"", ""O"", ""O"", ""O"", ""O"", ""O"", ""O"", ""O"", ""O"", ""O"", ""B-AMOUNT"", ""I-AMOUNT"", ""I-AMOUNT"", ""I-AMOUNT"", ""I-AMOUNT"", ""I-AMOUNT"", ""I-AMOUNT""]"
253,Tiền lương vừa ting ting 15 triệu,"[""O"", ""O"", ""O"", ""O"", ""O"", ""O"", ""O"", ""O"", ""O"", ""O"", ""O"", ""O"", ""O"", ""O"", ""O"", ""O"", ""O"", ""O"", ""O"", ""O"", ""O"", ""O"", ""O"", ""O"", ""O"", ""B-AMOUNT"", ""I-AMOUNT"", ""I-AMOUNT"", ""I-AMOUNT"", ""I-AMOUNT"", ""I-AMOUNT"", ""I-AMOUNT"", ""I-AMOUNT""]"
254,Anh trai gửi mình 300 nghìn,"[""O"", ""O"", ""O"", ""O"", ""O"", ""O"", ""O"", ""O"", ""O"", ""O"", ""O"", ""O"", ""O"", ""O"", ""O"", ""O"", ""O"", ""O"", ""B-AMOUNT"", ""I-AMOUNT"", ""I-AMOUNT"", ""I-AMOUNT"", ""I-AMOUNT"", ""I-AMOUNT"", ""I-AMOUNT"", ""I-AMOUNT"", ""I-AMOUNT""]"
255,Nhận tiền làm thêm 1 triệu 2,"[""O"", ""O"", ""O"", ""O"", ""O"", ""O"", ""O"", ""O"", ""O"", ""O"", ""O"", ""O"", ""O"", ""O"", ""O"", ""O"", ""O"", ""O"", ""O"", ""B-AMOUNT"", ""I-AMOUNT"", ""I-AMOUNT"", ""I-AMOUNT"", ""I-AMOUNT"", ""I-AMOUNT"", ""I-AMOUNT"", ""I-AMOUNT"", ""I-AMOUNT""]"
256,Vừa được hoàn lại 500k,"[""O"", ""O"", ""O"", ""O"", ""O"", ""O"", ""O"", ""O"", ""O"", ""O"", ""O"", ""O"", ""O"", ""O"", ""O"", ""O"", ""O"", ""O"", ""B-AMOUNT"", ""I-AMOUNT"", ""I-AMOUNT"", ""I-AMOUNT""]"
257,Công ty chuyển khoản tiền lương rồi,"[""O"", ""O"", ""O"", ""O"", ""O"", ""O"", ""O"", ""O"", ""B-PAYMENT_METHOD"", ""I-PAYMENT_METHOD"", ""I-PAYMENT_METHOD"", ""I-PAYMENT_METHOD"", ""I-PAYMENT_METHOD"", ""I-PAYMENT_METHOD"", ""I-PAYMENT_METHOD"", ""I-PAYMENT_METHOD"", ""I-PAYMENT_METHOD"", ""I-PAYMENT_METHOD"", ""I-PAYMENT_METHOD"", ""I-PAYMENT_METHOD"", ""O"", ""O"", ""O"", ""O"", ""O"", ""O"", ""O"", ""O"", ""O"", ""O"", ""O"", ""O"", ""O"", ""O"", ""O""]"
258,Khách vừa trả nợ 2 triệu,"[""O"", ""O"", ""O"", ""O"", ""O"", ""O"", ""O"", ""O"", ""O"", ""O"", ""O"", ""O"", ""O"", ""O"", ""O"", ""O"", ""O"", ""B-AMOUNT"", ""I-AMOUNT"", ""I-AMOUNT"", ""I-AMOUNT"", ""I-AMOUNT"", ""I-AMOUNT"", ""I-AMOUNT""]"
259,Bán đồ cũ thu về 800 nghìn,"[""O"", ""O"", ""O"", ""O"", ""O"", ""O"", ""O"", ""O"", ""O"", ""O"", ""O"", ""O"", ""O"", ""O"", ""O"", ""O"", ""O"", ""B-AMOUNT"", ""I-AMOUNT"", ""I-AMOUNT"", ""I-AMOUNT"", ""I-AMOUNT"", ""I-AMOUNT"", ""I-AMOUNT"", ""I-AMOUNT"", ""I-AMOUNT""]"
260,Được bố mẹ cho 3 triệu,"[""O"", ""O"", ""O"", ""O"", ""O"", ""O"", ""O"", ""O"", ""O"", ""O"", ""O"", ""O"", ""O"", ""O"", ""O"", ""B-AMOUNT"", ""I-AMOUNT"", ""I-AMOUNT"", ""I-AMOUNT"", ""I-AMOUNT"", ""I-AMOUNT"", ""I-AMOUNT""]"
261,Vừa nhận tiền dự án 12 triệu,"[""O"", ""O"", ""O"", ""O"", ""O"", ""O"", ""O"", ""O"", ""O"", ""O"", ""O"", ""O"", ""O"", ""O"", ""O"", ""O"", ""O"", ""O"", ""O"", ""O"", ""B-AMOUNT"", ""I-AMOUNT"", ""I-AMOUNT"", ""I-AMOUNT"", ""I-AMOUNT"", ""I-AMOUNT"", ""I-AMOUNT"", ""I-AMOUNT""]"
262,Có thêm 700k tiền thưởng,"[""O"", ""O"", ""O"", ""O"", ""O"", ""O"", ""O"", ""O"", ""B-AMOUNT"", ""I-AMOUNT"", ""I-AMOUNT"", ""I-AMOUNT"", ""O"", ""O"", ""O"", ""O"", ""O"", ""O"", ""O"", ""O"", ""O"", ""O"", ""O"", ""O""]"
263,Tiền công tháng này được 4 triệu,"[""O"", ""O"", ""O"", ""O"", ""O"", ""O"", ""O"", ""O"", ""O"", ""O"", ""B-PERIOD"", ""I-PERIOD"", ""I-PERIOD"", ""I-PERIOD"", ""I-PERIOD"", ""I-PERIOD"", ""I-PERIOD"", ""I-PERIOD"", ""I-PERIOD"", ""O"", ""O"", ""O"", ""O"", ""O"", ""O"", ""B-AMOUNT"", ""I-AMOUNT"", ""I-AMOUNT"", ""I-AMOUNT"", ""I-AMOUNT"", ""I-AMOUNT"", ""I-AMOUNT""]"
264,Người ta vừa chuyển cho mình 2 củ,"[""O"", ""O"", ""O"", ""O"", ""O"", ""O"", ""O"", ""O"", ""O"", ""O"", ""O"", ""O"", ""O"", ""O"", ""O"", ""O"", ""O"", ""O"", ""O"", ""O"", ""O"", ""O"", ""O"", ""O"", ""O"", ""O"", ""O"", ""O"", ""O"", ""B-AMOUNT"", ""I-AMOUNT"", ""I-AMOUNT"", ""I-AMOUNT""]"
265,Lương tháng này về 17 triệu,"[""O"", ""O"", ""O"", ""O"", ""O"", ""O"", ""B-PERIOD"", ""I-PERIOD"", ""I-PERIOD"", ""I-PERIOD"", ""I-PERIOD"", ""I-PERIOD"", ""I-PERIOD"", ""I-PERIOD"", ""I-PERIOD"", ""O"", ""O"", ""O"", ""O"", ""B-AMOUNT"", ""I-AMOUNT"", ""I-AMOUNT"", ""I-AMOUNT"", ""I-AMOUNT"", ""I-AMOUNT"", ""I-AMOUNT"", ""I-AMOUNT""]"
266,Hiện tại số dư tài khoản của mình là bao nhiêu?,"[""O"", ""O"", ""O"", ""O"", ""O"", ""O"", ""O"", ""O"", ""O"", ""O"", ""O"", ""O"", ""O"", ""O"", ""O"", ""O"", ""O"", ""O"", ""O"", ""O"", ""O"", ""O"", ""O"", ""O"", ""O"", ""O"", ""O"", ""O"", ""O"", ""O"", ""O"", ""O"", ""O"", ""O"", ""O"", ""O"", ""O"", ""O"", ""O"", ""O"", ""O"", ""O"", ""O"", ""O"", ""O"", ""O"", ""O""]"
267,Mình còn bao nhiêu tiền để tiêu?,"[""O"", ""O"", ""O"", ""O"", ""O"", ""O"", ""O"", ""O"", ""O"", ""O"", ""O"", ""O"", ""O"", ""O"", ""O"", ""O"", ""O"", ""O"", ""O"", ""O"", ""O"", ""O"", ""O"", ""O"", ""O"", ""O"", ""O"", ""O"", ""O"", ""O"", ""O"", ""O""]"
268,Kiểm tra giúp số dư hiện tại,"[""O"", ""O"", ""O"", ""O"", ""O"", ""O"", ""O"", ""O"", ""O"", ""O"", ""O"", ""O"", ""O"", ""O"", ""O"", ""O"", ""O"", ""O"", ""O"", ""O"", ""O"", ""O"", ""O"", ""O"", ""O"", ""O"", ""O"", ""O""]"
269,Tài khoản ngân hàng giờ còn bao nhiêu?,"[""O"", ""O"", ""O"", ""O"", ""O"", ""O"", ""O"", ""O"", ""O"", ""O"", ""O"", ""O"", ""O"", ""O"", ""O"", ""O"", ""O"", ""O"", ""O"", ""O"", ""O"", ""O"", ""O"", ""O"", ""O"", ""O"", ""O"", ""O"", ""O"", ""O"", ""O"", ""O"", ""O"", ""O"", ""O"", ""O"", ""O"", ""O""]"
270,Còn bao nhiêu tiền trong ví vậy?,"[""O"", ""O"", ""O"", ""O"", ""O"", ""O"", ""O"", ""O"", ""O"", ""O"", ""O"", ""O"", ""O"", ""O"", ""O"", ""O"", ""O"", ""O"", ""O"", ""O"", ""O"", ""O"", ""O"", ""O"", ""O"", ""O"", ""O"", ""O"", ""O"", ""O"", ""O"", ""O""]"
271,Sau khi trừ các khoản thì mình còn bao nhiêu?,"[""O"", ""O"", ""O"", ""O"", ""O"", ""O"", ""O"", ""O"", ""O"", ""O"", ""O"", ""O"", ""O"", ""O"", ""O"", ""O"", ""O"", ""O"", ""O"", ""O"", ""O"", ""O"", ""O"", ""O"", ""O"", ""O"", ""O"", ""O"", ""O"", ""O"", ""O"", ""O"", ""O"", ""O"", ""O"", ""O"", ""O"", ""O"", ""O"", ""O"", ""O"", ""O"", ""O"", ""O"", ""O""]"
272,Cho mình biết số dư hiện tại nhé,"[""O"", ""O"", ""O"", ""O"", ""O"", ""O"", ""O"", ""O"", ""O"", ""O"", ""O"", ""O"", ""O"", ""O"", ""O"", ""O"", ""O"", ""O"", ""O"", ""O"", ""O"", ""O"", ""O"", ""O"", ""O"", ""O"", ""O"", ""O"", ""O"", ""O"", ""O"", ""O""]"
273,Tôi còn dư được bao nhiêu trong tài khoản?,"[""O"", ""O"", ""O"", ""O"", ""O"", ""O"", ""O"", ""O"", ""O"", ""O"", ""O"", ""O"", ""O"", ""O"", ""O"", ""O"", ""O"", ""O"", ""O"", ""O"", ""O"", ""O"", ""O"", ""O"", ""O"", ""O"", ""O"", ""O"", ""O"", ""O"", ""O"", ""O"", ""O"", ""O"", ""O"", ""O"", ""O"", ""O"", ""O"", ""O"", ""O"", ""O""]"
274,Giờ trong tài khoản còn lại bao nhiêu?,"[""O"", ""O"", ""O"", ""O"", ""O"", ""O"", ""O"", ""O"", ""O"", ""O"", ""O"", ""O"", ""O"", ""O"", ""O"", ""O"", ""O"", ""O"", ""O"", ""O"", ""O"", ""O"", ""O"", ""O"", ""O"", ""O"", ""O"", ""O"", ""O"", ""O"", ""O"", ""O"", ""O"", ""O"", ""O"", ""O"", ""O"", ""O""]"
275,Mình đang có bao nhiêu tiền?,"[""O"", ""O"", ""O"", ""O"", ""O"", ""O"", ""O"", ""O"", ""O"", ""O"", ""O"", ""O"", ""O"", ""O"", ""O"", ""O"", ""O"", ""O"", ""O"", ""O"", ""O"", ""O"", ""O"", ""O"", ""O"", ""O"", ""O"", ""O""]"
276,Tổng chi tiêu tháng này của mình là bao nhiêu?,"[""O"", ""O"", ""O"", ""O"", ""O"", ""O"", ""O"", ""O"", ""O"", ""O"", ""O"", ""O"", ""O"", ""O"", ""B-PERIOD"", ""I-PERIOD"", ""I-PERIOD"", ""I-PERIOD"", ""I-PERIOD"", ""I-PERIOD"", ""I-PERIOD"", ""I-PERIOD"", ""I-PERIOD"", ""O"", ""O"", ""O"", ""O"", ""O"", ""O"", ""O"", ""O"", ""O"", ""O"", ""O"", ""O"", ""O"", ""O"", ""O"", ""O"", ""O"", ""O"", ""O"", ""O"", ""O"", ""O"", ""O""]"
277,Từ đầu tháng đến nay đã tiêu tổng cộng bao nhiêu?,"[""B-PERIOD"", ""I-PERIOD"", ""I-PERIOD"", ""I-PERIOD"", ""I-PERIOD"", ""I-PERIOD"", ""I-PERIOD"", ""I-PERIOD"", ""I-PERIOD"", ""I-PERIOD"", ""I-PERIOD"", ""I-PERIOD"", ""I-PERIOD"", ""I-PERIOD"", ""I-PERIOD"", ""I-PERIOD"", ""I-PERIOD"", ""I-PERIOD"", ""I-PERIOD"", ""I-PERIOD"", ""O"", ""O"", ""O"", ""O"", ""O"", ""O"", ""O"", ""O"", ""O"", ""O"", ""O"", ""O"", ""O"", ""O"", ""O"", ""O"", ""O"", ""O"", ""O"", ""O"", ""O"", ""O"", ""O"", ""O"", ""O"", ""O"", ""O"", ""O"", ""O""]"
278,Hôm nay mình đã chi tổng bao nhiêu tiền?,"[""O"", ""O"", ""O"", ""O"", ""O"", ""O"", ""O"", ""O"", ""O"", ""O"", ""O"", ""O"", ""O"", ""O"", ""O"", ""O"", ""O"", ""O"", ""O"", ""O"", ""O"", ""O"", ""O"", ""O"", ""O"", ""O"", ""O"", ""O"", ""O"", ""O"", ""O"", ""O"", ""O"", ""O"", ""O"", ""O"", ""O"", ""O"", ""O"", ""O""]"
279,Tuần này tổng chi là bao nhiêu?,"[""B-PERIOD"", ""I-PERIOD"", ""I-PERIOD"", ""I-PERIOD"", ""I-PERIOD"", ""I-PERIOD"", ""I-PERIOD"", ""I-PERIOD"", ""O"", ""O"", ""O"", ""O"", ""O"", ""O"", ""O"", ""O"", ""O"", ""O"", ""O"", ""O"", ""O"", ""O"", ""O"", ""O"", ""O"", ""O"", ""O"", ""O"", ""O"", ""O"", ""O""]"
280,Tháng trước mình đã tiêu hết bao nhiêu?,"[""B-PERIOD"", ""I-PERIOD"", ""I-PERIOD"", ""I-PERIOD"", ""I-PERIOD"", ""I-PERIOD"", ""I-PERIOD"", ""I-PERIOD"", ""I-PERIOD"", ""I-PERIOD"", ""I-PERIOD"", ""O"", ""O"", ""O"", ""O"", ""O"", ""O"", ""O"", ""O"", ""O"", ""O"", ""O"", ""O"", ""O"", ""O"", ""O"", ""O"", ""O"", ""O"", ""O"", ""O"", ""O"", ""O"", ""O"", ""O"", ""O"", ""O"", ""O"", ""O""]"
281,Trong 30 ngày qua tôi đã chi bao nhiêu?,"[""O"", ""O"", ""O"", ""O"", ""O"", ""O"", ""B-PERIOD"", ""I-PERIOD"", ""I-PERIOD"", ""I-PERIOD"", ""I-PERIOD"", ""I-PERIOD"", ""I-PERIOD"", ""O"", ""O"", ""O"", ""O"", ""O"", ""O"", ""O"", ""O"", ""O"", ""O"", ""O"", ""O"", ""O"", ""O"", ""O"", ""O"", ""O"", ""O"", ""O"", ""O"", ""O"", ""O"", ""O"", ""O"", ""O"", ""O""]"
282,Từ đầu năm đến giờ tổng chi bao nhiêu?,"[""B-PERIOD"", ""I-PERIOD"", ""I-PERIOD"", ""I-PERIOD"", ""I-PERIOD"", ""I-PERIOD"", ""I-PERIOD"", ""I-PERIOD"", ""I-PERIOD"", ""I-PERIOD"", ""I-PERIOD"", ""I-PERIOD"", ""I-PERIOD"", ""I-PERIOD"", ""I-PERIOD"", ""I-PERIOD"", ""I-PERIOD"", ""I-PERIOD"", ""O"", ""O"", ""O"", ""O"", ""O"", ""O"", ""O"", ""O"", ""O"", ""O"", ""O"", ""O"", ""O"", ""O"", ""O"", ""O"", ""O"", ""O"", ""O"", ""O""]"
283,Hôm qua tôi đã tiêu tổng cộng bao nhiêu?,"[""O"", ""O"", ""O"", ""O"", ""O"", ""O"", ""O"", ""O"", ""O"", ""O"", ""O"", ""O"", ""O"", ""O"", ""O"", ""O"", ""O"", ""O"", ""O"", ""O"", ""O"", ""O"", ""O"", ""O"", ""O"", ""O"", ""O"", ""O"", ""O"", ""O"", ""O"", ""O"", ""O"", ""O"", ""O"", ""O"", ""O"", ""O"", ""O"", ""O""]"
284,Cho mình biết tổng số tiền đã chi trong tuần này,"[""O"", ""O"", ""O"", ""O"", ""O"", ""O"", ""O"", ""O"", ""O"", ""O"", ""O"", ""O"", ""O"", ""O"", ""O"", ""O"", ""O"", ""O"", ""O"", ""O"", ""O"", ""O"", ""O"", ""O"", ""O"", ""O"", ""O"", ""O"", ""O"", ""O"", ""O"", ""O"", ""O"", ""O"", ""O"", ""O"", ""O"", ""O"", ""O"", ""O"", ""B-PERIOD"", ""I-PERIOD"", ""I-PERIOD"", ""I-PERIOD"", ""I-PERIOD"", ""I-PERIOD"", ""I-PERIOD"", ""I-PERIOD""]"
285,Tháng này tôi đã tiêu tổng cộng bao nhiêu rồi?,"[""B-PERIOD"", ""I-PERIOD"", ""I-PERIOD"", ""I-PERIOD"", ""I-PERIOD"", ""I-PERIOD"", ""I-PERIOD"", ""I-PERIOD"", ""I-PERIOD"", ""O"", ""O"", ""O"", ""O"", ""O"", ""O"", ""O"", ""O"", ""O"", ""O"", ""O"", ""O"", ""O"", ""O"", ""O"", ""O"", ""O"", ""O"", ""O"", ""O"", ""O"", ""O"", ""O"", ""O"", ""O"", ""O"", ""O"", ""O"", ""O"", ""O"", ""O"", ""O"", ""O"", ""O"", ""O"", ""O"", ""O""]"
286,Tháng này tiền ăn uống của mình hết bao nhiêu?,"[""B-PERIOD"", ""I-PERIOD"", ""I-PERIOD"", ""I-PERIOD"", ""I-PERIOD"", ""I-PERIOD"", ""I-PERIOD"", ""I-PERIOD"", ""I-PERIOD"", ""O"", ""O"", ""O"", ""O"", ""O"", ""O"", ""O"", ""O"", ""O"", ""O"", ""O"", ""O"", ""O"", ""O"", ""O"", ""O"", ""O"", ""O"", ""O"", ""O"", ""O"", ""O"", ""O"", ""O"", ""O"", ""O"", ""O"", ""O"", ""O"", ""O"", ""O"", ""O"", ""O"", ""O"", ""O"", ""O"", ""O""]"
287,Tôi đã chi bao nhiêu cho xăng xe?,"[""O"", ""O"", ""O"", ""O"", ""O"", ""O"", ""O"", ""O"", ""O"", ""O"", ""O"", ""O"", ""O"", ""O"", ""O"", ""O"", ""O"", ""O"", ""O"", ""O"", ""O"", ""O"", ""O"", ""O"", ""O"", ""O"", ""O"", ""O"", ""O"", ""O"", ""O"", ""O"", ""O""]"
288,Mua sắm tháng này tốn bao nhiêu?,"[""O"", ""O"", ""O"", ""O"", ""O"", ""O"", ""O"", ""O"", ""B-PERIOD"", ""I-PERIOD"", ""I-PERIOD"", ""I-PERIOD"", ""I-PERIOD"", ""I-PERIOD"", ""I-PERIOD"", ""I-PERIOD"", ""I-PERIOD"", ""O"", ""O"", ""O"", ""O"", ""O"", ""O"", ""O"", ""O"", ""O"", ""O"", ""O"", ""O"", ""O"", ""O"", ""O""]"
289,Tiền điện tháng này hết bao nhiêu?,"[""O"", ""O"", ""O"", ""O"", ""O"", ""O"", ""O"", ""O"", ""O"", ""O"", ""B-PERIOD"", ""I-PERIOD"", ""I-PERIOD"", ""I-PERIOD"", ""I-PERIOD"", ""I-PERIOD"", ""I-PERIOD"", ""I-PERIOD"", ""I-PERIOD"", ""O"", ""O"", ""O"", ""O"", ""O"", ""O"", ""O"", ""O"", ""O"", ""O"", ""O"", ""O"", ""O"", ""O"", ""O""]"
290,Tiền thuê phòng tháng này là bao nhiêu?,"[""O"", ""O"", ""O"", ""O"", ""O"", ""O"", ""O"", ""O"", ""O"", ""O"", ""O"", ""O"", ""O"", ""O"", ""O"", ""O"", ""B-PERIOD"", ""I-PERIOD"", ""I-PERIOD"", ""I-PERIOD"", ""I-PERIOD"", ""I-PERIOD"", ""I-PERIOD"", ""I-PERIOD"", ""I-PERIOD"", ""O"", ""O"", ""O"", ""O"", ""O"", ""O"", ""O"", ""O"", ""O"", ""O"", ""O"", ""O"", ""O"", ""O""]"
291,Tôi đã tốn bao nhiêu cho các hoạt động vui chơi?,"[""O"", ""O"", ""O"", ""O"", ""O"", ""O"", ""O"", ""O"", ""O"", ""O"", ""O"", ""O"", ""O"", ""O"", ""O"", ""O"", ""O"", ""O"", ""O"", ""O"", ""O"", ""O"", ""O"", ""O"", ""O"", ""O"", ""O"", ""O"", ""O"", ""O"", ""O"", ""O"", ""O"", ""O"", ""O"", ""O"", ""O"", ""O"", ""O"", ""O"", ""O"", ""O"", ""O"", ""O"", ""O"", ""O"", ""O"", ""O""]"
292,Chi phí thuốc men tháng này bao nhiêu?,"[""O"", ""O"", ""O"", ""O"", ""O"", ""O"", ""O"", ""O"", ""O"", ""O"", ""O"", ""O"", ""O"", ""O"", ""O"", ""O"", ""O"", ""O"", ""B-PERIOD"", ""I-PERIOD"", ""I-PERIOD"", ""I-PERIOD"", ""I-PERIOD"", ""I-PERIOD"", ""I-PERIOD"", ""I-PERIOD"", ""I-PERIOD"", ""O"", ""O"", ""O"", ""O"", ""O"", ""O"", ""O"", ""O"", ""O"", ""O"", ""O""]"
293,Học tập tháng này hết bao nhiêu tiền?,"[""O"", ""O"", ""O"", ""O"", ""O"", ""O"", ""O"", ""O"", ""B-PERIOD"", ""I-PERIOD"", ""I-PERIOD"", ""I-PERIOD"", ""I-PERIOD"", ""I-PERIOD"", ""I-PERIOD"", ""I-PERIOD"", ""I-PERIOD"", ""O"", ""O"", ""O"", ""O"", ""O"", ""O"", ""O"", ""O"", ""O"", ""O"", ""O"", ""O"", ""O"", ""O"", ""O"", ""O"", ""O"", ""O"", ""O"", ""O""]"
294,Tôi tiêu bao nhiêu tiền cho việc đi lại?,"[""O"", ""O"", ""O"", ""O"", ""O"", ""O"", ""O"", ""O"", ""O"", ""O"", ""O"", ""O"", ""O"", ""O"", ""O"", ""O"", ""O"", ""O"", ""O"", ""O"", ""O"", ""O"", ""O"", ""O"", ""O"", ""O"", ""O"", ""O"", ""O"", ""O"", ""O"", ""O"", ""O"", ""O"", ""O"", ""O"", ""O"", ""O"", ""O"", ""O""]"
295,Khoản chi nào chiếm nhiều tiền nhất?,"[""O"", ""O"", ""O"", ""O"", ""O"", ""O"", ""O"", ""O"", ""O"", ""O"", ""O"", ""O"", ""O"", ""O"", ""O"", ""O"", ""O"", ""O"", ""O"", ""O"", ""O"", ""O"", ""O"", ""O"", ""O"", ""O"", ""O"", ""O"", ""O"", ""O"", ""O"", ""O"", ""O"", ""O"", ""O"", ""O""]"
296,Đặt ngân sách ăn uống 2 triệu mỗi tháng cho tôi,"[""O"", ""O"", ""O"", ""O"", ""O"", ""O"", ""O"", ""O"", ""O"", ""O"", ""O"", ""O"", ""O"", ""O"", ""O"", ""O"", ""O"", ""O"", ""O"", ""O"", ""O"", ""O"", ""B-BUDGET_LIMIT"", ""I-BUDGET_LIMIT"", ""I-BUDGET_LIMIT"", ""I-BUDGET_LIMIT"", ""I-BUDGET_LIMIT"", ""I-BUDGET_LIMIT"", ""I-BUDGET_LIMIT"", ""O"", ""B-PERIOD"", ""I-PERIOD"", ""I-PERIOD"", ""I-PERIOD"", ""I-PERIOD"", ""I-PERIOD"", ""I-PERIOD"", ""I-PERIOD"", ""I-PERIOD"", ""O"", ""O"", ""O"", ""O"", ""O"", ""O"", ""O"", ""O""]"
297,Từ giờ tiền mua sắm không được vượt 3 triệu,"[""B-PERIOD"", ""I-PERIOD"", ""I-PERIOD"", ""I-PERIOD"", ""I-PERIOD"", ""I-PERIOD"", ""O"", ""O"", ""O"", ""O"", ""O"", ""O"", ""O"", ""O"", ""O"", ""O"", ""O"", ""O"", ""O"", ""O"", ""O"", ""O"", ""O"", ""O"", ""O"", ""O"", ""O"", ""O"", ""O"", ""O"", ""O"", ""O"", ""O"", ""O"", ""O"", ""O"", ""B-BUDGET_LIMIT"", ""I-BUDGET_LIMIT"", ""I-BUDGET_LIMIT"", ""I-BUDGET_LIMIT"", ""I-BUDGET_LIMIT"", ""I-BUDGET_LIMIT"", ""I-BUDGET_LIMIT""]"
298,Giới hạn chi tiêu đi lại tháng này là 700k,"[""O"", ""O"", ""O"", ""O"", ""O"", ""O"", ""O"", ""O"", ""O"", ""O"", ""O"", ""O"", ""O"", ""O"", ""O"", ""O"", ""O"", ""O"", ""O"", ""O"", ""O"", ""O"", ""O"", ""O"", ""O"", ""B-PERIOD"", ""I-PERIOD"", ""I-PERIOD"", ""I-PERIOD"", ""I-PERIOD"", ""I-PERIOD"", ""I-PERIOD"", ""I-PERIOD"", ""I-PERIOD"", ""O"", ""O"", ""O"", ""O"", ""B-BUDGET_LIMIT"", ""I-BUDGET_LIMIT"", ""I-BUDGET_LIMIT"", ""I-BUDGET_LIMIT""]"
299,Cho giải trí ngân sách 1 triệu một tháng,"[""O"", ""O"", ""O"", ""O"", ""O"", ""O"", ""O"", ""O"", ""O"", ""O"", ""O"", ""O"", ""O"", ""O"", ""O"", ""O"", ""O"", ""O"", ""O"", ""O"", ""O"", ""O"", ""O"", ""B-BUDGET_LIMIT"", ""I-BUDGET_LIMIT"", ""I-BUDGET_LIMIT"", ""I-BUDGET_LIMIT"", ""I-BUDGET_LIMIT"", ""I-BUDGET_LIMIT"", ""I-BUDGET_LIMIT"", ""O"", ""B-PERIOD"", ""I-PERIOD"", ""I-PERIOD"", ""I-PERIOD"", ""I-PERIOD"", ""I-PERIOD"", ""I-PERIOD"", ""I-PERIOD"", ""I-PERIOD""]"
300,Tiền điện mỗi tháng giới hạn 800 nghìn nhé,"[""O"", ""O"", ""O"", ""O"", ""O"", ""O"", ""O"", ""O"", ""O"", ""O"", ""B-PERIOD"", ""I-PERIOD"", ""I-PERIOD"", ""I-PERIOD"", ""I-PERIOD"", ""I-PERIOD"", ""I-PERIOD"", ""I-PERIOD"", ""I-PERIOD"", ""O"", ""O"", ""O"", ""O"", ""O"", ""O"", ""O"", ""O"", ""O"", ""O"", ""B-BUDGET_LIMIT"", ""I-BUDGET_LIMIT"", ""I-BUDGET_LIMIT"", ""I-BUDGET_LIMIT"", ""I-BUDGET_LIMIT"", ""I-BUDGET_LIMIT"", ""I-BUDGET_LIMIT"", ""I-BUDGET_LIMIT"", ""I-BUDGET_LIMIT"", ""O"", ""O"", ""O"", ""O""]"
301,Tôi muốn đặt mức tối đa 2 triệu cho ăn uống,"[""O"", ""O"", ""O"", ""O"", ""O"", ""O"", ""O"", ""O"", ""O"", ""O"", ""O"", ""O"", ""O"", ""O"", ""O"", ""O"", ""O"", ""O"", ""O"", ""O"", ""O"", ""O"", ""O"", ""O"", ""B-BUDGET_LIMIT"", ""I-BUDGET_LIMIT"", ""I-BUDGET_LIMIT"", ""I-BUDGET_LIMIT"", ""I-BUDGET_LIMIT"", ""I-BUDGET_LIMIT"", ""I-BUDGET_LIMIT"", ""O"", ""O"", ""O"", ""O"", ""O"", ""O"", ""O"", ""O"", ""O"", ""O"", ""O"", ""O""]"
302,Đặt budget tiền nhà tháng này là 6 triệu,"[""O"", ""O"", ""O"", ""O"", ""O"", ""O"", ""O"", ""O"", ""O"", ""O"", ""O"", ""O"", ""O"", ""O"", ""O"", ""O"", ""O"", ""O"", ""O"", ""O"", ""B-PERIOD"", ""I-PERIOD"", ""I-PERIOD"", ""I-PERIOD"", ""I-PERIOD"", ""I-PERIOD"", ""I-PERIOD"", ""I-PERIOD"", ""I-PERIOD"", ""O"", ""O"", ""O"", ""O"", ""B-BUDGET_LIMIT"", ""I-BUDGET_LIMIT"", ""I-BUDGET_LIMIT"", ""I-BUDGET_LIMIT"", ""I-BUDGET_LIMIT"", ""I-BUDGET_LIMIT"", ""I-BUDGET_LIMIT""]"
303,Không cho tôi tiêu quá 1 triệu vào việc mua sắm,"[""O"", ""O"", ""O"", ""O"", ""O"", ""O"", ""O"", ""O"", ""O"", ""O"", ""O"", ""O"", ""O"", ""O"", ""O"", ""O"", ""O"", ""O"", ""O"", ""O"", ""O"", ""O"", ""O"", ""B-BUDGET_LIMIT"", ""I-BUDGET_LIMIT"", ""I-BUDGET_LIMIT"", ""I-BUDGET_LIMIT"", ""I-BUDGET_LIMIT"", ""I-BUDGET_LIMIT"", ""I-BUDGET_LIMIT"", ""O"", ""O"", ""O"", ""O"", ""O"", ""O"", ""O"", ""O"", ""O"", ""O"", ""O"", ""O"", ""O"", ""O"", ""O"", ""O"", ""O""]"
304,Ngân sách đi lại mỗi tháng để 1 triệu,"[""O"", ""O"", ""O"", ""O"", ""O"", ""O"", ""O"", ""O"", ""O"", ""O"", ""O"", ""O"", ""O"", ""O"", ""O"", ""O"", ""O"", ""B-PERIOD"", ""I-PERIOD"", ""I-PERIOD"", ""I-PERIOD"", ""I-PERIOD"", ""I-PERIOD"", ""I-PERIOD"", ""I-PERIOD"", ""I-PERIOD"", ""O"", ""O"", ""O"", ""O"", ""B-BUDGET_LIMIT"", ""I-BUDGET_LIMIT"", ""I-BUDGET_LIMIT"", ""I-BUDGET_LIMIT"", ""I-BUDGET_LIMIT"", ""I-BUDGET_LIMIT"", ""I-BUDGET_LIMIT""]"
305,Giới hạn tiền giải trí ở mức 500k,"[""O"", ""O"", ""O"", ""O"", ""O"", ""O"", ""O"", ""O"", ""O"", ""O"", ""O"", ""O"", ""O"", ""O"", ""O"", ""O"", ""O"", ""O"", ""O"", ""O"", ""O"", ""O"", ""O"", ""O"", ""O"", ""O"", ""O"", ""O"", ""O"", ""B-BUDGET_LIMIT"", ""I-BUDGET_LIMIT"", ""I-BUDGET_LIMIT"", ""I-BUDGET_LIMIT""]"
306,Mục tiêu của tôi là tiết kiệm 20 triệu trong 4 tháng,"[""O"", ""O"", ""O"", ""O"", ""O"", ""O"", ""O"", ""O"", ""O"", ""O"", ""O"", ""O"", ""O"", ""O"", ""O"", ""O"", ""O"", ""O"", ""O"", ""O"", ""O"", ""O"", ""O"", ""O"", ""O"", ""O"", ""O"", ""O"", ""O"", ""O"", ""B-TARGET_AMOUNT"", ""I-TARGET_AMOUNT"", ""I-TARGET_AMOUNT"", ""I-TARGET_AMOUNT"", ""I-TARGET_AMOUNT"", ""I-TARGET_AMOUNT"", ""I-TARGET_AMOUNT"", ""I-TARGET_AMOUNT"", ""O"", ""O"", ""O"", ""O"", ""O"", ""O"", ""O"", ""B-DURATION"", ""I-DURATION"", ""I-DURATION"", ""I-DURATION"", ""I-DURATION"", ""I-DURATION"", ""I-DURATION""]"
307,Tôi muốn có 30 triệu tiền tiết kiệm sau 6 tháng,"[""O"", ""O"", ""O"", ""O"", ""O"", ""O"", ""O"", ""O"", ""O"", ""O"", ""O"", ""O"", ""B-TARGET_AMOUNT"", ""I-TARGET_AMOUNT"", ""I-TARGET_AMOUNT"", ""I-TARGET_AMOUNT"", ""I-TARGET_AMOUNT"", ""I-TARGET_AMOUNT"", ""I-TARGET_AMOUNT"", ""I-TARGET_AMOUNT"", ""O"", ""O"", ""O"", ""O"", ""O"", ""O"", ""O"", ""O"", ""O"", ""O"", ""O"", ""O"", ""O"", ""O"", ""O"", ""O"", ""O"", ""O"", ""O"", ""O"", ""B-DURATION"", ""I-DURATION"", ""I-DURATION"", ""I-DURATION"", ""I-DURATION"", ""I-DURATION"", ""I-DURATION""]"
308,Cần để dành 60 triệu trong vòng 1 năm,"[""O"", ""O"", ""O"", ""O"", ""O"", ""O"", ""O"", ""O"", ""O"", ""O"", ""O"", ""O"", ""B-TARGET_AMOUNT"", ""I-TARGET_AMOUNT"", ""I-TARGET_AMOUNT"", ""I-TARGET_AMOUNT"", ""I-TARGET_AMOUNT"", ""I-TARGET_AMOUNT"", ""I-TARGET_AMOUNT"", ""I-TARGET_AMOUNT"", ""O"", ""O"", ""O"", ""O"", ""O"", ""O"", ""O"", ""O"", ""O"", ""O"", ""O"", ""O"", ""B-DURATION"", ""I-DURATION"", ""I-DURATION"", ""I-DURATION"", ""I-DURATION""]"
309,Mình muốn tích lũy 15 triệu trong 5 tháng,"[""O"", ""O"", ""O"", ""O"", ""O"", ""O"", ""O"", ""O"", ""O"", ""O"", ""O"", ""O"", ""O"", ""O"", ""O"", ""O"", ""O"", ""O"", ""O"", ""B-TARGET_AMOUNT"", ""I-TARGET_AMOUNT"", ""I-TARGET_AMOUNT"", ""I-TARGET_AMOUNT"", ""I-TARGET_AMOUNT"", ""I-TARGET_AMOUNT"", ""I-TARGET_AMOUNT"", ""I-TARGET_AMOUNT"", ""O"", ""O"", ""O"", ""O"", ""O"", ""O"", ""O"", ""B-DURATION"", ""I-DURATION"", ""I-DURATION"", ""I-DURATION"", ""I-DURATION"", ""I-DURATION"", ""I-DURATION""]"
310,Tôi cần tiết kiệm 40 triệu để mua xe trong 10 tháng,"[""O"", ""O"", ""O"", ""O"", ""O"", ""O"", ""O"", ""O"", ""O"", ""O"", ""O"", ""O"", ""O"", ""O"", ""O"", ""O"", ""O"", ""O"", ""B-TARGET_AMOUNT"", ""I-TARGET_AMOUNT"", ""I-TARGET_AMOUNT"", ""I-TARGET_AMOUNT"", ""I-TARGET_AMOUNT"", ""I-TARGET_AMOUNT"", ""I-TARGET_AMOUNT"", ""I-TARGET_AMOUNT"", ""O"", ""O"", ""O"", ""O"", ""O"", ""O"", ""O"", ""O"", ""O"", ""O"", ""O"", ""O"", ""O"", ""O"", ""O"", ""O"", ""O"", ""B-DURATION"", ""I-DURATION"", ""I-DURATION"", ""I-DURATION"", ""I-DURATION"", ""I-DURATION"", ""I-DURATION"", ""I-DURATION""]"
311,Làm sao để dành được 12 triệu trong 6 tháng?,"[""O"", ""O"", ""O"", ""O"", ""O"", ""O"", ""O"", ""O"", ""O"", ""O"", ""O"", ""O"", ""O"", ""O"", ""O"", ""O"", ""O"", ""O"", ""O"", ""O"", ""O"", ""B-TARGET_AMOUNT"", ""I-TARGET_AMOUNT"", ""I-TARGET_AMOUNT"", ""I-TARGET_AMOUNT"", ""I-TARGET_AMOUNT"", ""I-TARGET_AMOUNT"", ""I-TARGET_AMOUNT"", ""I-TARGET_AMOUNT"", ""O"", ""O"", ""O"", ""O"", ""O"", ""O"", ""O"", ""B-DURATION"", ""I-DURATION"", ""I-DURATION"", ""I-DURATION"", ""I-DURATION"", ""I-DURATION"", ""I-DURATION"", ""O""]"
312,Mỗi tháng phải tiết kiệm bao nhiêu để đạt 100 triệu sau 2 năm?,"[""B-PERIOD"", ""I-PERIOD"", ""I-PERIOD"", ""I-PERIOD"", ""I-PERIOD"", ""I-PERIOD"", ""I-PERIOD"", ""I-PERIOD"", ""I-PERIOD"", ""O"", ""O"", ""O"", ""O"", ""O"", ""O"", ""O"", ""O"", ""O"", ""O"", ""O"", ""O"", ""O"", ""O"", ""O"", ""O"", ""O"", ""O"", ""O"", ""O"", ""O"", ""O"", ""O"", ""O"", ""O"", ""O"", ""O"", ""O"", ""O"", ""O"", ""O"", ""O"", ""O"", ""B-TARGET_AMOUNT"", ""I-TARGET_AMOUNT"", ""I-TARGET_AMOUNT"", ""I-TARGET_AMOUNT"", ""I-TARGET_AMOUNT"", ""I-TARGET_AMOUNT"", ""I-TARGET_AMOUNT"", ""I-TARGET_AMOUNT"", ""I-TARGET_AMOUNT"", ""O"", ""O"", ""O"", ""O"", ""O"", ""B-DURATION"", ""I-DURATION"", ""I-DURATION"", ""I-DURATION"", ""I-DURATION"", ""O""]"
313,Mục tiêu tiết kiệm 8 triệu trong 4 tháng,"[""O"", ""O"", ""O"", ""O"", ""O"", ""O"", ""O"", ""O"", ""O"", ""O"", ""O"", ""O"", ""O"", ""O"", ""O"", ""O"", ""O"", ""O"", ""O"", ""B-TARGET_AMOUNT"", ""I-TARGET_AMOUNT"", ""I-TARGET_AMOUNT"", ""I-TARGET_AMOUNT"", ""I-TARGET_AMOUNT"", ""I-TARGET_AMOUNT"", ""I-TARGET_AMOUNT"", ""O"", ""O"", ""O"", ""O"", ""O"", ""O"", ""O"", ""B-DURATION"", ""I-DURATION"", ""I-DURATION"", ""I-DURATION"", ""I-DURATION"", ""I-DURATION"", ""I-DURATION""]"
314,Tôi muốn dành dụm 50 triệu trong 18 tháng,"[""O"", ""O"", ""O"", ""O"", ""O"", ""O"", ""O"", ""O"", ""O"", ""O"", ""O"", ""O"", ""O"", ""O"", ""O"", ""O"", ""O"", ""O"", ""B-TARGET_AMOUNT"", ""I-TARGET_AMOUNT"", ""I-TARGET_AMOUNT"", ""I-TARGET_AMOUNT"", ""I-TARGET_AMOUNT"", ""I-TARGET_AMOUNT"", ""I-TARGET_AMOUNT"", ""I-TARGET_AMOUNT"", ""O"", ""O"", ""O"", ""O"", ""O"", ""O"", ""O"", ""B-DURATION"", ""I-DURATION"", ""I-DURATION"", ""I-DURATION"", ""I-DURATION"", ""I-DURATION"", ""I-DURATION"", ""I-DURATION""]"
315,Cần tiết kiệm 25 triệu trong 5 tháng nữa,"[""O"", ""O"", ""O"", ""O"", ""O"", ""O"", ""O"", ""O"", ""O"", ""O"", ""O"", ""O"", ""O"", ""O"", ""B-TARGET_AMOUNT"", ""I-TARGET_AMOUNT"", ""I-TARGET_AMOUNT"", ""I-TARGET_AMOUNT"", ""I-TARGET_AMOUNT"", ""I-TARGET_AMOUNT"", ""I-TARGET_AMOUNT"", ""I-TARGET_AMOUNT"", ""O"", ""O"", ""O"", ""O"", ""O"", ""O"", ""O"", ""B-DURATION"", ""I-DURATION"", ""I-DURATION"", ""I-DURATION"", ""I-DURATION"", ""I-DURATION"", ""I-DURATION"", ""I-DURATION"", ""I-DURATION"", ""I-DURATION"", ""I-DURATION""]"
316,Có cách nào giúp tôi quản lý chi tiêu tốt hơn không?,"[""O"", ""O"", ""O"", ""O"", ""O"", ""O"", ""O"", ""O"", ""O"", ""O"", ""O"", ""O"", ""O"", ""O"", ""O"", ""O"", ""O"", ""O"", ""O"", ""O"", ""O"", ""O"", ""O"", ""O"", ""O"", ""O"", ""O"", ""O"", ""O"", ""O"", ""O"", ""O"", ""O"", ""O"", ""O"", ""O"", ""O"", ""O"", ""O"", ""O"", ""O"", ""O"", ""O"", ""O"", ""O"", ""O"", ""O"", ""O"", ""O"", ""O"", ""O"", ""O""]"
317,Làm sao để tiết kiệm tiền mà vẫn thoải mái?,"[""O"", ""O"", ""O"", ""O"", ""O"", ""O"", ""O"", ""O"", ""O"", ""O"", ""O"", ""O"", ""O"", ""O"", ""O"", ""O"", ""O"", ""O"", ""O"", ""O"", ""O"", ""O"", ""O"", ""O"", ""O"", ""O"", ""O"", ""O"", ""O"", ""O"", ""O"", ""O"", ""O"", ""O"", ""O"", ""O"", ""O"", ""O"", ""O"", ""O"", ""O"", ""O"", ""O""]"
318,Tôi nên lập ngân sách cá nhân như thế nào?,"[""O"", ""O"", ""O"", ""O"", ""O"", ""O"", ""O"", ""O"", ""O"", ""O"", ""O"", ""O"", ""O"", ""O"", ""O"", ""O"", ""O"", ""O"", ""O"", ""O"", ""O"", ""O"", ""O"", ""O"", ""O"", ""O"", ""O"", ""O"", ""O"", ""O"", ""O"", ""O"", ""O"", ""O"", ""O"", ""O"", ""O"", ""O"", ""O"", ""O"", ""O"", ""O""]"
319,Quỹ khẩn cấp nên có bao nhiêu tiền?,"[""O"", ""O"", ""O"", ""O"", ""O"", ""O"", ""O"", ""O"", ""O"", ""O"", ""O"", ""O"", ""O"", ""O"", ""O"", ""O"", ""O"", ""O"", ""O"", ""O"", ""O"", ""O"", ""O"", ""O"", ""O"", ""O"", ""O"", ""O"", ""O"", ""O"", ""O"", ""O"", ""O"", ""O"", ""O""]"
320,Làm thế nào để hạn chế tiêu tiền linh tinh?,"[""O"", ""O"", ""O"", ""O"", ""O"", ""O"", ""O"", ""O"", ""O"", ""O"", ""O"", ""O"", ""O"", ""O"", ""O"", ""O"", ""O"", ""O"", ""O"", ""O"", ""O"", ""O"", ""O"", ""O"", ""O"", ""O"", ""O"", ""O"", ""O"", ""O"", ""O"", ""O"", ""O"", ""O"", ""O"", ""O"", ""O"", ""O"", ""O"", ""O"", ""O"", ""O"", ""O""]"
321,Có phương pháp nào để theo dõi chi tiêu hiệu quả không?,"[""O"", ""O"", ""O"", ""O"", ""O"", ""O"", ""O"", ""O"", ""O"", ""O"", ""O"", ""O"", ""O"", ""O"", ""O"", ""O"", ""O"", ""O"", ""O"", ""O"", ""O"", ""O"", ""O"", ""O"", ""O"", ""O"", ""O"", ""O"", ""O"", ""O"", ""O"", ""O"", ""O"", ""O"", ""O"", ""O"", ""O"", ""O"", ""O"", ""O"", ""O"", ""O"", ""O"", ""O"", ""O"", ""O"", ""O"", ""O"", ""O"", ""O"", ""O"", ""O"", ""O"", ""O"", ""O""]"
322,Tôi nên phân bổ thu nhập hàng tháng ra sao?,"[""O"", ""O"", ""O"", ""O"", ""O"", ""O"", ""O"", ""O"", ""O"", ""O"", ""O"", ""O"", ""O"", ""O"", ""O"", ""O"", ""O"", ""O"", ""O"", ""O"", ""O"", ""O"", ""O"", ""O"", ""O"", ""B-PERIOD"", ""I-PERIOD"", ""I-PERIOD"", ""I-PERIOD"", ""I-PERIOD"", ""I-PERIOD"", ""I-PERIOD"", ""I-PERIOD"", ""I-PERIOD"", ""I-PERIOD"", ""O"", ""O"", ""O"", ""O"", ""O"", ""O"", ""O"", ""O""]"
323,Làm sao để kiểm soát việc mua sắm quá mức?,"[""O"", ""O"", ""O"", ""O"", ""O"", ""O"", ""O"", ""O"", ""O"", ""O"", ""O"", ""O"", ""O"", ""O"", ""O"", ""O"", ""O"", ""O"", ""O"", ""O"", ""O"", ""O"", ""O"", ""O"", ""O"", ""O"", ""O"", ""O"", ""O"", ""O"", ""O"", ""O"", ""O"", ""O"", ""O"", ""O"", ""O"", ""O"", ""O"", ""O"", ""O"", ""O""]"
324,Có những cách nào để cải thiện thói quen tài chính?,"[""O"", ""O"", ""O"", ""O"", ""O"", ""O"", ""O"", ""O"", ""O"", ""O"", ""O"", ""O"", ""O"", ""O"", ""O"", ""O"", ""O"", ""O"", ""O"", ""O"", ""O"", ""O"", ""O"", ""O"", ""O"", ""O"", ""O"", ""O"", ""O"", ""O"", ""O"", ""O"", ""O"", ""O"", ""O"", ""O"", ""O"", ""O"", ""O"", ""O"", ""O"", ""O"", ""O"", ""O"", ""O"", ""O"", ""O"", ""O"", ""O"", ""O"", ""O""]"
325,Nên bắt đầu quản lý tài chính cá nhân từ đâu?,"[""O"", ""O"", ""O"", ""O"", ""O"", ""O"", ""O"", ""O"", ""O"", ""O"", ""O"", ""O"", ""O"", ""O"", ""O"", ""O"", ""O"", ""O"", ""O"", ""O"", ""O"", ""O"", ""O"", ""O"", ""O"", ""O"", ""O"", ""O"", ""O"", ""O"", ""O"", ""O"", ""O"", ""O"", ""O"", ""O"", ""O"", ""O"", ""O"", ""O"", ""O"", ""O"", ""O"", ""O"", ""O""]"
326,Trưa nay ăn bún bò 65k,"[""O"", ""O"", ""O"", ""O"", ""O"", ""O"", ""O"", ""O"", ""O"", ""O"", ""O"", ""O"", ""O"", ""O"", ""O"", ""O"", ""O"", ""O"", ""O"", ""B-AMOUNT"", ""I-AMOUNT"", ""I-AMOUNT""]"
327,Sáng mua bánh mì với sữa hết 35 nghìn,"[""O"", ""O"", ""O"", ""O"", ""O"", ""O"", ""O"", ""O"", ""O"", ""O"", ""O"", ""O"", ""O"", ""O"", ""O"", ""O"", ""O"", ""O"", ""O"", ""O"", ""O"", ""O"", ""O"", ""O"", ""O"", ""O"", ""O"", ""O"", ""O"", ""B-AMOUNT"", ""I-AMOUNT"", ""I-AMOUNT"", ""I-AMOUNT"", ""I-AMOUNT"", ""I-AMOUNT"", ""I-AMOUNT"", ""I-AMOUNT""]"
328,Vừa gọi cơm ship hết 90k,"[""O"", ""O"", ""O"", ""O"", ""O"", ""O"", ""O"", ""O"", ""O"", ""O"", ""O"", ""O"", ""O"", ""O"", ""O"", ""O"", ""O"", ""O"", ""O"", ""O"", ""O"", ""B-AMOUNT"", ""I-AMOUNT"", ""I-AMOUNT""]"
329,Uống cà phê hết 50 nghìn rồi,"[""O"", ""O"", ""O"", ""O"", ""O"", ""O"", ""O"", ""O"", ""O"", ""O"", ""O"", ""O"", ""O"", ""O"", ""O"", ""O"", ""B-AMOUNT"", ""I-AMOUNT"", ""I-AMOUNT"", ""I-AMOUNT"", ""I-AMOUNT"", ""I-AMOUNT"", ""I-AMOUNT"", ""I-AMOUNT"", ""O"", ""O"", ""O"", ""O""]"
330,Mới mua áo khoác 700k,"[""O"", ""O"", ""O"", ""O"", ""O"", ""O"", ""O"", ""O"", ""O"", ""O"", ""O"", ""O"", ""O"", ""O"", ""O"", ""O"", ""O"", ""B-AMOUNT"", ""I-AMOUNT"", ""I-AMOUNT"", ""I-AMOUNT""]"
331,Đi xem phim với bạn hết 220k,"[""O"", ""O"", ""O"", ""O"", ""O"", ""O"", ""O"", ""O"", ""O"", ""O"", ""O"", ""O"", ""O"", ""O"", ""O"", ""O"", ""O"", ""O"", ""O"", ""O"", ""O"", ""O"", ""O"", ""O"", ""B-AMOUNT"", ""I-AMOUNT"", ""I-AMOUNT"", ""I-AMOUNT""]"
332,Vừa thanh toán hóa đơn điện 380 nghìn,"[""O"", ""O"", ""O"", ""O"", ""O"", ""O"", ""O"", ""O"", ""O"", ""O"", ""O"", ""O"", ""O"", ""O"", ""O"", ""O"", ""O"", ""O"", ""O"", ""O"", ""O"", ""O"", ""O"", ""O"", ""O"", ""O"", ""O"", ""O"", ""B-AMOUNT"", ""I-AMOUNT"", ""I-AMOUNT"", ""I-AMOUNT"", ""I-AMOUNT"", ""I-AMOUNT"", ""I-AMOUNT"", ""I-AMOUNT"", ""I-AMOUNT""]"
333,Mua thuốc hết 125k ở nhà thuốc,"[""O"", ""O"", ""O"", ""O"", ""O"", ""O"", ""O"", ""O"", ""O"", ""O"", ""O"", ""O"", ""O"", ""O"", ""B-AMOUNT"", ""I-AMOUNT"", ""I-AMOUNT"", ""I-AMOUNT"", ""O"", ""O"", ""O"", ""B-MERCHANT"", ""I-MERCHANT"", ""I-MERCHANT"", ""I-MERCHANT"", ""I-MERCHANT"", ""I-MERCHANT"", ""I-MERCHANT"", ""I-MERCHANT"", ""I-MERCHANT""]"
334,Tháng này trả tiền thuê nhà 5 củ,"[""B-PERIOD"", ""I-PERIOD"", ""I-PERIOD"", ""I-PERIOD"", ""I-PERIOD"", ""I-PERIOD"", ""I-PERIOD"", ""I-PERIOD"", ""I-PERIOD"", ""O"", ""O"", ""O"", ""O"", ""O"", ""O"", ""O"", ""O"", ""O"", ""O"", ""O"", ""O"", ""O"", ""O"", ""O"", ""O"", ""O"", ""O"", ""O"", ""B-AMOUNT"", ""I-AMOUNT"", ""I-AMOUNT"", ""I-AMOUNT""]"
335,Mua tài liệu học tập hết 180 nghìn,"[""O"", ""O"", ""O"", ""O"", ""O"", ""O"", ""O"", ""O"", ""O"", ""O"", ""O"", ""O"", ""O"", ""O"", ""O"", ""O"", ""O"", ""O"", ""O"", ""O"", ""O"", ""O"", ""O"", ""O"", ""O"", ""B-AMOUNT"", ""I-AMOUNT"", ""I-AMOUNT"", ""I-AMOUNT"", ""I-AMOUNT"", ""I-AMOUNT"", ""I-AMOUNT"", ""I-AMOUNT"", ""I-AMOUNT""]"
336,Đi xe buýt hôm nay hết 10k,"[""O"", ""O"", ""O"", ""B-MERCHANT"", ""I-MERCHANT"", ""I-MERCHANT"", ""I-MERCHANT"", ""I-MERCHANT"", ""I-MERCHANT"", ""I-MERCHANT"", ""O"", ""O"", ""O"", ""O"", ""O"", ""O"", ""O"", ""O"", ""O"", ""O"", ""O"", ""O"", ""O"", ""B-AMOUNT"", ""I-AMOUNT"", ""I-AMOUNT""]"
337,Mới đổ xăng 80 nghìn,"[""O"", ""O"", ""O"", ""O"", ""O"", ""O"", ""O"", ""O"", ""O"", ""O"", ""O"", ""O"", ""B-AMOUNT"", ""I-AMOUNT"", ""I-AMOUNT"", ""I-AMOUNT"", ""I-AMOUNT"", ""I-AMOUNT"", ""I-AMOUNT"", ""I-AMOUNT""]"
338,Mua giày hết 1 triệu 1,"[""O"", ""O"", ""O"", ""O"", ""O"", ""O"", ""O"", ""O"", ""O"", ""O"", ""O"", ""O"", ""O"", ""B-AMOUNT"", ""I-AMOUNT"", ""I-AMOUNT"", ""I-AMOUNT"", ""I-AMOUNT"", ""I-AMOUNT"", ""I-AMOUNT"", ""I-AMOUNT"", ""I-AMOUNT""]"
339,Vừa thanh toán tiền mạng 280k,"[""O"", ""O"", ""O"", ""O"", ""O"", ""O"", ""O"", ""O"", ""O"", ""O"", ""O"", ""O"", ""O"", ""O"", ""O"", ""O"", ""O"", ""O"", ""O"", ""O"", ""O"", ""O"", ""O"", ""O"", ""O"", ""B-AMOUNT"", ""I-AMOUNT"", ""I-AMOUNT"", ""I-AMOUNT""]"
340,Tối qua ăn nhà hàng hết 450 nghìn,"[""O"", ""O"", ""O"", ""O"", ""O"", ""O"", ""O"", ""O"", ""O"", ""O"", ""O"", ""B-MERCHANT"", ""I-MERCHANT"", ""I-MERCHANT"", ""I-MERCHANT"", ""I-MERCHANT"", ""I-MERCHANT"", ""I-MERCHANT"", ""I-MERCHANT"", ""O"", ""O"", ""O"", ""O"", ""O"", ""B-AMOUNT"", ""I-AMOUNT"", ""I-AMOUNT"", ""I-AMOUNT"", ""I-AMOUNT"", ""I-AMOUNT"", ""I-AMOUNT"", ""I-AMOUNT"", ""I-AMOUNT""]"
341,Mua đồ gia dụng hết 600k,"[""O"", ""O"", ""O"", ""O"", ""O"", ""O"", ""O"", ""O"", ""O"", ""O"", ""O"", ""O"", ""O"", ""O"", ""O"", ""O"", ""O"", ""O"", ""O"", ""O"", ""B-AMOUNT"", ""I-AMOUNT"", ""I-AMOUNT"", ""I-AMOUNT""]"
342,Đi taxi hết 120 nghìn,"[""O"", ""O"", ""O"", ""B-MERCHANT"", ""I-MERCHANT"", ""I-MERCHANT"", ""I-MERCHANT"", ""O"", ""O"", ""O"", ""O"", ""O"", ""B-AMOUNT"", ""I-AMOUNT"", ""I-AMOUNT"", ""I-AMOUNT"", ""I-AMOUNT"", ""I-AMOUNT"", ""I-AMOUNT"", ""I-AMOUNT"", ""I-AMOUNT""]"
343,Vừa đóng học phí 2 triệu rưỡi,"[""O"", ""O"", ""O"", ""O"", ""O"", ""O"", ""O"", ""O"", ""O"", ""O"", ""O"", ""O"", ""O"", ""O"", ""O"", ""O"", ""O"", ""B-AMOUNT"", ""I-AMOUNT"", ""I-AMOUNT"", ""I-AMOUNT"", ""I-AMOUNT"", ""I-AMOUNT"", ""I-AMOUNT"", ""I-AMOUNT"", ""I-AMOUNT"", ""I-AMOUNT"", ""I-AMOUNT"", ""I-AMOUNT""]"
344,Mua quà cho bạn hết 250k,"[""O"", ""O"", ""O"", ""O"", ""O"", ""O"", ""O"", ""O"", ""O"", ""O"", ""O"", ""O"", ""O"", ""O"", ""O"", ""O"", ""O"", ""O"", ""O"", ""O"", ""B-AMOUNT"", ""I-AMOUNT"", ""I-AMOUNT"", ""I-AMOUNT""]"
345,Ăn vặt chiều nay hết 45 nghìn,"[""O"", ""O"", ""O"", ""O"", ""O"", ""O"", ""O"", ""O"", ""O"", ""O"", ""O"", ""O"", ""O"", ""O"", ""O"", ""O"", ""O"", ""O"", ""O"", ""O"", ""O"", ""B-AMOUNT"", ""I-AMOUNT"", ""I-AMOUNT"", ""I-AMOUNT"", ""I-AMOUNT"", ""I-AMOUNT"", ""I-AMOUNT"", ""I-AMOUNT""]"
346,Lương vừa về tài khoản 14 triệu,"[""O"", ""O"", ""O"", ""O"", ""O"", ""O"", ""O"", ""O"", ""O"", ""O"", ""O"", ""O"", ""O"", ""O"", ""O"", ""O"", ""O"", ""O"", ""O"", ""O"", ""O"", ""O"", ""O"", ""B-AMOUNT"", ""I-AMOUNT"", ""I-AMOUNT"", ""I-AMOUNT"", ""I-AMOUNT"", ""I-AMOUNT"", ""I-AMOUNT"", ""I-AMOUNT""]"
347,Công ty mới chuyển cho mình 18 củ tiền lương,"[""O"", ""O"", ""O"", ""O"", ""O"", ""O"", ""O"", ""O"", ""O"", ""O"", ""O"", ""O"", ""O"", ""O"", ""O"", ""O"", ""O"", ""O"", ""O"", ""O"", ""O"", ""O"", ""O"", ""O"", ""O"", ""O"", ""O"", ""O"", ""B-AMOUNT"", ""I-AMOUNT"", ""I-AMOUNT"", ""I-AMOUNT"", ""I-AMOUNT"", ""O"", ""O"", ""O"", ""O"", ""O"", ""O"", ""O"", ""O"", ""O"", ""O"", ""O""]"
348,Vừa nhận thưởng 2 triệu rưỡi,"[""O"", ""O"", ""O"", ""O"", ""O"", ""O"", ""O"", ""O"", ""O"", ""O"", ""O"", ""O"", ""O"", ""O"", ""O"", ""O"", ""B-AMOUNT"", ""I-AMOUNT"", ""I-AMOUNT"", ""I-AMOUNT"", ""I-AMOUNT"", ""I-AMOUNT"", ""I-AMOUNT"", ""I-AMOUNT"", ""I-AMOUNT"", ""I-AMOUNT"", ""I-AMOUNT"", ""I-AMOUNT""]"
349,Mẹ gửi thêm 1 triệu,"[""O"", ""O"", ""O"", ""O"", ""O"", ""O"", ""O"", ""O"", ""O"", ""O"", ""O"", ""O"", ""B-AMOUNT"", ""I-AMOUNT"", ""I-AMOUNT"", ""I-AMOUNT"", ""I-AMOUNT"", ""I-AMOUNT"", ""I-AMOUNT""]"
350,Freelance tháng này được 4 triệu,"[""O"", ""O"", ""O"", ""O"", ""O"", ""O"", ""O"", ""O"", ""O"", ""O"", ""B-PERIOD"", ""I-PERIOD"", ""I-PERIOD"", ""I-PERIOD"", ""I-PERIOD"", ""I-PERIOD"", ""I-PERIOD"", ""I-PERIOD"", ""I-PERIOD"", ""O"", ""O"", ""O"", ""O"", ""O"", ""O"", ""B-AMOUNT"", ""I-AMOUNT"", ""I-AMOUNT"", ""I-AMOUNT"", ""I-AMOUNT"", ""I-AMOUNT"", ""I-AMOUNT""]"
351,Khách vừa chuyển khoản 6 triệu,"[""O"", ""O"", ""O"", ""O"", ""O"", ""O"", ""O"", ""O"", ""O"", ""O"", ""B-PAYMENT_METHOD"", ""I-PAYMENT_METHOD"", ""I-PAYMENT_METHOD"", ""I-PAYMENT_METHOD"", ""I-PAYMENT_METHOD"", ""I-PAYMENT_METHOD"", ""I-PAYMENT_METHOD"", ""I-PAYMENT_METHOD"", ""I-PAYMENT_METHOD"", ""I-PAYMENT_METHOD"", ""I-PAYMENT_METHOD"", ""I-PAYMENT_METHOD"", ""O"", ""B-AMOUNT"", ""I-AMOUNT"", ""I-AMOUNT"", ""I-AMOUNT"", ""I-AMOUNT"", ""I-AMOUNT"", ""I-AMOUNT""]"
352,Vừa bán chiếc laptop cũ được 8 triệu,"[""O"", ""O"", ""O"", ""O"", ""O"", ""O"", ""O"", ""O"", ""O"", ""O"", ""O"", ""O"", ""O"", ""O"", ""O"", ""O"", ""O"", ""O"", ""O"", ""O"", ""O"", ""O"", ""O"", ""O"", ""O"", ""O"", ""O"", ""O"", ""O"", ""B-AMOUNT"", ""I-AMOUNT"", ""I-AMOUNT"", ""I-AMOUNT"", ""I-AMOUNT"", ""I-AMOUNT"", ""I-AMOUNT""]"
353,Nhận tiền làm thêm 1 triệu,"[""O"", ""O"", ""O"", ""O"", ""O"", ""O"", ""O"", ""O"", ""O"", ""O"", ""O"", ""O"", ""O"", ""O"", ""O"", ""O"", ""O"", ""O"", ""O"", ""B-AMOUNT"", ""I-AMOUNT"", ""I-AMOUNT"", ""I-AMOUNT"", ""I-AMOUNT"", ""I-AMOUNT"", ""I-AMOUNT""]"
354,Được hoàn tiền 300 nghìn,"[""O"", ""O"", ""O"", ""O"", ""O"", ""O"", ""O"", ""O"", ""O"", ""O"", ""O"", ""O"", ""O"", ""O"", ""O"", ""B-AMOUNT"", ""I-AMOUNT"", ""I-AMOUNT"", ""I-AMOUNT"", ""I-AMOUNT"", ""I-AMOUNT"", ""I-AMOUNT"", ""I-AMOUNT"", ""I-AMOUNT""]"
355,Tiền thưởng vừa về 5 củ,"[""O"", ""O"", ""O"", ""O"", ""O"", ""O"", ""O"", ""O"", ""O"", ""O"", ""O"", ""O"", ""O"", ""O"", ""O"", ""O"", ""O"", ""O"", ""O"", ""B-AMOUNT"", ""I-AMOUNT"", ""I-AMOUNT"", ""I-AMOUNT""]"
356,Anh trai chuyển cho mình 700k,"[""O"", ""O"", ""O"", ""O"", ""O"", ""O"", ""O"", ""O"", ""O"", ""O"", ""O"", ""O"", ""O"", ""O"", ""O"", ""O"", ""O"", ""O"", ""O"", ""O"", ""O"", ""O"", ""O"", ""O"", ""O"", ""B-AMOUNT"", ""I-AMOUNT"", ""I-AMOUNT"", ""I-AMOUNT""]"
357,Vừa thu được khoản nợ 2 triệu,"[""O"", ""O"", ""O"", ""O"", ""O"", ""O"", ""O"", ""O"", ""O"", ""O"", ""O"", ""O"", ""O"", ""O"", ""O"", ""O"", ""O"", ""O"", ""O"", ""O"", ""O"", ""O"", ""B-AMOUNT"", ""I-AMOUNT"", ""I-AMOUNT"", ""I-AMOUNT"", ""I-AMOUNT"", ""I-AMOUNT"", ""I-AMOUNT""]"
358,Công ty trả thêm phụ cấp 1 triệu rưỡi,"[""O"", ""O"", ""O"", ""O"", ""O"", ""O"", ""O"", ""O"", ""O"", ""O"", ""O"", ""O"", ""O"", ""O"", ""O"", ""O"", ""O"", ""O"", ""O"", ""O"", ""O"", ""O"", ""O"", ""O"", ""O"", ""B-AMOUNT"", ""I-AMOUNT"", ""I-AMOUNT"", ""I-AMOUNT"", ""I-AMOUNT"", ""I-AMOUNT"", ""I-AMOUNT"", ""I-AMOUNT"", ""I-AMOUNT"", ""I-AMOUNT"", ""I-AMOUNT"", ""I-AMOUNT""]"
359,Bán vài món đồ cũ được 500 nghìn,"[""O"", ""O"", ""O"", ""O"", ""O"", ""O"", ""O"", ""O"", ""O"", ""O"", ""O"", ""O"", ""O"", ""O"", ""O"", ""O"", ""O"", ""O"", ""O"", ""O"", ""O"", ""O"", ""O"", ""B-AMOUNT"", ""I-AMOUNT"", ""I-AMOUNT"", ""I-AMOUNT"", ""I-AMOUNT"", ""I-AMOUNT"", ""I-AMOUNT"", ""I-AMOUNT"", ""I-AMOUNT""]"
360,Nhận tiền dự án 10 triệu rồi,"[""O"", ""O"", ""O"", ""O"", ""O"", ""O"", ""O"", ""O"", ""O"", ""O"", ""O"", ""O"", ""O"", ""O"", ""O"", ""O"", ""B-AMOUNT"", ""I-AMOUNT"", ""I-AMOUNT"", ""I-AMOUNT"", ""I-AMOUNT"", ""I-AMOUNT"", ""I-AMOUNT"", ""I-AMOUNT"", ""O"", ""O"", ""O"", ""O""]"
361,Bố mẹ gửi tiền sinh hoạt 2 củ,"[""O"", ""O"", ""O"", ""O"", ""O"", ""O"", ""O"", ""O"", ""O"", ""O"", ""O"", ""O"", ""O"", ""O"", ""O"", ""O"", ""O"", ""O"", ""O"", ""O"", ""O"", ""O"", ""O"", ""O"", ""O"", ""B-AMOUNT"", ""I-AMOUNT"", ""I-AMOUNT"", ""I-AMOUNT""]"
362,Khách thanh toán 3 triệu cho đơn hàng,"[""O"", ""O"", ""O"", ""O"", ""O"", ""O"", ""O"", ""O"", ""O"", ""O"", ""O"", ""O"", ""O"", ""O"", ""O"", ""O"", ""O"", ""B-AMOUNT"", ""I-AMOUNT"", ""I-AMOUNT"", ""I-AMOUNT"", ""I-AMOUNT"", ""I-AMOUNT"", ""I-AMOUNT"", ""O"", ""O"", ""O"", ""O"", ""O"", ""O"", ""O"", ""O"", ""O"", ""O"", ""O"", ""O"", ""O""]"
363,Lương tháng này được 16 triệu,"[""O"", ""O"", ""O"", ""O"", ""O"", ""O"", ""B-PERIOD"", ""I-PERIOD"", ""I-PERIOD"", ""I-PERIOD"", ""I-PERIOD"", ""I-PERIOD"", ""I-PERIOD"", ""I-PERIOD"", ""I-PERIOD"", ""O"", ""O"", ""O"", ""O"", ""O"", ""O"", ""B-AMOUNT"", ""I-AMOUNT"", ""I-AMOUNT"", ""I-AMOUNT"", ""I-AMOUNT"", ""I-AMOUNT"", ""I-AMOUNT"", ""I-AMOUNT""]"
364,Vừa nhận tiền công 900k,"[""O"", ""O"", ""O"", ""O"", ""O"", ""O"", ""O"", ""O"", ""O"", ""O"", ""O"", ""O"", ""O"", ""O"", ""O"", ""O"", ""O"", ""O"", ""O"", ""B-AMOUNT"", ""I-AMOUNT"", ""I-AMOUNT"", ""I-AMOUNT""]"
365,Có thêm 1 triệu tiền thưởng,"[""O"", ""O"", ""O"", ""O"", ""O"", ""O"", ""O"", ""O"", ""B-AMOUNT"", ""I-AMOUNT"", ""I-AMOUNT"", ""I-AMOUNT"", ""I-AMOUNT"", ""I-AMOUNT"", ""I-AMOUNT"", ""O"", ""O"", ""O"", ""O"", ""O"", ""O"", ""O"", ""O"", ""O"", ""O"", ""O"", ""O""]"
366,Tài khoản của tôi hiện còn bao nhiêu?,"[""O"", ""O"", ""O"", ""O"", ""O"", ""O"", ""O"", ""O"", ""O"", ""O"", ""O"", ""O"", ""O"", ""O"", ""O"", ""O"", ""O"", ""O"", ""O"", ""O"", ""O"", ""O"", ""O"", ""O"", ""O"", ""O"", ""O"", ""O"", ""O"", ""O"", ""O"", ""O"", ""O"", ""O"", ""O"", ""O"", ""O""]"
367,Kiểm tra xem mình còn bao nhiêu tiền,"[""O"", ""O"", ""O"", ""O"", ""O"", ""O"", ""O"", ""O"", ""O"", ""O"", ""O"", ""O"", ""O"", ""O"", ""O"", ""O"", ""O"", ""O"", ""O"", ""O"", ""O"", ""O"", ""O"", ""O"", ""O"", ""O"", ""O"", ""O"", ""O"", ""O"", ""O"", ""O"", ""O"", ""O"", ""O"", ""O""]"
368,Giờ số dư của mình là bao nhiêu?,"[""O"", ""O"", ""O"", ""O"", ""O"", ""O"", ""O"", ""O"", ""O"", ""O"", ""O"", ""O"", ""O"", ""O"", ""O"", ""O"", ""O"", ""O"", ""O"", ""O"", ""O"", ""O"", ""O"", ""O"", ""O"", ""O"", ""O"", ""O"", ""O"", ""O"", ""O"", ""O""]"
369,Trong tài khoản còn bao nhiêu vậy?,"[""O"", ""O"", ""O"", ""O"", ""O"", ""O"", ""O"", ""O"", ""O"", ""O"", ""O"", ""O"", ""O"", ""O"", ""O"", ""O"", ""O"", ""O"", ""O"", ""O"", ""O"", ""O"", ""O"", ""O"", ""O"", ""O"", ""O"", ""O"", ""O"", ""O"", ""O"", ""O"", ""O"", ""O""]"
370,Mình còn dư bao nhiêu sau các khoản chi?,"[""O"", ""O"", ""O"", ""O"", ""O"", ""O"", ""O"", ""O"", ""O"", ""O"", ""O"", ""O"", ""O"", ""O"", ""O"", ""O"", ""O"", ""O"", ""O"", ""O"", ""O"", ""O"", ""O"", ""O"", ""O"", ""O"", ""O"", ""O"", ""O"", ""O"", ""O"", ""O"", ""O"", ""O"", ""O"", ""O"", ""O"", ""O"", ""O"", ""O""]"
371,Hiện tại ví còn bao nhiêu tiền?,"[""O"", ""O"", ""O"", ""O"", ""O"", ""O"", ""O"", ""O"", ""O"", ""O"", ""O"", ""O"", ""O"", ""O"", ""O"", ""O"", ""O"", ""O"", ""O"", ""O"", ""O"", ""O"", ""O"", ""O"", ""O"", ""O"", ""O"", ""O"", ""O"", ""O"", ""O""]"
372,Cho tôi biết số dư bây giờ,"[""O"", ""O"", ""O"", ""O"", ""O"", ""O"", ""O"", ""O"", ""O"", ""O"", ""O"", ""O"", ""O"", ""O"", ""O"", ""O"", ""O"", ""O"", ""O"", ""O"", ""O"", ""O"", ""O"", ""O"", ""O"", ""O""]"
373,Tôi còn lại bao nhiêu tiền?,"[""O"", ""O"", ""O"", ""O"", ""O"", ""O"", ""O"", ""O"", ""O"", ""O"", ""O"", ""O"", ""O"", ""O"", ""O"", ""O"", ""O"", ""O"", ""O"", ""O"", ""O"", ""O"", ""O"", ""O"", ""O"", ""O"", ""O""]"
374,Tiền trong tài khoản giờ còn bao nhiêu?,"[""O"", ""O"", ""O"", ""O"", ""O"", ""O"", ""O"", ""O"", ""O"", ""O"", ""O"", ""O"", ""O"", ""O"", ""O"", ""O"", ""O"", ""O"", ""O"", ""O"", ""O"", ""O"", ""O"", ""O"", ""O"", ""O"", ""O"", ""O"", ""O"", ""O"", ""O"", ""O"", ""O"", ""O"", ""O"", ""O"", ""O"", ""O"", ""O""]"
375,Cuối cùng mình còn bao nhiêu?,"[""O"", ""O"", ""O"", ""O"", ""O"", ""O"", ""O"", ""O"", ""O"", ""O"", ""O"", ""O"", ""O"", ""O"", ""O"", ""O"", ""O"", ""O"", ""O"", ""O"", ""O"", ""O"", ""O"", ""O"", ""O"", ""O"", ""O"", ""O"", ""O""]"
376,Từ đầu tháng tới giờ đã chi bao nhiêu?,"[""B-PERIOD"", ""I-PERIOD"", ""I-PERIOD"", ""I-PERIOD"", ""I-PERIOD"", ""I-PERIOD"", ""I-PERIOD"", ""I-PERIOD"", ""I-PERIOD"", ""I-PERIOD"", ""I-PERIOD"", ""I-PERIOD"", ""I-PERIOD"", ""I-PERIOD"", ""I-PERIOD"", ""I-PERIOD"", ""I-PERIOD"", ""I-PERIOD"", ""I-PERIOD"", ""I-PERIOD"", ""O"", ""O"", ""O"", ""O"", ""O"", ""O"", ""O"", ""O"", ""O"", ""O"", ""O"", ""O"", ""O"", ""O"", ""O"", ""O"", ""O"", ""O""]"
377,Tháng này tổng tiền tiêu là bao nhiêu?,"[""B-PERIOD"", ""I-PERIOD"", ""I-PERIOD"", ""I-PERIOD"", ""I-PERIOD"", ""I-PERIOD"", ""I-PERIOD"", ""I-PERIOD"", ""I-PERIOD"", ""O"", ""O"", ""O"", ""O"", ""O"", ""O"", ""O"", ""O"", ""O"", ""O"", ""O"", ""O"", ""O"", ""O"", ""O"", ""O"", ""O"", ""O"", ""O"", ""O"", ""O"", ""O"", ""O"", ""O"", ""O"", ""O"", ""O"", ""O"", ""O""]"
378,Hôm nay tôi đã tiêu hết bao nhiêu?,"[""O"", ""O"", ""O"", ""O"", ""O"", ""O"", ""O"", ""O"", ""O"", ""O"", ""O"", ""O"", ""O"", ""O"", ""O"", ""O"", ""O"", ""O"", ""O"", ""O"", ""O"", ""O"", ""O"", ""O"", ""O"", ""O"", ""O"", ""O"", ""O"", ""O"", ""O"", ""O"", ""O"", ""O""]"
379,Tuần này mình chi tổng cộng bao nhiêu?,"[""B-PERIOD"", ""I-PERIOD"", ""I-PERIOD"", ""I-PERIOD"", ""I-PERIOD"", ""I-PERIOD"", ""I-PERIOD"", ""I-PERIOD"", ""O"", ""O"", ""O"", ""O"", ""O"", ""O"", ""O"", ""O"", ""O"", ""O"", ""O"", ""O"", ""O"", ""O"", ""O"", ""O"", ""O"", ""O"", ""O"", ""O"", ""O"", ""O"", ""O"", ""O"", ""O"", ""O"", ""O"", ""O"", ""O"", ""O""]"
380,Trong 7 ngày vừa rồi đã tiêu bao nhiêu?,"[""O"", ""O"", ""O"", ""O"", ""O"", ""O"", ""B-PERIOD"", ""I-PERIOD"", ""I-PERIOD"", ""I-PERIOD"", ""I-PERIOD"", ""I-PERIOD"", ""O"", ""O"", ""O"", ""O"", ""O"", ""O"", ""O"", ""O"", ""O"", ""O"", ""O"", ""O"", ""O"", ""O"", ""O"", ""O"", ""O"", ""O"", ""O"", ""O"", ""O"", ""O"", ""O"", ""O"", ""O"", ""O"", ""O""]"
381,Tháng trước tổng chi của tôi là bao nhiêu?,"[""B-PERIOD"", ""I-PERIOD"", ""I-PERIOD"", ""I-PERIOD"", ""I-PERIOD"", ""I-PERIOD"", ""I-PERIOD"", ""I-PERIOD"", ""I-PERIOD"", ""I-PERIOD"", ""I-PERIOD"", ""O"", ""O"", ""O"", ""O"", ""O"", ""O"", ""O"", ""O"", ""O"", ""O"", ""O"", ""O"", ""O"", ""O"", ""O"", ""O"", ""O"", ""O"", ""O"", ""O"", ""O"", ""O"", ""O"", ""O"", ""O"", ""O"", ""O"", ""O"", ""O"", ""O"", ""O""]"
382,Năm nay mình đã tiêu hết bao nhiêu tiền?,"[""B-PERIOD"", ""I-PERIOD"", ""I-PERIOD"", ""I-PERIOD"", ""I-PERIOD"", ""I-PERIOD"", ""I-PERIOD"", ""O"", ""O"", ""O"", ""O"", ""O"", ""O"", ""O"", ""O"", ""O"", ""O"", ""O"", ""O"", ""O"", ""O"", ""O"", ""O"", ""O"", ""O"", ""O"", ""O"", ""O"", ""O"", ""O"", ""O"", ""O"", ""O"", ""O"", ""O"", ""O"", ""O"", ""O"", ""O"", ""O""]"
383,Hôm qua tổng cộng đã chi bao nhiêu?,"[""O"", ""O"", ""O"", ""O"", ""O"", ""O"", ""O"", ""O"", ""O"", ""O"", ""O"", ""O"", ""O"", ""O"", ""O"", ""O"", ""O"", ""O"", ""O"", ""O"", ""O"", ""O"", ""O"", ""O"", ""O"", ""O"", ""O"", ""O"", ""O"", ""O"", ""O"", ""O"", ""O"", ""O"", ""O""]"
384,Cho tôi xem tổng chi tiêu tháng này,"[""O"", ""O"", ""O"", ""O"", ""O"", ""O"", ""O"", ""O"", ""O"", ""O"", ""O"", ""O"", ""O"", ""O"", ""O"", ""O"", ""O"", ""O"", ""O"", ""O"", ""O"", ""O"", ""O"", ""O"", ""O"", ""O"", ""B-PERIOD"", ""I-PERIOD"", ""I-PERIOD"", ""I-PERIOD"", ""I-PERIOD"", ""I-PERIOD"", ""I-PERIOD"", ""I-PERIOD"", ""I-PERIOD""]"
385,Từ đầu năm đến giờ tổng tiền đã tiêu là bao nhiêu?,"[""B-PERIOD"", ""I-PERIOD"", ""I-PERIOD"", ""I-PERIOD"", ""I-PERIOD"", ""I-PERIOD"", ""I-PERIOD"", ""I-PERIOD"", ""I-PERIOD"", ""I-PERIOD"", ""I-PERIOD"", ""I-PERIOD"", ""I-PERIOD"", ""I-PERIOD"", ""I-PERIOD"", ""I-PERIOD"", ""I-PERIOD"", ""I-PERIOD"", ""O"", ""O"", ""O"", ""O"", ""O"", ""O"", ""O"", ""O"", ""O"", ""O"", ""O"", ""O"", ""O"", ""O"", ""O"", ""O"", ""O"", ""O"", ""O"", ""O"", ""O"", ""O"", ""O"", ""O"", ""O"", ""O"", ""O"", ""O"", ""O"", ""O"", ""O"", ""O""]"
386,Tiền ăn uống tháng này của tôi bao nhiêu?,"[""O"", ""O"", ""O"", ""O"", ""O"", ""O"", ""O"", ""O"", ""O"", ""O"", ""O"", ""O"", ""O"", ""B-PERIOD"", ""I-PERIOD"", ""I-PERIOD"", ""I-PERIOD"", ""I-PERIOD"", ""I-PERIOD"", ""I-PERIOD"", ""I-PERIOD"", ""I-PERIOD"", ""O"", ""O"", ""O"", ""O"", ""O"", ""O"", ""O"", ""O"", ""O"", ""O"", ""O"", ""O"", ""O"", ""O"", ""O"", ""O"", ""O"", ""O"", ""O""]"
387,Tôi tiêu bao nhiêu cho xăng xe trong tháng này?,"[""O"", ""O"", ""O"", ""O"", ""O"", ""O"", ""O"", ""O"", ""O"", ""O"", ""O"", ""O"", ""O"", ""O"", ""O"", ""O"", ""O"", ""O"", ""O"", ""O"", ""O"", ""O"", ""O"", ""O"", ""O"", ""O"", ""O"", ""O"", ""O"", ""O"", ""O"", ""B-PERIOD"", ""I-PERIOD"", ""I-PERIOD"", ""I-PERIOD"", ""I-PERIOD"", ""I-PERIOD"", ""I-PERIOD"", ""I-PERIOD"", ""I-PERIOD"", ""I-PERIOD"", ""I-PERIOD"", ""I-PERIOD"", ""I-PERIOD"", ""I-PERIOD"", ""I-PERIOD"", ""O""]"
388,Khoản mua sắm tháng này hết bao nhiêu?,"[""O"", ""O"", ""O"", ""O"", ""O"", ""O"", ""O"", ""O"", ""O"", ""O"", ""O"", ""O"", ""O"", ""O"", ""B-PERIOD"", ""I-PERIOD"", ""I-PERIOD"", ""I-PERIOD"", ""I-PERIOD"", ""I-PERIOD"", ""I-PERIOD"", ""I-PERIOD"", ""I-PERIOD"", ""O"", ""O"", ""O"", ""O"", ""O"", ""O"", ""O"", ""O"", ""O"", ""O"", ""O"", ""O"", ""O"", ""O"", ""O""]"
389,Tiền điện nước tháng này là bao nhiêu?,"[""O"", ""O"", ""O"", ""O"", ""O"", ""O"", ""O"", ""O"", ""O"", ""O"", ""O"", ""O"", ""O"", ""O"", ""O"", ""B-PERIOD"", ""I-PERIOD"", ""I-PERIOD"", ""I-PERIOD"", ""I-PERIOD"", ""I-PERIOD"", ""I-PERIOD"", ""I-PERIOD"", ""I-PERIOD"", ""O"", ""O"", ""O"", ""O"", ""O"", ""O"", ""O"", ""O"", ""O"", ""O"", ""O"", ""O"", ""O"", ""O""]"
390,Tôi đã trả bao nhiêu tiền nhà?,"[""O"", ""O"", ""O"", ""O"", ""O"", ""O"", ""O"", ""O"", ""O"", ""O"", ""O"", ""O"", ""O"", ""O"", ""O"", ""O"", ""O"", ""O"", ""O"", ""O"", ""O"", ""O"", ""O"", ""O"", ""O"", ""O"", ""O"", ""O"", ""O"", ""O""]"
391,Chi cho giải trí tháng này bao nhiêu?,"[""O"", ""O"", ""O"", ""O"", ""O"", ""O"", ""O"", ""O"", ""O"", ""O"", ""O"", ""O"", ""O"", ""O"", ""O"", ""O"", ""O"", ""B-PERIOD"", ""I-PERIOD"", ""I-PERIOD"", ""I-PERIOD"", ""I-PERIOD"", ""I-PERIOD"", ""I-PERIOD"", ""I-PERIOD"", ""I-PERIOD"", ""O"", ""O"", ""O"", ""O"", ""O"", ""O"", ""O"", ""O"", ""O"", ""O"", ""O""]"
392,Tiền thuốc men đã tốn bao nhiêu?,"[""O"", ""O"", ""O"", ""O"", ""O"", ""O"", ""O"", ""O"", ""O"", ""O"", ""O"", ""O"", ""O"", ""O"", ""O"", ""O"", ""O"", ""O"", ""O"", ""O"", ""O"", ""O"", ""O"", ""O"", ""O"", ""O"", ""O"", ""O"", ""O"", ""O"", ""O"", ""O""]"
393,Tháng này học hành hết bao nhiêu tiền?,"[""B-PERIOD"", ""I-PERIOD"", ""I-PERIOD"", ""I-PERIOD"", ""I-PERIOD"", ""I-PERIOD"", ""I-PERIOD"", ""I-PERIOD"", ""I-PERIOD"", ""O"", ""O"", ""O"", ""O"", ""O"", ""O"", ""O"", ""O"", ""O"", ""O"", ""O"", ""O"", ""O"", ""O"", ""O"", ""O"", ""O"", ""O"", ""O"", ""O"", ""O"", ""O"", ""O"", ""O"", ""O"", ""O"", ""O"", ""O"", ""O""]"
394,Tôi đã chi bao nhiêu cho giao thông?,"[""O"", ""O"", ""O"", ""O"", ""O"", ""O"", ""O"", ""O"", ""O"", ""O"", ""O"", ""O"", ""O"", ""O"", ""O"", ""O"", ""O"", ""O"", ""O"", ""O"", ""O"", ""O"", ""O"", ""O"", ""O"", ""O"", ""O"", ""O"", ""O"", ""O"", ""O"", ""O"", ""O"", ""O"", ""O"", ""O""]"
395,Khoản nào đang ngốn nhiều tiền nhất?,"[""O"", ""O"", ""O"", ""O"", ""O"", ""O"", ""O"", ""O"", ""O"", ""O"", ""O"", ""O"", ""O"", ""O"", ""O"", ""O"", ""O"", ""O"", ""O"", ""O"", ""O"", ""O"", ""O"", ""O"", ""O"", ""O"", ""O"", ""O"", ""O"", ""O"", ""O"", ""O"", ""O"", ""O"", ""O"", ""O""]"
396,Cho tôi ngân sách ăn uống tối đa 2 triệu,"[""O"", ""O"", ""O"", ""O"", ""O"", ""O"", ""O"", ""O"", ""O"", ""O"", ""O"", ""O"", ""O"", ""O"", ""O"", ""O"", ""O"", ""O"", ""O"", ""O"", ""O"", ""O"", ""O"", ""O"", ""O"", ""O"", ""O"", ""O"", ""O"", ""O"", ""O"", ""O"", ""O"", ""B-BUDGET_LIMIT"", ""I-BUDGET_LIMIT"", ""I-BUDGET_LIMIT"", ""I-BUDGET_LIMIT"", ""I-BUDGET_LIMIT"", ""I-BUDGET_LIMIT"", ""I-BUDGET_LIMIT""]"
397,Mỗi tháng tiền mua sắm không quá 3 triệu nhé,"[""B-PERIOD"", ""I-PERIOD"", ""I-PERIOD"", ""I-PERIOD"", ""I-PERIOD"", ""I-PERIOD"", ""I-PERIOD"", ""I-PERIOD"", ""I-PERIOD"", ""O"", ""O"", ""O"", ""O"", ""O"", ""O"", ""O"", ""O"", ""O"", ""O"", ""O"", ""O"", ""O"", ""O"", ""O"", ""O"", ""O"", ""O"", ""O"", ""O"", ""O"", ""O"", ""O"", ""O"", ""B-BUDGET_LIMIT"", ""I-BUDGET_LIMIT"", ""I-BUDGET_LIMIT"", ""I-BUDGET_LIMIT"", ""I-BUDGET_LIMIT"", ""I-BUDGET_LIMIT"", ""I-BUDGET_LIMIT"", ""O"", ""O"", ""O"", ""O""]"
398,Đặt giới hạn đi lại là 800k một tháng,"[""O"", ""O"", ""O"", ""O"", ""O"", ""O"", ""O"", ""O"", ""O"", ""O"", ""O"", ""O"", ""O"", ""O"", ""O"", ""O"", ""O"", ""O"", ""O"", ""O"", ""O"", ""O"", ""O"", ""B-BUDGET_LIMIT"", ""I-BUDGET_LIMIT"", ""I-BUDGET_LIMIT"", ""I-BUDGET_LIMIT"", ""O"", ""B-PERIOD"", ""I-PERIOD"", ""I-PERIOD"", ""I-PERIOD"", ""I-PERIOD"", ""I-PERIOD"", ""I-PERIOD"", ""I-PERIOD"", ""I-PERIOD""]"
399,Ngân sách giải trí tháng này 1 triệu,"[""O"", ""O"", ""O"", ""O"", ""O"", ""O"", ""O"", ""O"", ""O"", ""O"", ""O"", ""O"", ""O"", ""O"", ""O"", ""O"", ""O"", ""O"", ""O"", ""B-PERIOD"", ""I-PERIOD"", ""I-PERIOD"", ""I-PERIOD"", ""I-PERIOD"", ""I-PERIOD"", ""I-PERIOD"", ""I-PERIOD"", ""I-PERIOD"", ""O"", ""B-BUDGET_LIMIT"", ""I-BUDGET_LIMIT"", ""I-BUDGET_LIMIT"", ""I-BUDGET_LIMIT"", ""I-BUDGET_LIMIT"", ""I-BUDGET_LIMIT"", ""I-BUDGET_LIMIT""]"
400,Tiền điện tối đa 600 nghìn mỗi tháng,"[""O"", ""O"", ""O"", ""O"", ""O"", ""O"", ""O"", ""O"", ""O"", ""O"", ""O"", ""O"", ""O"", ""O"", ""O"", ""O"", ""O"", ""B-BUDGET_LIMIT"", ""I-BUDGET_LIMIT"", ""I-BUDGET_LIMIT"", ""I-BUDGET_LIMIT"", ""I-BUDGET_LIMIT"", ""I-BUDGET_LIMIT"", ""I-BUDGET_LIMIT"", ""I-BUDGET_LIMIT"", ""I-BUDGET_LIMIT"", ""O"", ""B-PERIOD"", ""I-PERIOD"", ""I-PERIOD"", ""I-PERIOD"", ""I-PERIOD"", ""I-PERIOD"", ""I-PERIOD"", ""I-PERIOD"", ""I-PERIOD""]"
401,Đừng để chi ăn uống vượt quá 2 củ,"[""O"", ""O"", ""O"", ""O"", ""O"", ""O"", ""O"", ""O"", ""O"", ""O"", ""O"", ""O"", ""O"", ""O"", ""O"", ""O"", ""O"", ""O"", ""O"", ""O"", ""O"", ""O"", ""O"", ""O"", ""O"", ""O"", ""O"", ""O"", ""O"", ""B-BUDGET_LIMIT"", ""I-BUDGET_LIMIT"", ""I-BUDGET_LIMIT"", ""I-BUDGET_LIMIT""]"
402,Đặt hạn mức mua sắm tháng này 2 triệu rưỡi,"[""O"", ""O"", ""O"", ""O"", ""O"", ""O"", ""O"", ""O"", ""O"", ""O"", ""O"", ""O"", ""O"", ""O"", ""O"", ""O"", ""O"", ""O"", ""O"", ""O"", ""B-PERIOD"", ""I-PERIOD"", ""I-PERIOD"", ""I-PERIOD"", ""I-PERIOD"", ""I-PERIOD"", ""I-PERIOD"", ""I-PERIOD"", ""I-PERIOD"", ""O"", ""B-BUDGET_LIMIT"", ""I-BUDGET_LIMIT"", ""I-BUDGET_LIMIT"", ""I-BUDGET_LIMIT"", ""I-BUDGET_LIMIT"", ""I-BUDGET_LIMIT"", ""I-BUDGET_LIMIT"", ""I-BUDGET_LIMIT"", ""I-BUDGET_LIMIT"", ""I-BUDGET_LIMIT"", ""I-BUDGET_LIMIT"", ""I-BUDGET_LIMIT""]"
403,Tiền thuê nhà giới hạn 6 triệu nhé,"[""O"", ""O"", ""O"", ""O"", ""O"", ""O"", ""O"", ""O"", ""O"", ""O"", ""O"", ""O"", ""O"", ""O"", ""O"", ""O"", ""O"", ""O"", ""O"", ""O"", ""O"", ""O"", ""O"", ""B-BUDGET_LIMIT"", ""I-BUDGET_LIMIT"", ""I-BUDGET_LIMIT"", ""I-BUDGET_LIMIT"", ""I-BUDGET_LIMIT"", ""I-BUDGET_LIMIT"", ""I-BUDGET_LIMIT"", ""O"", ""O"", ""O"", ""O""]"
404,Tôi muốn giới hạn chi tiêu đi lại ở mức 1 triệu,"[""O"", ""O"", ""O"", ""O"", ""O"", ""O"", ""O"", ""O"", ""O"", ""O"", ""O"", ""O"", ""O"", ""O"", ""O"", ""O"", ""O"", ""O"", ""O"", ""O"", ""O"", ""O"", ""O"", ""O"", ""O"", ""O"", ""O"", ""O"", ""O"", ""O"", ""O"", ""O"", ""O"", ""O"", ""O"", ""O"", ""O"", ""O"", ""O"", ""O"", ""B-BUDGET_LIMIT"", ""I-BUDGET_LIMIT"", ""I-BUDGET_LIMIT"", ""I-BUDGET_LIMIT"", ""I-BUDGET_LIMIT"", ""I-BUDGET_LIMIT"", ""I-BUDGET_LIMIT""]"
405,Cho giải trí tối đa 700k mỗi tháng,"[""O"", ""O"", ""O"", ""O"", ""O"", ""O"", ""O"", ""O"", ""O"", ""O"", ""O"", ""O"", ""O"", ""O"", ""O"", ""O"", ""O"", ""O"", ""O"", ""O"", ""B-BUDGET_LIMIT"", ""I-BUDGET_LIMIT"", ""I-BUDGET_LIMIT"", ""I-BUDGET_LIMIT"", ""O"", ""B-PERIOD"", ""I-PERIOD"", ""I-PERIOD"", ""I-PERIOD"", ""I-PERIOD"", ""I-PERIOD"", ""I-PERIOD"", ""I-PERIOD"", ""I-PERIOD""]"
406,Mình muốn dành 20 triệu trong 5 tháng,"[""O"", ""O"", ""O"", ""O"", ""O"", ""O"", ""O"", ""O"", ""O"", ""O"", ""O"", ""O"", ""O"", ""O"", ""O"", ""B-TARGET_AMOUNT"", ""I-TARGET_AMOUNT"", ""I-TARGET_AMOUNT"", ""I-TARGET_AMOUNT"", ""I-TARGET_AMOUNT"", ""I-TARGET_AMOUNT"", ""I-TARGET_AMOUNT"", ""I-TARGET_AMOUNT"", ""O"", ""O"", ""O"", ""O"", ""O"", ""O"", ""O"", ""B-DURATION"", ""I-DURATION"", ""I-DURATION"", ""I-DURATION"", ""I-DURATION"", ""I-DURATION"", ""I-DURATION""]"
407,Tôi cần tiết kiệm 30 triệu sau 6 tháng,"[""O"", ""O"", ""O"", ""O"", ""O"", ""O"", ""O"", ""O"", ""O"", ""O"", ""O"", ""O"", ""O"", ""O"", ""O"", ""O"", ""O"", ""O"", ""B-TARGET_AMOUNT"", ""I-TARGET_AMOUNT"", ""I-TARGET_AMOUNT"", ""I-TARGET_AMOUNT"", ""I-TARGET_AMOUNT"", ""I-TARGET_AMOUNT"", ""I-TARGET_AMOUNT"", ""I-TARGET_AMOUNT"", ""O"", ""O"", ""O"", ""O"", ""O"", ""B-DURATION"", ""I-DURATION"", ""I-DURATION"", ""I-DURATION"", ""I-DURATION"", ""I-DURATION"", ""I-DURATION""]"
408,Mục tiêu là có 50 triệu trong 1 năm,"[""O"", ""O"", ""O"", ""O"", ""O"", ""O"", ""O"", ""O"", ""O"", ""O"", ""O"", ""O"", ""O"", ""O"", ""O"", ""B-TARGET_AMOUNT"", ""I-TARGET_AMOUNT"", ""I-TARGET_AMOUNT"", ""I-TARGET_AMOUNT"", ""I-TARGET_AMOUNT"", ""I-TARGET_AMOUNT"", ""I-TARGET_AMOUNT"", ""I-TARGET_AMOUNT"", ""O"", ""O"", ""O"", ""O"", ""O"", ""O"", ""O"", ""B-DURATION"", ""I-DURATION"", ""I-DURATION"", ""I-DURATION"", ""I-DURATION""]"
409,Muốn để dành 15 triệu trong 3 tháng,"[""O"", ""O"", ""O"", ""O"", ""O"", ""O"", ""O"", ""O"", ""O"", ""O"", ""O"", ""O"", ""O"", ""B-TARGET_AMOUNT"", ""I-TARGET_AMOUNT"", ""I-TARGET_AMOUNT"", ""I-TARGET_AMOUNT"", ""I-TARGET_AMOUNT"", ""I-TARGET_AMOUNT"", ""I-TARGET_AMOUNT"", ""I-TARGET_AMOUNT"", ""O"", ""O"", ""O"", ""O"", ""O"", ""O"", ""O"", ""B-DURATION"", ""I-DURATION"", ""I-DURATION"", ""I-DURATION"", ""I-DURATION"", ""I-DURATION"", ""I-DURATION""]"
410,Tôi muốn tích lũy 80 triệu trong 2 năm,"[""O"", ""O"", ""O"", ""O"", ""O"", ""O"", ""O"", ""O"", ""O"", ""O"", ""O"", ""O"", ""O"", ""O"", ""O"", ""O"", ""O"", ""O"", ""B-TARGET_AMOUNT"", ""I-TARGET_AMOUNT"", ""I-TARGET_AMOUNT"", ""I-TARGET_AMOUNT"", ""I-TARGET_AMOUNT"", ""I-TARGET_AMOUNT"", ""I-TARGET_AMOUNT"", ""I-TARGET_AMOUNT"", ""O"", ""O"", ""O"", ""O"", ""O"", ""O"", ""O"", ""B-DURATION"", ""I-DURATION"", ""I-DURATION"", ""I-DURATION"", ""I-DURATION""]"
411,Cần dành dụm 10 triệu trong vòng 4 tháng,"[""O"", ""O"", ""O"", ""O"", ""O"", ""O"", ""O"", ""O"", ""O"", ""O"", ""O"", ""O"", ""O"", ""B-TARGET_AMOUNT"", ""I-TARGET_AMOUNT"", ""I-TARGET_AMOUNT"", ""I-TARGET_AMOUNT"", ""I-TARGET_AMOUNT"", ""I-TARGET_AMOUNT"", ""I-TARGET_AMOUNT"", ""I-TARGET_AMOUNT"", ""O"", ""O"", ""O"", ""O"", ""O"", ""O"", ""O"", ""O"", ""O"", ""O"", ""O"", ""O"", ""B-DURATION"", ""I-DURATION"", ""I-DURATION"", ""I-DURATION"", ""I-DURATION"", ""I-DURATION"", ""I-DURATION""]"
412,Mỗi tháng phải để dành bao nhiêu để đủ 36 triệu sau 6 tháng?,"[""B-PERIOD"", ""I-PERIOD"", ""I-PERIOD"", ""I-PERIOD"", ""I-PERIOD"", ""I-PERIOD"", ""I-PERIOD"", ""I-PERIOD"", ""I-PERIOD"", ""O"", ""O"", ""O"", ""O"", ""O"", ""O"", ""O"", ""O"", ""O"", ""O"", ""O"", ""O"", ""O"", ""O"", ""O"", ""O"", ""O"", ""O"", ""O"", ""O"", ""O"", ""O"", ""O"", ""O"", ""O"", ""O"", ""O"", ""O"", ""O"", ""O"", ""B-TARGET_AMOUNT"", ""I-TARGET_AMOUNT"", ""I-TARGET_AMOUNT"", ""I-TARGET_AMOUNT"", ""I-TARGET_AMOUNT"", ""I-TARGET_AMOUNT"", ""I-TARGET_AMOUNT"", ""I-TARGET_AMOUNT"", ""O"", ""O"", ""O"", ""O"", ""O"", ""B-DURATION"", ""I-DURATION"", ""I-DURATION"", ""I-DURATION"", ""I-DURATION"", ""I-DURATION"", ""I-DURATION"", ""O""]"
413,Tôi muốn có 25 triệu tiền tiết kiệm sau 10 tháng,"[""O"", ""O"", ""O"", ""O"", ""O"", ""O"", ""O"", ""O"", ""O"", ""O"", ""O"", ""O"", ""B-TARGET_AMOUNT"", ""I-TARGET_AMOUNT"", ""I-TARGET_AMOUNT"", ""I-TARGET_AMOUNT"", ""I-TARGET_AMOUNT"", ""I-TARGET_AMOUNT"", ""I-TARGET_AMOUNT"", ""I-TARGET_AMOUNT"", ""O"", ""O"", ""O"", ""O"", ""O"", ""O"", ""O"", ""O"", ""O"", ""O"", ""O"", ""O"", ""O"", ""O"", ""O"", ""O"", ""O"", ""O"", ""O"", ""O"", ""B-DURATION"", ""I-DURATION"", ""I-DURATION"", ""I-DURATION"", ""I-DURATION"", ""I-DURATION"", ""I-DURATION"", ""I-DURATION""]"
414,Mục tiêu tiết kiệm của tôi là 60 triệu trong 18 tháng,"[""O"", ""O"", ""O"", ""O"", ""O"", ""O"", ""O"", ""O"", ""O"", ""O"", ""O"", ""O"", ""O"", ""O"", ""O"", ""O"", ""O"", ""O"", ""O"", ""O"", ""O"", ""O"", ""O"", ""O"", ""O"", ""O"", ""O"", ""O"", ""O"", ""O"", ""B-TARGET_AMOUNT"", ""I-TARGET_AMOUNT"", ""I-TARGET_AMOUNT"", ""I-TARGET_AMOUNT"", ""I-TARGET_AMOUNT"", ""I-TARGET_AMOUNT"", ""I-TARGET_AMOUNT"", ""I-TARGET_AMOUNT"", ""O"", ""O"", ""O"", ""O"", ""O"", ""O"", ""O"", ""B-DURATION"", ""I-DURATION"", ""I-DURATION"", ""I-DURATION"", ""I-DURATION"", ""I-DURATION"", ""I-DURATION"", ""I-DURATION""]"
415,Làm sao để tiết kiệm đủ 12 triệu trong 1 năm?,"[""O"", ""O"", ""O"", ""O"", ""O"", ""O"", ""O"", ""O"", ""O"", ""O"", ""O"", ""O"", ""O"", ""O"", ""O"", ""O"", ""O"", ""O"", ""O"", ""O"", ""O"", ""O"", ""O"", ""O"", ""B-TARGET_AMOUNT"", ""I-TARGET_AMOUNT"", ""I-TARGET_AMOUNT"", ""I-TARGET_AMOUNT"", ""I-TARGET_AMOUNT"", ""I-TARGET_AMOUNT"", ""I-TARGET_AMOUNT"", ""I-TARGET_AMOUNT"", ""O"", ""O"", ""O"", ""O"", ""O"", ""O"", ""O"", ""B-DURATION"", ""I-DURATION"", ""I-DURATION"", ""I-DURATION"", ""I-DURATION"", ""O""]"
416,Làm sao để quản lý chi tiêu hàng tháng cho hợp lý?,"[""O"", ""O"", ""O"", ""O"", ""O"", ""O"", ""O"", ""O"", ""O"", ""O"", ""O"", ""O"", ""O"", ""O"", ""O"", ""O"", ""O"", ""O"", ""O"", ""O"", ""O"", ""O"", ""O"", ""O"", ""O"", ""O"", ""O"", ""O"", ""B-PERIOD"", ""I-PERIOD"", ""I-PERIOD"", ""I-PERIOD"", ""I-PERIOD"", ""I-PERIOD"", ""I-PERIOD"", ""I-PERIOD"", ""I-PERIOD"", ""I-PERIOD"", ""O"", ""O"", ""O"", ""O"", ""O"", ""O"", ""O"", ""O"", ""O"", ""O"", ""O"", ""O""]"
417,Có cách nào giúp tiết kiệm tiền nhanh hơn không?,"[""O"", ""O"", ""O"", ""O"", ""O"", ""O"", ""O"", ""O"", ""O"", ""O"", ""O"", ""O"", ""O"", ""O"", ""O"", ""O"", ""O"", ""O"", ""O"", ""O"", ""O"", ""O"", ""O"", ""O"", ""O"", ""O"", ""O"", ""O"", ""O"", ""O"", ""O"", ""O"", ""O"", ""O"", ""O"", ""O"", ""O"", ""O"", ""O"", ""O"", ""O"", ""O"", ""O"", ""O"", ""O"", ""O"", ""O"", ""O""]"
418,Tôi nên bắt đầu lập ngân sách cá nhân thế nào?,"[""O"", ""O"", ""O"", ""O"", ""O"", ""O"", ""O"", ""O"", ""O"", ""O"", ""O"", ""O"", ""O"", ""O"", ""O"", ""O"", ""O"", ""O"", ""O"", ""O"", ""O"", ""O"", ""O"", ""O"", ""O"", ""O"", ""O"", ""O"", ""O"", ""O"", ""O"", ""O"", ""O"", ""O"", ""O"", ""O"", ""O"", ""O"", ""O"", ""O"", ""O"", ""O"", ""O"", ""O"", ""O"", ""O""]"
419,Quỹ khẩn cấp dùng để làm gì?,"[""O"", ""O"", ""O"", ""O"", ""O"", ""O"", ""O"", ""O"", ""O"", ""O"", ""O"", ""O"", ""O"", ""O"", ""O"", ""O"", ""O"", ""O"", ""O"", ""O"", ""O"", ""O"", ""O"", ""O"", ""O"", ""O"", ""O"", ""O""]"
420,Làm sao để không tiêu tiền quá tay?,"[""O"", ""O"", ""O"", ""O"", ""O"", ""O"", ""O"", ""O"", ""O"", ""O"", ""O"", ""O"", ""O"", ""O"", ""O"", ""O"", ""O"", ""O"", ""O"", ""O"", ""O"", ""O"", ""O"", ""O"", ""O"", ""O"", ""O"", ""O"", ""O"", ""O"", ""O"", ""O"", ""O"", ""O"", ""O""]"
421,Nên theo dõi các khoản chi tiêu như thế nào?,"[""O"", ""O"", ""O"", ""O"", ""O"", ""O"", ""O"", ""O"", ""O"", ""O"", ""O"", ""O"", ""O"", ""O"", ""O"", ""O"", ""O"", ""O"", ""O"", ""O"", ""O"", ""O"", ""O"", ""O"", ""O"", ""O"", ""O"", ""O"", ""O"", ""O"", ""O"", ""O"", ""O"", ""O"", ""O"", ""O"", ""O"", ""O"", ""O"", ""O"", ""O"", ""O"", ""O"", ""O""]"
422,Có nguyên tắc nào để quản lý tiền hiệu quả không?,"[""O"", ""O"", ""O"", ""O"", ""O"", ""O"", ""O"", ""O"", ""O"", ""O"", ""O"", ""O"", ""O"", ""O"", ""O"", ""O"", ""O"", ""O"", ""O"", ""O"", ""O"", ""O"", ""O"", ""O"", ""O"", ""O"", ""O"", ""O"", ""O"", ""O"", ""O"", ""O"", ""O"", ""O"", ""O"", ""O"", ""O"", ""O"", ""O"", ""O"", ""O"", ""O"", ""O"", ""O"", ""O"", ""O"", ""O"", ""O"", ""O""]"
423,Tôi nên chia tiền lương cho các khoản như thế nào?,"[""O"", ""O"", ""O"", ""O"", ""O"", ""O"", ""O"", ""O"", ""O"", ""O"", ""O"", ""O"", ""O"", ""O"", ""O"", ""O"", ""O"", ""O"", ""O"", ""O"", ""O"", ""O"", ""O"", ""O"", ""O"", ""O"", ""O"", ""O"", ""O"", ""O"", ""O"", ""O"", ""O"", ""O"", ""O"", ""O"", ""O"", ""O"", ""O"", ""O"", ""O"", ""O"", ""O"", ""O"", ""O"", ""O"", ""O"", ""O"", ""O"", ""O""]"
424,Làm sao để xây dựng thói quen tiết kiệm?,"[""O"", ""O"", ""O"", ""O"", ""O"", ""O"", ""O"", ""O"", ""O"", ""O"", ""O"", ""O"", ""O"", ""O"", ""O"", ""O"", ""O"", ""O"", ""O"", ""O"", ""O"", ""O"", ""O"", ""O"", ""O"", ""O"", ""O"", ""O"", ""O"", ""O"", ""O"", ""O"", ""O"", ""O"", ""O"", ""O"", ""O"", ""O"", ""O"", ""O""]"
425,Có cách nào kiểm soát chi tiêu mua sắm không?,"[""O"", ""O"", ""O"", ""O"", ""O"", ""O"", ""O"", ""O"", ""O"", ""O"", ""O"", ""O"", ""O"", ""O"", ""O"", ""O"", ""O"", ""O"", ""O"", ""O"", ""O"", ""O"", ""O"", ""O"", ""O"", ""O"", ""O"", ""O"", ""O"", ""O"", ""O"", ""O"", ""O"", ""O"", ""O"", ""O"", ""O"", ""O"", ""O"", ""O"", ""O"", ""O"", ""O"", ""O"", ""O""]"
426,Nay ăn cơm hết 55k,"[""O"", ""O"", ""O"", ""O"", ""O"", ""O"", ""O"", ""O"", ""O"", ""O"", ""O"", ""O"", ""O"", ""O"", ""O"", ""B-AMOUNT"", ""I-AMOUNT"", ""I-AMOUNT""]"
427,Sáng làm tô mì 30 nghìn,"[""O"", ""O"", ""O"", ""O"", ""O"", ""O"", ""O"", ""O"", ""O"", ""O"", ""O"", ""O"", ""O"", ""O"", ""O"", ""B-AMOUNT"", ""I-AMOUNT"", ""I-AMOUNT"", ""I-AMOUNT"", ""I-AMOUNT"", ""I-AMOUNT"", ""I-AMOUNT"", ""I-AMOUNT""]"
428,Vừa đặt đồ ăn 85k,"[""O"", ""O"", ""O"", ""O"", ""O"", ""O"", ""O"", ""O"", ""O"", ""O"", ""O"", ""O"", ""O"", ""O"", ""B-AMOUNT"", ""I-AMOUNT"", ""I-AMOUNT""]"
429,Mới uống cafe 40k,"[""O"", ""O"", ""O"", ""O"", ""O"", ""O"", ""O"", ""O"", ""O"", ""O"", ""O"", ""O"", ""O"", ""O"", ""B-AMOUNT"", ""I-AMOUNT"", ""I-AMOUNT""]"
430,Mua cái quần 450k,"[""O"", ""O"", ""O"", ""O"", ""O"", ""O"", ""O"", ""O"", ""O"", ""O"", ""O"", ""O"", ""O"", ""B-AMOUNT"", ""I-AMOUNT"", ""I-AMOUNT"", ""I-AMOUNT""]"
431,Tối qua đi chơi hết 300 nghìn,"[""O"", ""O"", ""O"", ""O"", ""O"", ""O"", ""O"", ""O"", ""O"", ""O"", ""O"", ""O"", ""O"", ""O"", ""O"", ""O"", ""O"", ""O"", ""O"", ""O"", ""B-AMOUNT"", ""I-AMOUNT"", ""I-AMOUNT"", ""I-AMOUNT"", ""I-AMOUNT"", ""I-AMOUNT"", ""I-AMOUNT"", ""I-AMOUNT"", ""I-AMOUNT""]"
432,Tiền điện vừa đóng 420k,"[""O"", ""O"", ""O"", ""O"", ""O"", ""O"", ""O"", ""O"", ""O"", ""O"", ""O"", ""O"", ""O"", ""O"", ""O"", ""O"", ""O"", ""O"", ""O"", ""B-AMOUNT"", ""I-AMOUNT"", ""I-AMOUNT"", ""I-AMOUNT""]"
433,Mua thuốc hết 90 nghìn,"[""O"", ""O"", ""O"", ""O"", ""O"", ""O"", ""O"", ""O"", ""O"", ""O"", ""O"", ""O"", ""O"", ""O"", ""B-AMOUNT"", ""I-AMOUNT"", ""I-AMOUNT"", ""I-AMOUNT"", ""I-AMOUNT"", ""I-AMOUNT"", ""I-AMOUNT"", ""I-AMOUNT""]"
434,Phòng tháng này 5 triệu,"[""O"", ""O"", ""O"", ""O"", ""O"", ""O"", ""B-PERIOD"", ""I-PERIOD"", ""I-PERIOD"", ""I-PERIOD"", ""I-PERIOD"", ""I-PERIOD"", ""I-PERIOD"", ""I-PERIOD"", ""I-PERIOD"", ""O"", ""B-AMOUNT"", ""I-AMOUNT"", ""I-AMOUNT"", ""I-AMOUNT"", ""I-AMOUNT"", ""I-AMOUNT"", ""I-AMOUNT""]"
435,Mua sách online 160k,"[""O"", ""O"", ""O"", ""O"", ""O"", ""O"", ""O"", ""O"", ""O"", ""O"", ""O"", ""O"", ""O"", ""O"", ""O"", ""O"", ""B-AMOUNT"", ""I-AMOUNT"", ""I-AMOUNT"", ""I-AMOUNT""]"
436,Đi Grab hết 60 nghìn,"[""O"", ""O"", ""O"", ""B-MERCHANT"", ""I-MERCHANT"", ""I-MERCHANT"", ""I-MERCHANT"", ""O"", ""O"", ""O"", ""O"", ""O"", ""B-AMOUNT"", ""I-AMOUNT"", ""I-AMOUNT"", ""I-AMOUNT"", ""I-AMOUNT"", ""I-AMOUNT"", ""I-AMOUNT"", ""I-AMOUNT""]"
437,Đổ xăng 70k rồi,"[""O"", ""O"", ""O"", ""O"", ""O"", ""O"", ""O"", ""O"", ""B-AMOUNT"", ""I-AMOUNT"", ""I-AMOUNT"", ""O"", ""O"", ""O"", ""O""]"
438,Mua đôi dép 200 nghìn,"[""O"", ""O"", ""O"", ""O"", ""O"", ""O"", ""O"", ""O"", ""O"", ""O"", ""O"", ""O"", ""B-AMOUNT"", ""I-AMOUNT"", ""I-AMOUNT"", ""I-AMOUNT"", ""I-AMOUNT"", ""I-AMOUNT"", ""I-AMOUNT"", ""I-AMOUNT"", ""I-AMOUNT""]"
439,Vừa trả tiền mạng 300k,"[""O"", ""O"", ""O"", ""O"", ""O"", ""O"", ""O"", ""O"", ""O"", ""O"", ""O"", ""O"", ""O"", ""O"", ""O"", ""O"", ""O"", ""O"", ""B-AMOUNT"", ""I-AMOUNT"", ""I-AMOUNT"", ""I-AMOUNT""]"
440,Ăn lẩu với bạn hết 500 nghìn,"[""O"", ""O"", ""O"", ""O"", ""O"", ""O"", ""O"", ""O"", ""O"", ""O"", ""O"", ""O"", ""O"", ""O"", ""O"", ""O"", ""O"", ""O"", ""O"", ""B-AMOUNT"", ""I-AMOUNT"", ""I-AMOUNT"", ""I-AMOUNT"", ""I-AMOUNT"", ""I-AMOUNT"", ""I-AMOUNT"", ""I-AMOUNT"", ""I-AMOUNT""]"
441,Mua đồ siêu thị hết 350k,"[""O"", ""O"", ""O"", ""O"", ""O"", ""O"", ""O"", ""O"", ""O"", ""O"", ""O"", ""O"", ""O"", ""O"", ""O"", ""O"", ""O"", ""O"", ""O"", ""O"", ""B-AMOUNT"", ""I-AMOUNT"", ""I-AMOUNT"", ""I-AMOUNT""]"
442,Đi taxi mất 100 nghìn,"[""O"", ""O"", ""O"", ""O"", ""O"", ""O"", ""O"", ""O"", ""O"", ""O"", ""O"", ""O"", ""B-AMOUNT"", ""I-AMOUNT"", ""I-AMOUNT"", ""I-AMOUNT"", ""I-AMOUNT"", ""I-AMOUNT"", ""I-AMOUNT"", ""I-AMOUNT"", ""I-AMOUNT""]"
443,Đóng học phí 4 triệu,"[""O"", ""O"", ""O"", ""O"", ""O"", ""O"", ""O"", ""O"", ""O"", ""O"", ""O"", ""O"", ""O"", ""B-AMOUNT"", ""I-AMOUNT"", ""I-AMOUNT"", ""I-AMOUNT"", ""I-AMOUNT"", ""I-AMOUNT"", ""I-AMOUNT""]"
444,Mua quà hết 280k,"[""O"", ""O"", ""O"", ""O"", ""O"", ""O"", ""O"", ""O"", ""O"", ""O"", ""O"", ""O"", ""B-AMOUNT"", ""I-AMOUNT"", ""I-AMOUNT"", ""I-AMOUNT""]"
445,Ăn sáng mất 25 nghìn,"[""O"", ""O"", ""O"", ""O"", ""O"", ""O"", ""O"", ""O"", ""O"", ""O"", ""O"", ""O"", ""B-AMOUNT"", ""I-AMOUNT"", ""I-AMOUNT"", ""I-AMOUNT"", ""I-AMOUNT"", ""I-AMOUNT"", ""I-AMOUNT"", ""I-AMOUNT""]"
446,Lương vừa về 12 triệu,"[""O"", ""O"", ""O"", ""O"", ""O"", ""O"", ""O"", ""O"", ""O"", ""O"", ""O"", ""O"", ""O"", ""B-AMOUNT"", ""I-AMOUNT"", ""I-AMOUNT"", ""I-AMOUNT"", ""I-AMOUNT"", ""I-AMOUNT"", ""I-AMOUNT"", ""I-AMOUNT""]"
447,Công ty chuyển 15 củ rồi,"[""O"", ""O"", ""O"", ""O"", ""O"", ""O"", ""O"", ""O"", ""O"", ""O"", ""O"", ""O"", ""O"", ""O"", ""O"", ""B-AMOUNT"", ""I-AMOUNT"", ""I-AMOUNT"", ""I-AMOUNT"", ""I-AMOUNT"", ""O"", ""O"", ""O"", ""O""]"
448,Được thưởng 3 triệu,"[""O"", ""O"", ""O"", ""O"", ""O"", ""O"", ""O"", ""O"", ""O"", ""O"", ""O"", ""O"", ""B-AMOUNT"", ""I-AMOUNT"", ""I-AMOUNT"", ""I-AMOUNT"", ""I-AMOUNT"", ""I-AMOUNT"", ""I-AMOUNT""]"
449,Mẹ gửi 2 củ,"[""O"", ""O"", ""O"", ""O"", ""O"", ""O"", ""O"", ""B-AMOUNT"", ""I-AMOUNT"", ""I-AMOUNT"", ""I-AMOUNT""]"
450,Vừa nhận tiền freelance 5 triệu,"[""O"", ""O"", ""O"", ""O"", ""O"", ""O"", ""O"", ""O"", ""O"", ""O"", ""O"", ""O"", ""O"", ""O"", ""O"", ""O"", ""O"", ""O"", ""O"", ""O"", ""O"", ""O"", ""O"", ""O"", ""B-AMOUNT"", ""I-AMOUNT"", ""I-AMOUNT"", ""I-AMOUNT"", ""I-AMOUNT"", ""I-AMOUNT"", ""I-AMOUNT""]"
451,Khách chuyển 4 triệu cho mình,"[""O"", ""O"", ""O"", ""O"", ""O"", ""O"", ""O"", ""O"", ""O"", ""O"", ""O"", ""O"", ""O"", ""B-AMOUNT"", ""I-AMOUNT"", ""I-AMOUNT"", ""I-AMOUNT"", ""I-AMOUNT"", ""I-AMOUNT"", ""I-AMOUNT"", ""O"", ""O"", ""O"", ""O"", ""O"", ""O"", ""O"", ""O"", ""O""]"
452,Bán đồ cũ được 600k,"[""O"", ""O"", ""O"", ""O"", ""O"", ""O"", ""O"", ""O"", ""O"", ""O"", ""O"", ""O"", ""O"", ""O"", ""O"", ""B-AMOUNT"", ""I-AMOUNT"", ""I-AMOUNT"", ""I-AMOUNT""]"
453,Tiền làm thêm vừa nhận 1 triệu,"[""O"", ""O"", ""O"", ""O"", ""O"", ""O"", ""O"", ""O"", ""O"", ""O"", ""O"", ""O"", ""O"", ""O"", ""O"", ""O"", ""O"", ""O"", ""O"", ""O"", ""O"", ""O"", ""O"", ""B-AMOUNT"", ""I-AMOUNT"", ""I-AMOUNT"", ""I-AMOUNT"", ""I-AMOUNT"", ""I-AMOUNT"", ""I-AMOUNT""]"
454,Vừa được hoàn 200 nghìn,"[""O"", ""O"", ""O"", ""O"", ""O"", ""O"", ""O"", ""O"", ""O"", ""O"", ""O"", ""O"", ""O"", ""O"", ""B-AMOUNT"", ""I-AMOUNT"", ""I-AMOUNT"", ""I-AMOUNT"", ""I-AMOUNT"", ""I-AMOUNT"", ""I-AMOUNT"", ""I-AMOUNT"", ""I-AMOUNT""]"
455,Thưởng tháng này 2 triệu rưỡi,"[""O"", ""O"", ""O"", ""O"", ""O"", ""O"", ""O"", ""B-PERIOD"", ""I-PERIOD"", ""I-PERIOD"", ""I-PERIOD"", ""I-PERIOD"", ""I-PERIOD"", ""I-PERIOD"", ""I-PERIOD"", ""I-PERIOD"", ""O"", ""B-AMOUNT"", ""I-AMOUNT"", ""I-AMOUNT"", ""I-AMOUNT"", ""I-AMOUNT"", ""I-AMOUNT"", ""I-AMOUNT"", ""I-AMOUNT"", ""I-AMOUNT"", ""I-AMOUNT"", ""I-AMOUNT"", ""I-AMOUNT""]"
456,Anh mình gửi 500k,"[""O"", ""O"", ""O"", ""O"", ""O"", ""O"", ""O"", ""O"", ""O"", ""O"", ""O"", ""O"", ""O"", ""B-AMOUNT"", ""I-AMOUNT"", ""I-AMOUNT"", ""I-AMOUNT""]"
457,Người ta trả nợ mình 3 triệu,"[""O"", ""O"", ""O"", ""O"", ""O"", ""O"", ""O"", ""O"", ""O"", ""O"", ""O"", ""O"", ""O"", ""O"", ""O"", ""O"", ""O"", ""O"", ""O"", ""O"", ""O"", ""B-AMOUNT"", ""I-AMOUNT"", ""I-AMOUNT"", ""I-AMOUNT"", ""I-AMOUNT"", ""I-AMOUNT"", ""I-AMOUNT""]"
458,Công ty chuyển phụ cấp 1 triệu,"[""O"", ""O"", ""O"", ""O"", ""O"", ""O"", ""O"", ""O"", ""O"", ""O"", ""O"", ""O"", ""O"", ""O"", ""O"", ""O"", ""O"", ""O"", ""O"", ""O"", ""O"", ""O"", ""O"", ""B-AMOUNT"", ""I-AMOUNT"", ""I-AMOUNT"", ""I-AMOUNT"", ""I-AMOUNT"", ""I-AMOUNT"", ""I-AMOUNT""]"
459,Bán chiếc điện thoại được 4 củ,"[""O"", ""O"", ""O"", ""O"", ""O"", ""O"", ""O"", ""O"", ""O"", ""O"", ""O"", ""O"", ""O"", ""O"", ""O"", ""O"", ""O"", ""O"", ""O"", ""O"", ""O"", ""O"", ""O"", ""O"", ""O"", ""O"", ""B-AMOUNT"", ""I-AMOUNT"", ""I-AMOUNT"", ""I-AMOUNT""]"
460,Vừa nhận tiền dự án 8 triệu,"[""O"", ""O"", ""O"", ""O"", ""O"", ""O"", ""O"", ""O"", ""O"", ""O"", ""O"", ""O"", ""O"", ""O"", ""O"", ""O"", ""O"", ""O"", ""O"", ""O"", ""B-AMOUNT"", ""I-AMOUNT"", ""I-AMOUNT"", ""I-AMOUNT"", ""I-AMOUNT"", ""I-AMOUNT"", ""I-AMOUNT""]"
461,Bố mẹ gửi tiền 1 triệu rưỡi,"[""O"", ""O"", ""O"", ""O"", ""O"", ""O"", ""O"", ""O"", ""O"", ""O"", ""O"", ""O"", ""O"", ""O"", ""O"", ""B-AMOUNT"", ""I-AMOUNT"", ""I-AMOUNT"", ""I-AMOUNT"", ""I-AMOUNT"", ""I-AMOUNT"", ""I-AMOUNT"", ""I-AMOUNT"", ""I-AMOUNT"", ""I-AMOUNT"", ""I-AMOUNT"", ""I-AMOUNT""]"
462,Khách thanh toán 2 củ,"[""O"", ""O"", ""O"", ""O"", ""O"", ""O"", ""O"", ""O"", ""O"", ""O"", ""O"", ""O"", ""O"", ""O"", ""O"", ""O"", ""O"", ""B-AMOUNT"", ""I-AMOUNT"", ""I-AMOUNT"", ""I-AMOUNT""]"
463,Lương tháng này 17 triệu nhé,"[""O"", ""O"", ""O"", ""O"", ""O"", ""O"", ""B-PERIOD"", ""I-PERIOD"", ""I-PERIOD"", ""I-PERIOD"", ""I-PERIOD"", ""I-PERIOD"", ""I-PERIOD"", ""I-PERIOD"", ""I-PERIOD"", ""O"", ""B-AMOUNT"", ""I-AMOUNT"", ""I-AMOUNT"", ""I-AMOUNT"", ""I-AMOUNT"", ""I-AMOUNT"", ""I-AMOUNT"", ""I-AMOUNT"", ""O"", ""O"", ""O"", ""O""]"
464,Vừa nhận công 700k,"[""O"", ""O"", ""O"", ""O"", ""O"", ""O"", ""O"", ""O"", ""O"", ""O"", ""O"", ""O"", ""O"", ""O"", ""B-AMOUNT"", ""I-AMOUNT"", ""I-AMOUNT"", ""I-AMOUNT""]"
465,Thưởng thêm 500 nghìn,"[""O"", ""O"", ""O"", ""O"", ""O"", ""O"", ""O"", ""O"", ""O"", ""O"", ""O"", ""O"", ""B-AMOUNT"", ""I-AMOUNT"", ""I-AMOUNT"", ""I-AMOUNT"", ""I-AMOUNT"", ""I-AMOUNT"", ""I-AMOUNT"", ""I-AMOUNT"", ""I-AMOUNT""]"
466,Số dư giờ còn bao nhiêu?,"[""O"", ""O"", ""O"", ""O"", ""O"", ""O"", ""O"", ""O"", ""O"", ""O"", ""O"", ""O"", ""O"", ""O"", ""O"", ""O"", ""O"", ""O"", ""O"", ""O"", ""O"", ""O"", ""O"", ""O""]"
467,Tài khoản mình còn bao nhiêu tiền?,"[""O"", ""O"", ""O"", ""O"", ""O"", ""O"", ""O"", ""O"", ""O"", ""O"", ""O"", ""O"", ""O"", ""O"", ""O"", ""O"", ""O"", ""O"", ""O"", ""O"", ""O"", ""O"", ""O"", ""O"", ""O"", ""O"", ""O"", ""O"", ""O"", ""O"", ""O"", ""O"", ""O"", ""O""]"
468,Kiểm tra số dư giúp mình,"[""O"", ""O"", ""O"", ""O"", ""O"", ""O"", ""O"", ""O"", ""O"", ""O"", ""O"", ""O"", ""O"", ""O"", ""O"", ""O"", ""O"", ""O"", ""O"", ""O"", ""O"", ""O"", ""O"", ""O""]"
469,Trong ví còn bao nhiêu?,"[""O"", ""O"", ""O"", ""O"", ""O"", ""O"", ""O"", ""O"", ""O"", ""O"", ""O"", ""O"", ""O"", ""O"", ""O"", ""O"", ""O"", ""O"", ""O"", ""O"", ""O"", ""O"", ""O""]"
470,Hiện tại tôi còn bao nhiêu?,"[""O"", ""O"", ""O"", ""O"", ""O"", ""O"", ""O"", ""O"", ""O"", ""O"", ""O"", ""O"", ""O"", ""O"", ""O"", ""O"", ""O"", ""O"", ""O"", ""O"", ""O"", ""O"", ""O"", ""O"", ""O"", ""O"", ""O""]"
471,Mình còn dư được bao nhiêu?,"[""O"", ""O"", ""O"", ""O"", ""O"", ""O"", ""O"", ""O"", ""O"", ""O"", ""O"", ""O"", ""O"", ""O"", ""O"", ""O"", ""O"", ""O"", ""O"", ""O"", ""O"", ""O"", ""O"", ""O"", ""O"", ""O"", ""O""]"
472,Giờ tài khoản còn bao nhiêu vậy?,"[""O"", ""O"", ""O"", ""O"", ""O"", ""O"", ""O"", ""O"", ""O"", ""O"", ""O"", ""O"", ""O"", ""O"", ""O"", ""O"", ""O"", ""O"", ""O"", ""O"", ""O"", ""O"", ""O"", ""O"", ""O"", ""O"", ""O"", ""O"", ""O"", ""O"", ""O"", ""O""]"
473,Sau các khoản chi còn bao nhiêu tiền?,"[""O"", ""O"", ""O"", ""O"", ""O"", ""O"", ""O"", ""O"", ""O"", ""O"", ""O"", ""O"", ""O"", ""O"", ""O"", ""O"", ""O"", ""O"", ""O"", ""O"", ""O"", ""O"", ""O"", ""O"", ""O"", ""O"", ""O"", ""O"", ""O"", ""O"", ""O"", ""O"", ""O"", ""O"", ""O"", ""O"", ""O""]"
474,Còn lại bao nhiêu trong tài khoản?,"[""O"", ""O"", ""O"", ""O"", ""O"", ""O"", ""O"", ""O"", ""O"", ""O"", ""O"", ""O"", ""O"", ""O"", ""O"", ""O"", ""O"", ""O"", ""O"", ""O"", ""O"", ""O"", ""O"", ""O"", ""O"", ""O"", ""O"", ""O"", ""O"", ""O"", ""O"", ""O"", ""O"", ""O""]"
475,Tôi đang có bao nhiêu tiền?,"[""O"", ""O"", ""O"", ""O"", ""O"", ""O"", ""O"", ""O"", ""O"", ""O"", ""O"", ""O"", ""O"", ""O"", ""O"", ""O"", ""O"", ""O"", ""O"", ""O"", ""O"", ""O"", ""O"", ""O"", ""O"", ""O"", ""O""]"
476,Tháng này tiêu tổng bao nhiêu?,"[""B-PERIOD"", ""I-PERIOD"", ""I-PERIOD"", ""I-PERIOD"", ""I-PERIOD"", ""I-PERIOD"", ""I-PERIOD"", ""I-PERIOD"", ""I-PERIOD"", ""O"", ""O"", ""O"", ""O"", ""O"", ""O"", ""O"", ""O"", ""O"", ""O"", ""O"", ""O"", ""O"", ""O"", ""O"", ""O"", ""O"", ""O"", ""O"", ""O"", ""O""]"
477,Từ đầu tháng tới giờ chi bao nhiêu rồi?,"[""B-PERIOD"", ""I-PERIOD"", ""I-PERIOD"", ""I-PERIOD"", ""I-PERIOD"", ""I-PERIOD"", ""I-PERIOD"", ""I-PERIOD"", ""I-PERIOD"", ""I-PERIOD"", ""I-PERIOD"", ""I-PERIOD"", ""I-PERIOD"", ""I-PERIOD"", ""I-PERIOD"", ""I-PERIOD"", ""I-PERIOD"", ""I-PERIOD"", ""I-PERIOD"", ""I-PERIOD"", ""O"", ""O"", ""O"", ""O"", ""O"", ""O"", ""O"", ""O"", ""O"", ""O"", ""O"", ""O"", ""O"", ""O"", ""O"", ""O"", ""O"", ""O"", ""O""]"
478,Hôm nay đã tiêu bao nhiêu?,"[""O"", ""O"", ""O"", ""O"", ""O"", ""O"", ""O"", ""O"", ""O"", ""O"", ""O"", ""O"", ""O"", ""O"", ""O"", ""O"", ""O"", ""O"", ""O"", ""O"", ""O"", ""O"", ""O"", ""O"", ""O"", ""O""]"
479,Tuần này tổng chi hết bao nhiêu?,"[""B-PERIOD"", ""I-PERIOD"", ""I-PERIOD"", ""I-PERIOD"", ""I-PERIOD"", ""I-PERIOD"", ""I-PERIOD"", ""I-PERIOD"", ""O"", ""O"", ""O"", ""O"", ""O"", ""O"", ""O"", ""O"", ""O"", ""O"", ""O"", ""O"", ""O"", ""O"", ""O"", ""O"", ""O"", ""O"", ""O"", ""O"", ""O"", ""O"", ""O"", ""O""]"
480,7 ngày qua mình tiêu bao nhiêu?,"[""B-PERIOD"", ""I-PERIOD"", ""I-PERIOD"", ""I-PERIOD"", ""I-PERIOD"", ""I-PERIOD"", ""O"", ""O"", ""O"", ""O"", ""O"", ""O"", ""O"", ""O"", ""O"", ""O"", ""O"", ""O"", ""O"", ""O"", ""O"", ""O"", ""O"", ""O"", ""O"", ""O"", ""O"", ""O"", ""O"", ""O"", ""O""]"
481,Tháng trước chi tổng cộng bao nhiêu?,"[""B-PERIOD"", ""I-PERIOD"", ""I-PERIOD"", ""I-PERIOD"", ""I-PERIOD"", ""I-PERIOD"", ""I-PERIOD"", ""I-PERIOD"", ""I-PERIOD"", ""I-PERIOD"", ""I-PERIOD"", ""O"", ""O"", ""O"", ""O"", ""O"", ""O"", ""O"", ""O"", ""O"", ""O"", ""O"", ""O"", ""O"", ""O"", ""O"", ""O"", ""O"", ""O"", ""O"", ""O"", ""O"", ""O"", ""O"", ""O"", ""O""]"
482,Năm nay tiêu hết bao nhiêu rồi?,"[""B-PERIOD"", ""I-PERIOD"", ""I-PERIOD"", ""I-PERIOD"", ""I-PERIOD"", ""I-PERIOD"", ""I-PERIOD"", ""O"", ""O"", ""O"", ""O"", ""O"", ""O"", ""O"", ""O"", ""O"", ""O"", ""O"", ""O"", ""O"", ""O"", ""O"", ""O"", ""O"", ""O"", ""O"", ""O"", ""O"", ""O"", ""O"", ""O""]"
483,Hôm qua đã chi bao nhiêu?,"[""O"", ""O"", ""O"", ""O"", ""O"", ""O"", ""O"", ""O"", ""O"", ""O"", ""O"", ""O"", ""O"", ""O"", ""O"", ""O"", ""O"", ""O"", ""O"", ""O"", ""O"", ""O"", ""O"", ""O"", ""O""]"
484,Tổng tiền đã tiêu trong tháng là bao nhiêu?,"[""O"", ""O"", ""O"", ""O"", ""O"", ""O"", ""O"", ""O"", ""O"", ""O"", ""O"", ""O"", ""O"", ""O"", ""O"", ""O"", ""O"", ""O"", ""B-PERIOD"", ""I-PERIOD"", ""I-PERIOD"", ""I-PERIOD"", ""I-PERIOD"", ""I-PERIOD"", ""I-PERIOD"", ""I-PERIOD"", ""I-PERIOD"", ""I-PERIOD"", ""I-PERIOD"", ""O"", ""O"", ""O"", ""O"", ""O"", ""O"", ""O"", ""O"", ""O"", ""O"", ""O"", ""O"", ""O"", ""O""]"
485,Cho tôi biết tổng chi tuần này,"[""O"", ""O"", ""O"", ""O"", ""O"", ""O"", ""O"", ""O"", ""O"", ""O"", ""O"", ""O"", ""O"", ""O"", ""O"", ""O"", ""O"", ""O"", ""O"", ""O"", ""O"", ""O"", ""B-PERIOD"", ""I-PERIOD"", ""I-PERIOD"", ""I-PERIOD"", ""I-PERIOD"", ""I-PERIOD"", ""I-PERIOD"", ""I-PERIOD""]"
486,Tiền ăn tháng này hết bao nhiêu?,"[""O"", ""O"", ""O"", ""O"", ""O"", ""O"", ""O"", ""O"", ""B-PERIOD"", ""I-PERIOD"", ""I-PERIOD"", ""I-PERIOD"", ""I-PERIOD"", ""I-PERIOD"", ""I-PERIOD"", ""I-PERIOD"", ""I-PERIOD"", ""O"", ""O"", ""O"", ""O"", ""O"", ""O"", ""O"", ""O"", ""O"", ""O"", ""O"", ""O"", ""O"", ""O"", ""O""]"
487,Đi lại tháng này tốn bao nhiêu?,"[""O"", ""O"", ""O"", ""O"", ""O"", ""O"", ""O"", ""B-PERIOD"", ""I-PERIOD"", ""I-PERIOD"", ""I-PERIOD"", ""I-PERIOD"", ""I-PERIOD"", ""I-PERIOD"", ""I-PERIOD"", ""I-PERIOD"", ""O"", ""O"", ""O"", ""O"", ""O"", ""O"", ""O"", ""O"", ""O"", ""O"", ""O"", ""O"", ""O"", ""O"", ""O""]"
488,Mua sắm hết bao nhiêu tiền?,"[""O"", ""O"", ""O"", ""O"", ""O"", ""O"", ""O"", ""O"", ""O"", ""O"", ""O"", ""O"", ""O"", ""O"", ""O"", ""O"", ""O"", ""O"", ""O"", ""O"", ""O"", ""O"", ""O"", ""O"", ""O"", ""O"", ""O""]"
489,Tiền điện tháng này bao nhiêu?,"[""O"", ""O"", ""O"", ""O"", ""O"", ""O"", ""O"", ""O"", ""O"", ""O"", ""B-PERIOD"", ""I-PERIOD"", ""I-PERIOD"", ""I-PERIOD"", ""I-PERIOD"", ""I-PERIOD"", ""I-PERIOD"", ""I-PERIOD"", ""I-PERIOD"", ""O"", ""O"", ""O"", ""O"", ""O"", ""O"", ""O"", ""O"", ""O"", ""O"", ""O""]"
490,Tiền nhà đã tốn bao nhiêu?,"[""O"", ""O"", ""O"", ""O"", ""O"", ""O"", ""O"", ""O"", ""O"", ""O"", ""O"", ""O"", ""O"", ""O"", ""O"", ""O"", ""O"", ""O"", ""O"", ""O"", ""O"", ""O"", ""O"", ""O"", ""O"", ""O""]"
491,Giải trí tháng này hết bao nhiêu?,"[""O"", ""O"", ""O"", ""O"", ""O"", ""O"", ""O"", ""O"", ""O"", ""B-PERIOD"", ""I-PERIOD"", ""I-PERIOD"", ""I-PERIOD"", ""I-PERIOD"", ""I-PERIOD"", ""I-PERIOD"", ""I-PERIOD"", ""I-PERIOD"", ""O"", ""O"", ""O"", ""O"", ""O"", ""O"", ""O"", ""O"", ""O"", ""O"", ""O"", ""O"", ""O"", ""O"", ""O""]"
492,Tiền thuốc tháng này là bao nhiêu?,"[""O"", ""O"", ""O"", ""O"", ""O"", ""O"", ""O"", ""O"", ""O"", ""O"", ""O"", ""B-PERIOD"", ""I-PERIOD"", ""I-PERIOD"", ""I-PERIOD"", ""I-PERIOD"", ""I-PERIOD"", ""I-PERIOD"", ""I-PERIOD"", ""I-PERIOD"", ""O"", ""O"", ""O"", ""O"", ""O"", ""O"", ""O"", ""O"", ""O"", ""O"", ""O"", ""O"", ""O"", ""O""]"
493,Học hành hết bao nhiêu tiền?,"[""O"", ""O"", ""O"", ""O"", ""O"", ""O"", ""O"", ""O"", ""O"", ""O"", ""O"", ""O"", ""O"", ""O"", ""O"", ""O"", ""O"", ""O"", ""O"", ""O"", ""O"", ""O"", ""O"", ""O"", ""O"", ""O"", ""O"", ""O""]"
494,Xăng xe tháng này hết bao nhiêu?,"[""O"", ""O"", ""O"", ""O"", ""O"", ""O"", ""O"", ""O"", ""B-PERIOD"", ""I-PERIOD"", ""I-PERIOD"", ""I-PERIOD"", ""I-PERIOD"", ""I-PERIOD"", ""I-PERIOD"", ""I-PERIOD"", ""I-PERIOD"", ""O"", ""O"", ""O"", ""O"", ""O"", ""O"", ""O"", ""O"", ""O"", ""O"", ""O"", ""O"", ""O"", ""O"", ""O""]"
495,Khoản nào đang tốn nhiều nhất?,"[""O"", ""O"", ""O"", ""O"", ""O"", ""O"", ""O"", ""O"", ""O"", ""O"", ""O"", ""O"", ""O"", ""O"", ""O"", ""O"", ""O"", ""O"", ""O"", ""O"", ""O"", ""O"", ""O"", ""O"", ""O"", ""O"", ""O"", ""O"", ""O"", ""O""]"
496,Cho ăn uống ngân sách 2 triệu,"[""O"", ""O"", ""O"", ""O"", ""O"", ""O"", ""O"", ""O"", ""O"", ""O"", ""O"", ""O"", ""O"", ""O"", ""O"", ""O"", ""O"", ""O"", ""O"", ""O"", ""O"", ""O"", ""B-BUDGET_LIMIT"", ""I-BUDGET_LIMIT"", ""I-BUDGET_LIMIT"", ""I-BUDGET_LIMIT"", ""I-BUDGET_LIMIT"", ""I-BUDGET_LIMIT"", ""I-BUDGET_LIMIT""]"
497,Mua sắm tháng này tối đa 3 triệu,"[""O"", ""O"", ""O"", ""O"", ""O"", ""O"", ""O"", ""O"", ""B-PERIOD"", ""I-PERIOD"", ""I-PERIOD"", ""I-PERIOD"", ""I-PERIOD"", ""I-PERIOD"", ""I-PERIOD"", ""I-PERIOD"", ""I-PERIOD"", ""O"", ""O"", ""O"", ""O"", ""O"", ""O"", ""O"", ""O"", ""B-BUDGET_LIMIT"", ""I-BUDGET_LIMIT"", ""I-BUDGET_LIMIT"", ""I-BUDGET_LIMIT"", ""I-BUDGET_LIMIT"", ""I-BUDGET_LIMIT"", ""I-BUDGET_LIMIT""]"
498,Đi lại giới hạn 800k nhé,"[""O"", ""O"", ""O"", ""O"", ""O"", ""O"", ""O"", ""O"", ""O"", ""O"", ""O"", ""O"", ""O"", ""O"", ""O"", ""O"", ""B-BUDGET_LIMIT"", ""I-BUDGET_LIMIT"", ""I-BUDGET_LIMIT"", ""I-BUDGET_LIMIT"", ""O"", ""O"", ""O"", ""O""]"
499,Giải trí mỗi tháng 1 triệu thôi,"[""O"", ""O"", ""O"", ""O"", ""O"", ""O"", ""O"", ""O"", ""O"", ""B-PERIOD"", ""I-PERIOD"", ""I-PERIOD"", ""I-PERIOD"", ""I-PERIOD"", ""I-PERIOD"", ""I-PERIOD"", ""I-PERIOD"", ""I-PERIOD"", ""O"", ""B-BUDGET_LIMIT"", ""I-BUDGET_LIMIT"", ""I-BUDGET_LIMIT"", ""I-BUDGET_LIMIT"", ""I-BUDGET_LIMIT"", ""I-BUDGET_LIMIT"", ""I-BUDGET_LIMIT"", ""O"", ""O"", ""O"", ""O"", ""O""]"
500,Tiền điện tối đa 600 nghìn,"[""O"", ""O"", ""O"", ""O"", ""O"", ""O"", ""O"", ""O"", ""O"", ""O"", ""O"", ""O"", ""O"", ""O"", ""O"", ""O"", ""O"", ""B-BUDGET_LIMIT"", ""I-BUDGET_LIMIT"", ""I-BUDGET_LIMIT"", ""I-BUDGET_LIMIT"", ""I-BUDGET_LIMIT"", ""I-BUDGET_LIMIT"", ""I-BUDGET_LIMIT"", ""I-BUDGET_LIMIT"", ""I-BUDGET_LIMIT""]"
501,Ăn uống không được vượt quá 2 củ,"[""O"", ""O"", ""O"", ""O"", ""O"", ""O"", ""O"", ""O"", ""O"", ""O"", ""O"", ""O"", ""O"", ""O"", ""O"", ""O"", ""O"", ""O"", ""O"", ""O"", ""O"", ""O"", ""O"", ""O"", ""O"", ""O"", ""O"", ""O"", ""B-BUDGET_LIMIT"", ""I-BUDGET_LIMIT"", ""I-BUDGET_LIMIT"", ""I-BUDGET_LIMIT""]"
502,Đặt hạn mức mua sắm 2 triệu rưỡi,"[""O"", ""O"", ""O"", ""O"", ""O"", ""O"", ""O"", ""O"", ""O"", ""O"", ""O"", ""O"", ""O"", ""O"", ""O"", ""O"", ""O"", ""O"", ""O"", ""O"", ""B-BUDGET_LIMIT"", ""I-BUDGET_LIMIT"", ""I-BUDGET_LIMIT"", ""I-BUDGET_LIMIT"", ""I-BUDGET_LIMIT"", ""I-BUDGET_LIMIT"", ""I-BUDGET_LIMIT"", ""I-BUDGET_LIMIT"", ""I-BUDGET_LIMIT"", ""I-BUDGET_LIMIT"", ""I-BUDGET_LIMIT"", ""I-BUDGET_LIMIT""]"
503,Tiền nhà tháng này giới hạn 6 triệu,"[""O"", ""O"", ""O"", ""O"", ""O"", ""O"", ""O"", ""O"", ""O"", ""B-PERIOD"", ""I-PERIOD"", ""I-PERIOD"", ""I-PERIOD"", ""I-PERIOD"", ""I-PERIOD"", ""I-PERIOD"", ""I-PERIOD"", ""I-PERIOD"", ""O"", ""O"", ""O"", ""O"", ""O"", ""O"", ""O"", ""O"", ""O"", ""O"", ""B-BUDGET_LIMIT"", ""I-BUDGET_LIMIT"", ""I-BUDGET_LIMIT"", ""I-BUDGET_LIMIT"", ""I-BUDGET_LIMIT"", ""I-BUDGET_LIMIT"", ""I-BUDGET_LIMIT""]"
504,Cho đi lại tối đa 1 triệu mỗi tháng,"[""O"", ""O"", ""O"", ""O"", ""O"", ""O"", ""O"", ""O"", ""O"", ""O"", ""O"", ""O"", ""O"", ""O"", ""O"", ""O"", ""O"", ""O"", ""B-BUDGET_LIMIT"", ""I-BUDGET_LIMIT"", ""I-BUDGET_LIMIT"", ""I-BUDGET_LIMIT"", ""I-BUDGET_LIMIT"", ""I-BUDGET_LIMIT"", ""I-BUDGET_LIMIT"", ""O"", ""B-PERIOD"", ""I-PERIOD"", ""I-PERIOD"", ""I-PERIOD"", ""I-PERIOD"", ""I-PERIOD"", ""I-PERIOD"", ""I-PERIOD"", ""I-PERIOD""]"
505,Giải trí chỉ được tiêu 500k thôi,"[""O"", ""O"", ""O"", ""O"", ""O"", ""O"", ""O"", ""O"", ""O"", ""O"", ""O"", ""O"", ""O"", ""O"", ""O"", ""O"", ""O"", ""O"", ""O"", ""O"", ""O"", ""O"", ""O"", ""B-BUDGET_LIMIT"", ""I-BUDGET_LIMIT"", ""I-BUDGET_LIMIT"", ""I-BUDGET_LIMIT"", ""O"", ""O"", ""O"", ""O"", ""O""]"
506,Mình muốn để dành 20 triệu trong 5 tháng,"[""O"", ""O"", ""O"", ""O"", ""O"", ""O"", ""O"", ""O"", ""O"", ""O"", ""O"", ""O"", ""O"", ""O"", ""O"", ""O"", ""O"", ""O"", ""B-TARGET_AMOUNT"", ""I-TARGET_AMOUNT"", ""I-TARGET_AMOUNT"", ""I-TARGET_AMOUNT"", ""I-TARGET_AMOUNT"", ""I-TARGET_AMOUNT"", ""I-TARGET_AMOUNT"", ""I-TARGET_AMOUNT"", ""O"", ""O"", ""O"", ""O"", ""O"", ""O"", ""O"", ""B-DURATION"", ""I-DURATION"", ""I-DURATION"", ""I-DURATION"", ""I-DURATION"", ""I-DURATION"", ""I-DURATION""]"
507,Cần tiết kiệm 30 triệu trong 6 tháng,"[""O"", ""O"", ""O"", ""O"", ""O"", ""O"", ""O"", ""O"", ""O"", ""O"", ""O"", ""O"", ""O"", ""O"", ""B-TARGET_AMOUNT"", ""I-TARGET_AMOUNT"", ""I-TARGET_AMOUNT"", ""I-TARGET_AMOUNT"", ""I-TARGET_AMOUNT"", ""I-TARGET_AMOUNT"", ""I-TARGET_AMOUNT"", ""I-TARGET_AMOUNT"", ""O"", ""O"", ""O"", ""O"", ""O"", ""O"", ""O"", ""B-DURATION"", ""I-DURATION"", ""I-DURATION"", ""I-DURATION"", ""I-DURATION"", ""I-DURATION"", ""I-DURATION""]"
508,Mục tiêu 50 triệu sau 1 năm,"[""O"", ""O"", ""O"", ""O"", ""O"", ""O"", ""O"", ""O"", ""O"", ""B-TARGET_AMOUNT"", ""I-TARGET_AMOUNT"", ""I-TARGET_AMOUNT"", ""I-TARGET_AMOUNT"", ""I-TARGET_AMOUNT"", ""I-TARGET_AMOUNT"", ""I-TARGET_AMOUNT"", ""I-TARGET_AMOUNT"", ""O"", ""O"", ""O"", ""O"", ""O"", ""B-DURATION"", ""I-DURATION"", ""I-DURATION"", ""I-DURATION"", ""I-DURATION""]"
509,Muốn dành dụm 15 triệu trong 4 tháng,"[""O"", ""O"", ""O"", ""O"", ""O"", ""O"", ""O"", ""O"", ""O"", ""O"", ""O"", ""O"", ""O"", ""O"", ""B-TARGET_AMOUNT"", ""I-TARGET_AMOUNT"", ""I-TARGET_AMOUNT"", ""I-TARGET_AMOUNT"", ""I-TARGET_AMOUNT"", ""I-TARGET_AMOUNT"", ""I-TARGET_AMOUNT"", ""I-TARGET_AMOUNT"", ""O"", ""O"", ""O"", ""O"", ""O"", ""O"", ""O"", ""B-DURATION"", ""I-DURATION"", ""I-DURATION"", ""I-DURATION"", ""I-DURATION"", ""I-DURATION"", ""I-DURATION""]"
510,Tôi muốn tích 80 triệu trong 2 năm,"[""O"", ""O"", ""O"", ""O"", ""O"", ""O"", ""O"", ""O"", ""O"", ""O"", ""O"", ""O"", ""O"", ""O"", ""B-TARGET_AMOUNT"", ""I-TARGET_AMOUNT"", ""I-TARGET_AMOUNT"", ""I-TARGET_AMOUNT"", ""I-TARGET_AMOUNT"", ""I-TARGET_AMOUNT"", ""I-TARGET_AMOUNT"", ""I-TARGET_AMOUNT"", ""O"", ""O"", ""O"", ""O"", ""O"", ""O"", ""O"", ""B-DURATION"", ""I-DURATION"", ""I-DURATION"", ""I-DURATION"", ""I-DURATION""]"
511,Cần để dành 10 triệu trong 3 tháng,"[""O"", ""O"", ""O"", ""O"", ""O"", ""O"", ""O"", ""O"", ""O"", ""O"", ""O"", ""O"", ""B-TARGET_AMOUNT"", ""I-TARGET_AMOUNT"", ""I-TARGET_AMOUNT"", ""I-TARGET_AMOUNT"", ""I-TARGET_AMOUNT"", ""I-TARGET_AMOUNT"", ""I-TARGET_AMOUNT"", ""I-TARGET_AMOUNT"", ""O"", ""O"", ""O"", ""O"", ""O"", ""O"", ""O"", ""B-DURATION"", ""I-DURATION"", ""I-DURATION"", ""I-DURATION"", ""I-DURATION"", ""I-DURATION"", ""I-DURATION""]"
512,Mỗi tháng cần tiết kiệm bao nhiêu để đủ 36 triệu sau 6 tháng?,"[""B-PERIOD"", ""I-PERIOD"", ""I-PERIOD"", ""I-PERIOD"", ""I-PERIOD"", ""I-PERIOD"", ""I-PERIOD"", ""I-PERIOD"", ""I-PERIOD"", ""O"", ""O"", ""O"", ""O"", ""O"", ""O"", ""O"", ""O"", ""O"", ""O"", ""O"", ""O"", ""O"", ""O"", ""O"", ""O"", ""O"", ""O"", ""O"", ""O"", ""O"", ""O"", ""O"", ""O"", ""O"", ""O"", ""O"", ""O"", ""O"", ""O"", ""O"", ""B-TARGET_AMOUNT"", ""I-TARGET_AMOUNT"", ""I-TARGET_AMOUNT"", ""I-TARGET_AMOUNT"", ""I-TARGET_AMOUNT"", ""I-TARGET_AMOUNT"", ""I-TARGET_AMOUNT"", ""I-TARGET_AMOUNT"", ""O"", ""O"", ""O"", ""O"", ""O"", ""B-DURATION"", ""I-DURATION"", ""I-DURATION"", ""I-DURATION"", ""I-DURATION"", ""I-DURATION"", ""I-DURATION"", ""O""]"
513,Muốn có 25 triệu tiết kiệm sau 10 tháng,"[""O"", ""O"", ""O"", ""O"", ""O"", ""O"", ""O"", ""O"", ""B-TARGET_AMOUNT"", ""I-TARGET_AMOUNT"", ""I-TARGET_AMOUNT"", ""I-TARGET_AMOUNT"", ""I-TARGET_AMOUNT"", ""I-TARGET_AMOUNT"", ""I-TARGET_AMOUNT"", ""I-TARGET_AMOUNT"", ""O"", ""O"", ""O"", ""O"", ""O"", ""O"", ""O"", ""O"", ""O"", ""O"", ""O"", ""O"", ""O"", ""O"", ""O"", ""B-DURATION"", ""I-DURATION"", ""I-DURATION"", ""I-DURATION"", ""I-DURATION"", ""I-DURATION"", ""I-DURATION"", ""I-DURATION""]"
514,Mục tiêu tiết kiệm là 60 triệu trong 18 tháng,"[""O"", ""O"", ""O"", ""O"", ""O"", ""O"", ""O"", ""O"", ""O"", ""O"", ""O"", ""O"", ""O"", ""O"", ""O"", ""O"", ""O"", ""O"", ""O"", ""O"", ""O"", ""O"", ""B-TARGET_AMOUNT"", ""I-TARGET_AMOUNT"", ""I-TARGET_AMOUNT"", ""I-TARGET_AMOUNT"", ""I-TARGET_AMOUNT"", ""I-TARGET_AMOUNT"", ""I-TARGET_AMOUNT"", ""I-TARGET_AMOUNT"", ""O"", ""O"", ""O"", ""O"", ""O"", ""O"", ""O"", ""B-DURATION"", ""I-DURATION"", ""I-DURATION"", ""I-DURATION"", ""I-DURATION"", ""I-DURATION"", ""I-DURATION"", ""I-DURATION""]"
515,Làm sao để dành đủ 12 triệu trong 1 năm?,"[""O"", ""O"", ""O"", ""O"", ""O"", ""O"", ""O"", ""O"", ""O"", ""O"", ""O"", ""O"", ""O"", ""O"", ""O"", ""O"", ""O"", ""O"", ""O"", ""B-TARGET_AMOUNT"", ""I-TARGET_AMOUNT"", ""I-TARGET_AMOUNT"", ""I-TARGET_AMOUNT"", ""I-TARGET_AMOUNT"", ""I-TARGET_AMOUNT"", ""I-TARGET_AMOUNT"", ""I-TARGET_AMOUNT"", ""O"", ""O"", ""O"", ""O"", ""O"", ""O"", ""O"", ""B-DURATION"", ""I-DURATION"", ""I-DURATION"", ""I-DURATION"", ""I-DURATION"", ""O""]"
516,Làm sao quản lý tiền cho tốt?,"[""O"", ""O"", ""O"", ""O"", ""O"", ""O"", ""O"", ""O"", ""O"", ""O"", ""O"", ""O"", ""O"", ""O"", ""O"", ""O"", ""O"", ""O"", ""O"", ""O"", ""O"", ""O"", ""O"", ""O"", ""O"", ""O"", ""O"", ""O"", ""O""]"
517,Có cách nào tiết kiệm hiệu quả không?,"[""O"", ""O"", ""O"", ""O"", ""O"", ""O"", ""O"", ""O"", ""O"", ""O"", ""O"", ""O"", ""O"", ""O"", ""O"", ""O"", ""O"", ""O"", ""O"", ""O"", ""O"", ""O"", ""O"", ""O"", ""O"", ""O"", ""O"", ""O"", ""O"", ""O"", ""O"", ""O"", ""O"", ""O"", ""O"", ""O"", ""O""]"
518,Nên lập ngân sách cá nhân thế nào?,"[""O"", ""O"", ""O"", ""O"", ""O"", ""O"", ""O"", ""O"", ""O"", ""O"", ""O"", ""O"", ""O"", ""O"", ""O"", ""O"", ""O"", ""O"", ""O"", ""O"", ""O"", ""O"", ""O"", ""O"", ""O"", ""O"", ""O"", ""O"", ""O"", ""O"", ""O"", ""O"", ""O"", ""O""]"
519,Quỹ khẩn cấp là gì vậy?,"[""O"", ""O"", ""O"", ""O"", ""O"", ""O"", ""O"", ""O"", ""O"", ""O"", ""O"", ""O"", ""O"", ""O"", ""O"", ""O"", ""O"", ""O"", ""O"", ""O"", ""O"", ""O"", ""O""]"
520,Làm sao để bớt tiêu hoang?,"[""O"", ""O"", ""O"", ""O"", ""O"", ""O"", ""O"", ""O"", ""O"", ""O"", ""O"", ""O"", ""O"", ""O"", ""O"", ""O"", ""O"", ""O"", ""O"", ""O"", ""O"", ""O"", ""O"", ""O"", ""O"", ""O""]"
521,Nên theo dõi chi tiêu ra sao?,"[""O"", ""O"", ""O"", ""O"", ""O"", ""O"", ""O"", ""O"", ""O"", ""O"", ""O"", ""O"", ""O"", ""O"", ""O"", ""O"", ""O"", ""O"", ""O"", ""O"", ""O"", ""O"", ""O"", ""O"", ""O"", ""O"", ""O"", ""O"", ""O""]"
522,Có nguyên tắc nào để quản lý tiền không?,"[""O"", ""O"", ""O"", ""O"", ""O"", ""O"", ""O"", ""O"", ""O"", ""O"", ""O"", ""O"", ""O"", ""O"", ""O"", ""O"", ""O"", ""O"", ""O"", ""O"", ""O"", ""O"", ""O"", ""O"", ""O"", ""O"", ""O"", ""O"", ""O"", ""O"", ""O"", ""O"", ""O"", ""O"", ""O"", ""O"", ""O"", ""O"", ""O"", ""O""]"
523,Lương về thì nên chia tiền thế nào?,"[""O"", ""O"", ""O"", ""O"", ""O"", ""O"", ""O"", ""O"", ""O"", ""O"", ""O"", ""O"", ""O"", ""O"", ""O"", ""O"", ""O"", ""O"", ""O"", ""O"", ""O"", ""O"", ""O"", ""O"", ""O"", ""O"", ""O"", ""O"", ""O"", ""O"", ""O"", ""O"", ""O"", ""O"", ""O""]"
524,Làm sao xây dựng thói quen tiết kiệm?,"[""O"", ""O"", ""O"", ""O"", ""O"", ""O"", ""O"", ""O"", ""O"", ""O"", ""O"", ""O"", ""O"", ""O"", ""O"", ""O"", ""O"", ""O"", ""O"", ""O"", ""O"", ""O"", ""O"", ""O"", ""O"", ""O"", ""O"", ""O"", ""O"", ""O"", ""O"", ""O"", ""O"", ""O"", ""O"", ""O"", ""O""]"
525,Làm sao kiểm soát việc mua sắm?,"[""O"", ""O"", ""O"", ""O"", ""O"", ""O"", ""O"", ""O"", ""O"", ""O"", ""O"", ""O"", ""O"", ""O"", ""O"", ""O"", ""O"", ""O"", ""O"", ""O"", ""O"", ""O"", ""O"", ""O"", ""O"", ""O"", ""O"", ""O"", ""O"", ""O"", ""O""]"
526,Sáng nay ăn phở 60k,"[""O"", ""O"", ""O"", ""O"", ""O"", ""O"", ""O"", ""O"", ""O"", ""O"", ""O"", ""O"", ""O"", ""O"", ""O"", ""O"", ""B-AMOUNT"", ""I-AMOUNT"", ""I-AMOUNT""]"
527,Mới mua bánh ngọt 35 nghìn,"[""O"", ""O"", ""O"", ""O"", ""O"", ""O"", ""O"", ""O"", ""O"", ""O"", ""O"", ""O"", ""O"", ""O"", ""O"", ""O"", ""O"", ""O"", ""B-AMOUNT"", ""I-AMOUNT"", ""I-AMOUNT"", ""I-AMOUNT"", ""I-AMOUNT"", ""I-AMOUNT"", ""I-AMOUNT"", ""I-AMOUNT""]"
528,Trưa đặt cơm hết 70k,"[""O"", ""O"", ""O"", ""O"", ""O"", ""O"", ""O"", ""O"", ""O"", ""O"", ""O"", ""O"", ""O"", ""O"", ""O"", ""O"", ""O"", ""B-AMOUNT"", ""I-AMOUNT"", ""I-AMOUNT""]"
529,Uống trà sữa mất 45k,"[""O"", ""O"", ""O"", ""O"", ""O"", ""O"", ""O"", ""O"", ""O"", ""O"", ""O"", ""O"", ""O"", ""O"", ""O"", ""O"", ""O"", ""B-AMOUNT"", ""I-AMOUNT"", ""I-AMOUNT""]"
530,Mua áo sơ mi 500 nghìn,"[""O"", ""O"", ""O"", ""O"", ""O"", ""O"", ""O"", ""O"", ""O"", ""O"", ""O"", ""O"", ""O"", ""B-AMOUNT"", ""I-AMOUNT"", ""I-AMOUNT"", ""I-AMOUNT"", ""I-AMOUNT"", ""I-AMOUNT"", ""I-AMOUNT"", ""I-AMOUNT"", ""I-AMOUNT""]"
531,Tối qua xem phim hết 150k,"[""O"", ""O"", ""O"", ""O"", ""O"", ""O"", ""O"", ""O"", ""O"", ""O"", ""O"", ""O"", ""O"", ""O"", ""O"", ""O"", ""O"", ""O"", ""O"", ""O"", ""O"", ""B-AMOUNT"", ""I-AMOUNT"", ""I-AMOUNT"", ""I-AMOUNT""]"
532,Vừa đóng hóa đơn nước 200 nghìn,"[""O"", ""O"", ""O"", ""O"", ""O"", ""O"", ""O"", ""O"", ""O"", ""O"", ""O"", ""O"", ""O"", ""O"", ""O"", ""O"", ""O"", ""O"", ""O"", ""O"", ""O"", ""O"", ""B-AMOUNT"", ""I-AMOUNT"", ""I-AMOUNT"", ""I-AMOUNT"", ""I-AMOUNT"", ""I-AMOUNT"", ""I-AMOUNT"", ""I-AMOUNT"", ""I-AMOUNT""]"
533,Mua thuốc cảm hết 75k,"[""O"", ""O"", ""O"", ""O"", ""O"", ""O"", ""O"", ""O"", ""O"", ""O"", ""O"", ""O"", ""O"", ""O"", ""O"", ""O"", ""O"", ""O"", ""B-AMOUNT"", ""I-AMOUNT"", ""I-AMOUNT""]"
534,Tiền phòng tháng này 4 triệu rưỡi,"[""O"", ""O"", ""O"", ""O"", ""O"", ""O"", ""O"", ""O"", ""O"", ""O"", ""O"", ""B-PERIOD"", ""I-PERIOD"", ""I-PERIOD"", ""I-PERIOD"", ""I-PERIOD"", ""I-PERIOD"", ""I-PERIOD"", ""I-PERIOD"", ""I-PERIOD"", ""O"", ""B-AMOUNT"", ""I-AMOUNT"", ""I-AMOUNT"", ""I-AMOUNT"", ""I-AMOUNT"", ""I-AMOUNT"", ""I-AMOUNT"", ""I-AMOUNT"", ""I-AMOUNT"", ""I-AMOUNT"", ""I-AMOUNT"", ""I-AMOUNT""]"
535,Mua giáo trình 220k,"[""O"", ""O"", ""O"", ""O"", ""O"", ""O"", ""O"", ""O"", ""O"", ""O"", ""O"", ""O"", ""O"", ""O"", ""O"", ""B-AMOUNT"", ""I-AMOUNT"", ""I-AMOUNT"", ""I-AMOUNT""]"
536,Đi xe ôm công nghệ hết 40 nghìn,"[""O"", ""O"", ""O"", ""O"", ""O"", ""O"", ""O"", ""O"", ""O"", ""O"", ""O"", ""O"", ""O"", ""O"", ""O"", ""O"", ""O"", ""O"", ""O"", ""O"", ""O"", ""O"", ""O"", ""B-AMOUNT"", ""I-AMOUNT"", ""I-AMOUNT"", ""I-AMOUNT"", ""I-AMOUNT"", ""I-AMOUNT"", ""I-AMOUNT"", ""I-AMOUNT""]"
537,Đổ xăng hết 90k,"[""O"", ""O"", ""O"", ""O"", ""O"", ""O"", ""O"", ""O"", ""O"", ""O"", ""O"", ""O"", ""B-AMOUNT"", ""I-AMOUNT"", ""I-AMOUNT""]"
538,Mua cái balo 350 nghìn,"[""O"", ""O"", ""O"", ""O"", ""O"", ""O"", ""O"", ""O"", ""O"", ""O"", ""O"", ""O"", ""O"", ""B-AMOUNT"", ""I-AMOUNT"", ""I-AMOUNT"", ""I-AMOUNT"", ""I-AMOUNT"", ""I-AMOUNT"", ""I-AMOUNT"", ""I-AMOUNT"", ""I-AMOUNT""]"
539,Vừa thanh toán wifi 250k,"[""O"", ""O"", ""O"", ""O"", ""O"", ""O"", ""O"", ""O"", ""O"", ""O"", ""O"", ""O"", ""O"", ""O"", ""O"", ""O"", ""O"", ""O"", ""O"", ""O"", ""B-AMOUNT"", ""I-AMOUNT"", ""I-AMOUNT"", ""I-AMOUNT""]"
540,Ăn tối ở ngoài hết 180 nghìn,"[""O"", ""O"", ""O"", ""O"", ""O"", ""O"", ""O"", ""O"", ""O"", ""O"", ""O"", ""O"", ""O"", ""O"", ""O"", ""O"", ""O"", ""O"", ""O"", ""B-AMOUNT"", ""I-AMOUNT"", ""I-AMOUNT"", ""I-AMOUNT"", ""I-AMOUNT"", ""I-AMOUNT"", ""I-AMOUNT"", ""I-AMOUNT"", ""I-AMOUNT""]"
541,Đi siêu thị hết 700k,"[""O"", ""O"", ""O"", ""O"", ""O"", ""O"", ""O"", ""O"", ""O"", ""O"", ""O"", ""O"", ""O"", ""O"", ""O"", ""O"", ""B-AMOUNT"", ""I-AMOUNT"", ""I-AMOUNT"", ""I-AMOUNT""]"
542,Đi taxi mất 130 nghìn,"[""O"", ""O"", ""O"", ""O"", ""O"", ""O"", ""O"", ""O"", ""O"", ""O"", ""O"", ""O"", ""B-AMOUNT"", ""I-AMOUNT"", ""I-AMOUNT"", ""I-AMOUNT"", ""I-AMOUNT"", ""I-AMOUNT"", ""I-AMOUNT"", ""I-AMOUNT"", ""I-AMOUNT""]"
543,Đóng tiền học 3 triệu,"[""O"", ""O"", ""O"", ""O"", ""O"", ""O"", ""O"", ""O"", ""O"", ""O"", ""O"", ""O"", ""O"", ""O"", ""B-AMOUNT"", ""I-AMOUNT"", ""I-AMOUNT"", ""I-AMOUNT"", ""I-AMOUNT"", ""I-AMOUNT"", ""I-AMOUNT""]"
544,Mua quà cho mẹ hết 400k,"[""O"", ""O"", ""O"", ""O"", ""O"", ""O"", ""O"", ""O"", ""O"", ""O"", ""O"", ""O"", ""O"", ""O"", ""O"", ""O"", ""O"", ""O"", ""O"", ""B-AMOUNT"", ""I-AMOUNT"", ""I-AMOUNT"", ""I-AMOUNT""]"
545,Ăn sáng hết 30 nghìn,"[""O"", ""O"", ""O"", ""O"", ""O"", ""O"", ""O"", ""O"", ""O"", ""O"", ""O"", ""O"", ""B-AMOUNT"", ""I-AMOUNT"", ""I-AMOUNT"", ""I-AMOUNT"", ""I-AMOUNT"", ""I-AMOUNT"", ""I-AMOUNT"", ""I-AMOUNT""]"
546,Lương tháng này vừa chuyển 14 triệu,"[""O"", ""O"", ""O"", ""O"", ""O"", ""O"", ""B-PERIOD"", ""I-PERIOD"", ""I-PERIOD"", ""I-PERIOD"", ""I-PERIOD"", ""I-PERIOD"", ""I-PERIOD"", ""I-PERIOD"", ""I-PERIOD"", ""O"", ""O"", ""O"", ""O"", ""O"", ""O"", ""O"", ""O"", ""O"", ""O"", ""O"", ""O"", ""B-AMOUNT"", ""I-AMOUNT"", ""I-AMOUNT"", ""I-AMOUNT"", ""I-AMOUNT"", ""I-AMOUNT"", ""I-AMOUNT"", ""I-AMOUNT""]"
547,Vừa nhận 10 củ tiền lương,"[""O"", ""O"", ""O"", ""O"", ""O"", ""O"", ""O"", ""O"", ""O"", ""B-AMOUNT"", ""I-AMOUNT"", ""I-AMOUNT"", ""I-AMOUNT"", ""I-AMOUNT"", ""O"", ""O"", ""O"", ""O"", ""O"", ""O"", ""O"", ""O"", ""O"", ""O"", ""O""]"
548,Công ty thưởng cho mình 4 triệu,"[""O"", ""O"", ""O"", ""O"", ""O"", ""O"", ""O"", ""O"", ""O"", ""O"", ""O"", ""O"", ""O"", ""O"", ""O"", ""O"", ""O"", ""O"", ""O"", ""O"", ""O"", ""O"", ""O"", ""O"", ""B-AMOUNT"", ""I-AMOUNT"", ""I-AMOUNT"", ""I-AMOUNT"", ""I-AMOUNT"", ""I-AMOUNT"", ""I-AMOUNT""]"
549,Mẹ vừa gửi 1 triệu,"[""O"", ""O"", ""O"", ""O"", ""O"", ""O"", ""O"", ""O"", ""O"", ""O"", ""O"", ""B-AMOUNT"", ""I-AMOUNT"", ""I-AMOUNT"", ""I-AMOUNT"", ""I-AMOUNT"", ""I-AMOUNT"", ""I-AMOUNT""]"
550,Nhận tiền freelance 3 triệu rưỡi,"[""O"", ""O"", ""O"", ""O"", ""O"", ""O"", ""O"", ""O"", ""O"", ""O"", ""O"", ""O"", ""O"", ""O"", ""O"", ""O"", ""O"", ""O"", ""O"", ""O"", ""B-AMOUNT"", ""I-AMOUNT"", ""I-AMOUNT"", ""I-AMOUNT"", ""I-AMOUNT"", ""I-AMOUNT"", ""I-AMOUNT"", ""I-AMOUNT"", ""I-AMOUNT"", ""I-AMOUNT"", ""I-AMOUNT"", ""I-AMOUNT""]"
551,Khách chuyển khoản 5 triệu,"[""O"", ""O"", ""O"", ""O"", ""O"", ""O"", ""O"", ""O"", ""O"", ""O"", ""O"", ""O"", ""O"", ""O"", ""O"", ""O"", ""O"", ""O"", ""O"", ""B-AMOUNT"", ""I-AMOUNT"", ""I-AMOUNT"", ""I-AMOUNT"", ""I-AMOUNT"", ""I-AMOUNT"", ""I-AMOUNT""]"
552,Bán đồ cũ được 900k,"[""O"", ""O"", ""O"", ""O"", ""O"", ""O"", ""O"", ""O"", ""O"", ""O"", ""O"", ""O"", ""O"", ""O"", ""O"", ""B-AMOUNT"", ""I-AMOUNT"", ""I-AMOUNT"", ""I-AMOUNT""]"
553,Tiền làm thêm vừa về 1 triệu 2,"[""O"", ""O"", ""O"", ""O"", ""O"", ""O"", ""O"", ""O"", ""O"", ""O"", ""O"", ""O"", ""O"", ""O"", ""O"", ""O"", ""O"", ""O"", ""O"", ""O"", ""O"", ""B-AMOUNT"", ""I-AMOUNT"", ""I-AMOUNT"", ""I-AMOUNT"", ""I-AMOUNT"", ""I-AMOUNT"", ""I-AMOUNT"", ""I-AMOUNT"", ""I-AMOUNT""]"
554,Vừa được hoàn tiền 250 nghìn,"[""O"", ""O"", ""O"", ""O"", ""O"", ""O"", ""O"", ""O"", ""O"", ""O"", ""O"", ""O"", ""O"", ""O"", ""O"", ""O"", ""O"", ""O"", ""O"", ""B-AMOUNT"", ""I-AMOUNT"", ""I-AMOUNT"", ""I-AMOUNT"", ""I-AMOUNT"", ""I-AMOUNT"", ""I-AMOUNT"", ""I-AMOUNT"", ""I-AMOUNT""]"
555,Nhận thưởng cuối tháng 2 triệu,"[""O"", ""O"", ""O"", ""O"", ""O"", ""O"", ""O"", ""O"", ""O"", ""O"", ""O"", ""O"", ""B-PERIOD"", ""I-PERIOD"", ""I-PERIOD"", ""I-PERIOD"", ""I-PERIOD"", ""I-PERIOD"", ""I-PERIOD"", ""I-PERIOD"", ""I-PERIOD"", ""I-PERIOD"", ""O"", ""B-AMOUNT"", ""I-AMOUNT"", ""I-AMOUNT"", ""I-AMOUNT"", ""I-AMOUNT"", ""I-AMOUNT"", ""I-AMOUNT""]"
556,Anh trai gửi 600k,"[""O"", ""O"", ""O"", ""O"", ""O"", ""O"", ""O"", ""O"", ""O"", ""O"", ""O"", ""O"", ""O"", ""B-AMOUNT"", ""I-AMOUNT"", ""I-AMOUNT"", ""I-AMOUNT""]"
557,Vừa thu hồi khoản nợ 1 triệu rưỡi,"[""O"", ""O"", ""O"", ""O"", ""O"", ""O"", ""O"", ""O"", ""O"", ""O"", ""O"", ""O"", ""O"", ""O"", ""O"", ""O"", ""O"", ""O"", ""O"", ""O"", ""O"", ""B-AMOUNT"", ""I-AMOUNT"", ""I-AMOUNT"", ""I-AMOUNT"", ""I-AMOUNT"", ""I-AMOUNT"", ""I-AMOUNT"", ""I-AMOUNT"", ""I-AMOUNT"", ""I-AMOUNT"", ""I-AMOUNT"", ""I-AMOUNT""]"
558,Công ty trả phụ cấp 800 nghìn,"[""O"", ""O"", ""O"", ""O"", ""O"", ""O"", ""O"", ""O"", ""O"", ""O"", ""O"", ""O"", ""O"", ""O"", ""O"", ""O"", ""O"", ""O"", ""O"", ""O"", ""B-AMOUNT"", ""I-AMOUNT"", ""I-AMOUNT"", ""I-AMOUNT"", ""I-AMOUNT"", ""I-AMOUNT"", ""I-AMOUNT"", ""I-AMOUNT"", ""I-AMOUNT""]"
559,Bán chiếc đồng hồ được 2 triệu,"[""O"", ""O"", ""O"", ""O"", ""O"", ""O"", ""O"", ""O"", ""O"", ""O"", ""O"", ""O"", ""O"", ""O"", ""O"", ""O"", ""O"", ""O"", ""O"", ""O"", ""O"", ""O"", ""O"", ""B-AMOUNT"", ""I-AMOUNT"", ""I-AMOUNT"", ""I-AMOUNT"", ""I-AMOUNT"", ""I-AMOUNT"", ""I-AMOUNT""]"
560,Nhận tiền dự án 15 triệu,"[""O"", ""O"", ""O"", ""O"", ""O"", ""O"", ""O"", ""O"", ""O"", ""O"", ""O"", ""O"", ""O"", ""O"", ""O"", ""O"", ""B-AMOUNT"", ""I-AMOUNT"", ""I-AMOUNT"", ""I-AMOUNT"", ""I-AMOUNT"", ""I-AMOUNT"", ""I-AMOUNT"", ""I-AMOUNT""]"
561,Bố gửi cho 3 củ,"[""O"", ""O"", ""O"", ""O"", ""O"", ""O"", ""O"", ""O"", ""O"", ""O"", ""O"", ""B-AMOUNT"", ""I-AMOUNT"", ""I-AMOUNT"", ""I-AMOUNT""]"
562,Khách vừa thanh toán 7 triệu,"[""O"", ""O"", ""O"", ""O"", ""O"", ""O"", ""O"", ""O"", ""O"", ""O"", ""O"", ""O"", ""O"", ""O"", ""O"", ""O"", ""O"", ""O"", ""O"", ""O"", ""O"", ""B-AMOUNT"", ""I-AMOUNT"", ""I-AMOUNT"", ""I-AMOUNT"", ""I-AMOUNT"", ""I-AMOUNT"", ""I-AMOUNT""]"
563,Lương vừa ting ting 16 triệu,"[""O"", ""O"", ""O"", ""O"", ""O"", ""O"", ""O"", ""O"", ""O"", ""O"", ""O"", ""O"", ""O"", ""O"", ""O"", ""O"", ""O"", ""O"", ""O"", ""O"", ""B-AMOUNT"", ""I-AMOUNT"", ""I-AMOUNT"", ""I-AMOUNT"", ""I-AMOUNT"", ""I-AMOUNT"", ""I-AMOUNT"", ""I-AMOUNT""]"
564,Vừa nhận tiền công 1 triệu,"[""O"", ""O"", ""O"", ""O"", ""O"", ""O"", ""O"", ""O"", ""O"", ""O"", ""O"", ""O"", ""O"", ""O"", ""O"", ""O"", ""O"", ""O"", ""O"", ""B-AMOUNT"", ""I-AMOUNT"", ""I-AMOUNT"", ""I-AMOUNT"", ""I-AMOUNT"", ""I-AMOUNT"", ""I-AMOUNT""]"
565,Được thưởng thêm 700k,"[""O"", ""O"", ""O"", ""O"", ""O"", ""O"", ""O"", ""O"", ""O"", ""O"", ""O"", ""O"", ""O"", ""O"", ""O"", ""O"", ""O"", ""B-AMOUNT"", ""I-AMOUNT"", ""I-AMOUNT"", ""I-AMOUNT""]"
566,Tài khoản hiện còn bao nhiêu?,"[""O"", ""O"", ""O"", ""O"", ""O"", ""O"", ""O"", ""O"", ""O"", ""O"", ""O"", ""O"", ""O"", ""O"", ""O"", ""O"", ""O"", ""O"", ""O"", ""O"", ""O"", ""O"", ""O"", ""O"", ""O"", ""O"", ""O"", ""O"", ""O""]"
567,Giờ mình còn bao nhiêu tiền?,"[""O"", ""O"", ""O"", ""O"", ""O"", ""O"", ""O"", ""O"", ""O"", ""O"", ""O"", ""O"", ""O"", ""O"", ""O"", ""O"", ""O"", ""O"", ""O"", ""O"", ""O"", ""O"", ""O"", ""O"", ""O"", ""O"", ""O"", ""O""]"
568,Số dư hiện tại là bao nhiêu vậy?,"[""O"", ""O"", ""O"", ""O"", ""O"", ""O"", ""O"", ""O"", ""O"", ""O"", ""O"", ""O"", ""O"", ""O"", ""O"", ""O"", ""O"", ""O"", ""O"", ""O"", ""O"", ""O"", ""O"", ""O"", ""O"", ""O"", ""O"", ""O"", ""O"", ""O"", ""O"", ""O""]"
569,Trong ví còn lại bao nhiêu?,"[""O"", ""O"", ""O"", ""O"", ""O"", ""O"", ""O"", ""O"", ""O"", ""O"", ""O"", ""O"", ""O"", ""O"", ""O"", ""O"", ""O"", ""O"", ""O"", ""O"", ""O"", ""O"", ""O"", ""O"", ""O"", ""O"", ""O""]"
570,Kiểm tra số tiền còn lại giúp tôi,"[""O"", ""O"", ""O"", ""O"", ""O"", ""O"", ""O"", ""O"", ""O"", ""O"", ""O"", ""O"", ""O"", ""O"", ""O"", ""O"", ""O"", ""O"", ""O"", ""O"", ""O"", ""O"", ""O"", ""O"", ""O"", ""O"", ""O"", ""O"", ""O"", ""O"", ""O"", ""O"", ""O""]"
571,Tôi còn dư bao nhiêu trong tài khoản?,"[""O"", ""O"", ""O"", ""O"", ""O"", ""O"", ""O"", ""O"", ""O"", ""O"", ""O"", ""O"", ""O"", ""O"", ""O"", ""O"", ""O"", ""O"", ""O"", ""O"", ""O"", ""O"", ""O"", ""O"", ""O"", ""O"", ""O"", ""O"", ""O"", ""O"", ""O"", ""O"", ""O"", ""O"", ""O"", ""O"", ""O""]"
572,Hiện giờ tài khoản còn bao nhiêu?,"[""O"", ""O"", ""O"", ""O"", ""O"", ""O"", ""O"", ""O"", ""O"", ""O"", ""O"", ""O"", ""O"", ""O"", ""O"", ""O"", ""O"", ""O"", ""O"", ""O"", ""O"", ""O"", ""O"", ""O"", ""O"", ""O"", ""O"", ""O"", ""O"", ""O"", ""O"", ""O"", ""O""]"
573,Mình còn bao nhiêu để chi tiêu?,"[""O"", ""O"", ""O"", ""O"", ""O"", ""O"", ""O"", ""O"", ""O"", ""O"", ""O"", ""O"", ""O"", ""O"", ""O"", ""O"", ""O"", ""O"", ""O"", ""O"", ""O"", ""O"", ""O"", ""O"", ""O"", ""O"", ""O"", ""O"", ""O"", ""O"", ""O""]"
574,Cho biết số dư hiện tại của mình,"[""O"", ""O"", ""O"", ""O"", ""O"", ""O"", ""O"", ""O"", ""O"", ""O"", ""O"", ""O"", ""O"", ""O"", ""O"", ""O"", ""O"", ""O"", ""O"", ""O"", ""O"", ""O"", ""O"", ""O"", ""O"", ""O"", ""O"", ""O"", ""O"", ""O"", ""O"", ""O""]"
575,Còn bao nhiêu tiền sau khi trừ chi tiêu?,"[""O"", ""O"", ""O"", ""O"", ""O"", ""O"", ""O"", ""O"", ""O"", ""O"", ""O"", ""O"", ""O"", ""O"", ""O"", ""O"", ""O"", ""O"", ""O"", ""O"", ""O"", ""O"", ""O"", ""O"", ""O"", ""O"", ""O"", ""O"", ""O"", ""O"", ""O"", ""O"", ""O"", ""O"", ""O"", ""O"", ""O"", ""O"", ""O"", ""O""]"
576,Tháng này mình tiêu hết bao nhiêu?,"[""B-PERIOD"", ""I-PERIOD"", ""I-PERIOD"", ""I-PERIOD"", ""I-PERIOD"", ""I-PERIOD"", ""I-PERIOD"", ""I-PERIOD"", ""I-PERIOD"", ""O"", ""O"", ""O"", ""O"", ""O"", ""O"", ""O"", ""O"", ""O"", ""O"", ""O"", ""O"", ""O"", ""O"", ""O"", ""O"", ""O"", ""O"", ""O"", ""O"", ""O"", ""O"", ""O"", ""O"", ""O""]"
577,Từ đầu tháng tới giờ đã chi bao nhiêu?,"[""B-PERIOD"", ""I-PERIOD"", ""I-PERIOD"", ""I-PERIOD"", ""I-PERIOD"", ""I-PERIOD"", ""I-PERIOD"", ""I-PERIOD"", ""I-PERIOD"", ""I-PERIOD"", ""I-PERIOD"", ""I-PERIOD"", ""I-PERIOD"", ""I-PERIOD"", ""I-PERIOD"", ""I-PERIOD"", ""I-PERIOD"", ""I-PERIOD"", ""I-PERIOD"", ""I-PERIOD"", ""O"", ""O"", ""O"", ""O"", ""O"", ""O"", ""O"", ""O"", ""O"", ""O"", ""O"", ""O"", ""O"", ""O"", ""O"", ""O"", ""O"", ""O""]"
578,Hôm nay tổng chi là bao nhiêu?,"[""O"", ""O"", ""O"", ""O"", ""O"", ""O"", ""O"", ""O"", ""O"", ""O"", ""O"", ""O"", ""O"", ""O"", ""O"", ""O"", ""O"", ""O"", ""O"", ""O"", ""O"", ""O"", ""O"", ""O"", ""O"", ""O"", ""O"", ""O"", ""O"", ""O""]"
579,Tuần này tôi đã tiêu tổng cộng bao nhiêu?,"[""B-PERIOD"", ""I-PERIOD"", ""I-PERIOD"", ""I-PERIOD"", ""I-PERIOD"", ""I-PERIOD"", ""I-PERIOD"", ""I-PERIOD"", ""O"", ""O"", ""O"", ""O"", ""O"", ""O"", ""O"", ""O"", ""O"", ""O"", ""O"", ""O"", ""O"", ""O"", ""O"", ""O"", ""O"", ""O"", ""O"", ""O"", ""O"", ""O"", ""O"", ""O"", ""O"", ""O"", ""O"", ""O"", ""O"", ""O"", ""O"", ""O"", ""O""]"
580,Trong 7 ngày qua đã chi bao nhiêu tiền?,"[""O"", ""O"", ""O"", ""O"", ""O"", ""O"", ""B-PERIOD"", ""I-PERIOD"", ""I-PERIOD"", ""I-PERIOD"", ""I-PERIOD"", ""I-PERIOD"", ""O"", ""O"", ""O"", ""O"", ""O"", ""O"", ""O"", ""O"", ""O"", ""O"", ""O"", ""O"", ""O"", ""O"", ""O"", ""O"", ""O"", ""O"", ""O"", ""O"", ""O"", ""O"", ""O"", ""O"", ""O"", ""O"", ""O""]"
581,Tháng trước tiêu bao nhiêu rồi?,"[""B-PERIOD"", ""I-PERIOD"", ""I-PERIOD"", ""I-PERIOD"", ""I-PERIOD"", ""I-PERIOD"", ""I-PERIOD"", ""I-PERIOD"", ""I-PERIOD"", ""I-PERIOD"", ""I-PERIOD"", ""O"", ""O"", ""O"", ""O"", ""O"", ""O"", ""O"", ""O"", ""O"", ""O"", ""O"", ""O"", ""O"", ""O"", ""O"", ""O"", ""O"", ""O"", ""O"", ""O""]"
582,Năm nay tổng chi tiêu là bao nhiêu?,"[""B-PERIOD"", ""I-PERIOD"", ""I-PERIOD"", ""I-PERIOD"", ""I-PERIOD"", ""I-PERIOD"", ""I-PERIOD"", ""O"", ""O"", ""O"", ""O"", ""O"", ""O"", ""O"", ""O"", ""O"", ""O"", ""O"", ""O"", ""O"", ""O"", ""O"", ""O"", ""O"", ""O"", ""O"", ""O"", ""O"", ""O"", ""O"", ""O"", ""O"", ""O"", ""O"", ""O""]"
583,Hôm qua mình đã tiêu hết bao nhiêu?,"[""O"", ""O"", ""O"", ""O"", ""O"", ""O"", ""O"", ""O"", ""O"", ""O"", ""O"", ""O"", ""O"", ""O"", ""O"", ""O"", ""O"", ""O"", ""O"", ""O"", ""O"", ""O"", ""O"", ""O"", ""O"", ""O"", ""O"", ""O"", ""O"", ""O"", ""O"", ""O"", ""O"", ""O"", ""O""]"
584,Cho tôi biết tổng chi tháng này,"[""O"", ""O"", ""O"", ""O"", ""O"", ""O"", ""O"", ""O"", ""O"", ""O"", ""O"", ""O"", ""O"", ""O"", ""O"", ""O"", ""O"", ""O"", ""O"", ""O"", ""O"", ""O"", ""B-PERIOD"", ""I-PERIOD"", ""I-PERIOD"", ""I-PERIOD"", ""I-PERIOD"", ""I-PERIOD"", ""I-PERIOD"", ""I-PERIOD"", ""I-PERIOD""]"
585,Từ đầu năm tới giờ đã tiêu tổng cộng bao nhiêu?,"[""B-PERIOD"", ""I-PERIOD"", ""I-PERIOD"", ""I-PERIOD"", ""I-PERIOD"", ""I-PERIOD"", ""I-PERIOD"", ""I-PERIOD"", ""I-PERIOD"", ""I-PERIOD"", ""I-PERIOD"", ""I-PERIOD"", ""I-PERIOD"", ""I-PERIOD"", ""I-PERIOD"", ""I-PERIOD"", ""I-PERIOD"", ""I-PERIOD"", ""O"", ""O"", ""O"", ""O"", ""O"", ""O"", ""O"", ""O"", ""O"", ""O"", ""O"", ""O"", ""O"", ""O"", ""O"", ""O"", ""O"", ""O"", ""O"", ""O"", ""O"", ""O"", ""O"", ""O"", ""O"", ""O"", ""O"", ""O"", ""O""]"
586,Tháng này ăn uống hết bao nhiêu?,"[""B-PERIOD"", ""I-PERIOD"", ""I-PERIOD"", ""I-PERIOD"", ""I-PERIOD"", ""I-PERIOD"", ""I-PERIOD"", ""I-PERIOD"", ""I-PERIOD"", ""O"", ""O"", ""O"", ""O"", ""O"", ""O"", ""O"", ""O"", ""O"", ""O"", ""O"", ""O"", ""O"", ""O"", ""O"", ""O"", ""O"", ""O"", ""O"", ""O"", ""O"", ""O"", ""O""]"
587,Đi lại tháng này tốn bao nhiêu?,"[""O"", ""O"", ""O"", ""O"", ""O"", ""O"", ""O"", ""B-PERIOD"", ""I-PERIOD"", ""I-PERIOD"", ""I-PERIOD"", ""I-PERIOD"", ""I-PERIOD"", ""I-PERIOD"", ""I-PERIOD"", ""I-PERIOD"", ""O"", ""O"", ""O"", ""O"", ""O"", ""O"", ""O"", ""O"", ""O"", ""O"", ""O"", ""O"", ""O"", ""O"", ""O""]"
588,Mình đã mua sắm hết bao nhiêu?,"[""O"", ""O"", ""O"", ""O"", ""O"", ""O"", ""O"", ""O"", ""O"", ""O"", ""O"", ""O"", ""O"", ""O"", ""O"", ""O"", ""O"", ""O"", ""O"", ""O"", ""O"", ""O"", ""O"", ""O"", ""O"", ""O"", ""O"", ""O"", ""O"", ""O""]"
589,Tiền điện tháng này hết bao nhiêu?,"[""O"", ""O"", ""O"", ""O"", ""O"", ""O"", ""O"", ""O"", ""O"", ""O"", ""B-PERIOD"", ""I-PERIOD"", ""I-PERIOD"", ""I-PERIOD"", ""I-PERIOD"", ""I-PERIOD"", ""I-PERIOD"", ""I-PERIOD"", ""I-PERIOD"", ""O"", ""O"", ""O"", ""O"", ""O"", ""O"", ""O"", ""O"", ""O"", ""O"", ""O"", ""O"", ""O"", ""O"", ""O""]"
590,Tôi đã trả bao nhiêu tiền thuê nhà?,"[""O"", ""O"", ""O"", ""O"", ""O"", ""O"", ""O"", ""O"", ""O"", ""O"", ""O"", ""O"", ""O"", ""O"", ""O"", ""O"", ""O"", ""O"", ""O"", ""O"", ""O"", ""O"", ""O"", ""O"", ""O"", ""O"", ""O"", ""O"", ""O"", ""O"", ""O"", ""O"", ""O"", ""O"", ""O""]"
591,Giải trí tháng này chi bao nhiêu?,"[""O"", ""O"", ""O"", ""O"", ""O"", ""O"", ""O"", ""O"", ""O"", ""B-PERIOD"", ""I-PERIOD"", ""I-PERIOD"", ""I-PERIOD"", ""I-PERIOD"", ""I-PERIOD"", ""I-PERIOD"", ""I-PERIOD"", ""I-PERIOD"", ""O"", ""O"", ""O"", ""O"", ""O"", ""O"", ""O"", ""O"", ""O"", ""O"", ""O"", ""O"", ""O"", ""O"", ""O""]"
592,Tiền thuốc đã tốn bao nhiêu?,"[""O"", ""O"", ""O"", ""O"", ""O"", ""O"", ""O"", ""O"", ""O"", ""O"", ""O"", ""O"", ""O"", ""O"", ""O"", ""O"", ""O"", ""O"", ""O"", ""O"", ""O"", ""O"", ""O"", ""O"", ""O"", ""O"", ""O"", ""O""]"
593,Tháng này học hành hết bao nhiêu?,"[""B-PERIOD"", ""I-PERIOD"", ""I-PERIOD"", ""I-PERIOD"", ""I-PERIOD"", ""I-PERIOD"", ""I-PERIOD"", ""I-PERIOD"", ""I-PERIOD"", ""O"", ""O"", ""O"", ""O"", ""O"", ""O"", ""O"", ""O"", ""O"", ""O"", ""O"", ""O"", ""O"", ""O"", ""O"", ""O"", ""O"", ""O"", ""O"", ""O"", ""O"", ""O"", ""O"", ""O""]"
594,Xăng xe hết bao nhiêu tiền?,"[""O"", ""O"", ""O"", ""O"", ""O"", ""O"", ""O"", ""O"", ""O"", ""O"", ""O"", ""O"", ""O"", ""O"", ""O"", ""O"", ""O"", ""O"", ""O"", ""O"", ""O"", ""O"", ""O"", ""O"", ""O"", ""O"", ""O""]"
595,Khoản chi nào lớn nhất tháng này?,"[""O"", ""O"", ""O"", ""O"", ""O"", ""O"", ""O"", ""O"", ""O"", ""O"", ""O"", ""O"", ""O"", ""O"", ""O"", ""O"", ""O"", ""O"", ""O"", ""O"", ""O"", ""O"", ""O"", ""B-PERIOD"", ""I-PERIOD"", ""I-PERIOD"", ""I-PERIOD"", ""I-PERIOD"", ""I-PERIOD"", ""I-PERIOD"", ""I-PERIOD"", ""I-PERIOD"", ""O""]"
596,Đặt ngân sách ăn uống 1 triệu rưỡi,"[""O"", ""O"", ""O"", ""O"", ""O"", ""O"", ""O"", ""O"", ""O"", ""O"", ""O"", ""O"", ""O"", ""O"", ""O"", ""O"", ""O"", ""O"", ""O"", ""O"", ""O"", ""O"", ""B-BUDGET_LIMIT"", ""I-BUDGET_LIMIT"", ""I-BUDGET_LIMIT"", ""I-BUDGET_LIMIT"", ""I-BUDGET_LIMIT"", ""I-BUDGET_LIMIT"", ""I-BUDGET_LIMIT"", ""I-BUDGET_LIMIT"", ""I-BUDGET_LIMIT"", ""I-BUDGET_LIMIT"", ""I-BUDGET_LIMIT"", ""I-BUDGET_LIMIT""]"
597,Mua sắm tối đa 2 triệu mỗi tháng,"[""O"", ""O"", ""O"", ""O"", ""O"", ""O"", ""O"", ""O"", ""O"", ""O"", ""O"", ""O"", ""O"", ""O"", ""O"", ""B-BUDGET_LIMIT"", ""I-BUDGET_LIMIT"", ""I-BUDGET_LIMIT"", ""I-BUDGET_LIMIT"", ""I-BUDGET_LIMIT"", ""I-BUDGET_LIMIT"", ""I-BUDGET_LIMIT"", ""O"", ""B-PERIOD"", ""I-PERIOD"", ""I-PERIOD"", ""I-PERIOD"", ""I-PERIOD"", ""I-PERIOD"", ""I-PERIOD"", ""I-PERIOD"", ""I-PERIOD""]"
598,Đi lại giới hạn 700k nhé,"[""O"", ""O"", ""O"", ""O"", ""O"", ""O"", ""O"", ""O"", ""O"", ""O"", ""O"", ""O"", ""O"", ""O"", ""O"", ""O"", ""B-BUDGET_LIMIT"", ""I-BUDGET_LIMIT"", ""I-BUDGET_LIMIT"", ""I-BUDGET_LIMIT"", ""O"", ""O"", ""O"", ""O""]"
599,Cho giải trí ngân sách 800 nghìn,"[""O"", ""O"", ""O"", ""O"", ""O"", ""O"", ""O"", ""O"", ""O"", ""O"", ""O"", ""O"", ""O"", ""O"", ""O"", ""O"", ""O"", ""O"", ""O"", ""O"", ""O"", ""O"", ""O"", ""B-BUDGET_LIMIT"", ""I-BUDGET_LIMIT"", ""I-BUDGET_LIMIT"", ""I-BUDGET_LIMIT"", ""I-BUDGET_LIMIT"", ""I-BUDGET_LIMIT"", ""I-BUDGET_LIMIT"", ""I-BUDGET_LIMIT"", ""I-BUDGET_LIMIT""]"
600,Tiền điện không quá 500k một tháng,"[""O"", ""O"", ""O"", ""O"", ""O"", ""O"", ""O"", ""O"", ""O"", ""O"", ""O"", ""O"", ""O"", ""O"", ""O"", ""O"", ""O"", ""O"", ""O"", ""O"", ""B-BUDGET_LIMIT"", ""I-BUDGET_LIMIT"", ""I-BUDGET_LIMIT"", ""I-BUDGET_LIMIT"", ""O"", ""B-PERIOD"", ""I-PERIOD"", ""I-PERIOD"", ""I-PERIOD"", ""I-PERIOD"", ""I-PERIOD"", ""I-PERIOD"", ""I-PERIOD"", ""I-PERIOD""]"
601,Ăn uống tháng này chỉ được 2 triệu thôi,"[""O"", ""O"", ""O"", ""O"", ""O"", ""O"", ""O"", ""O"", ""B-PERIOD"", ""I-PERIOD"", ""I-PERIOD"", ""I-PERIOD"", ""I-PERIOD"", ""I-PERIOD"", ""I-PERIOD"", ""I-PERIOD"", ""I-PERIOD"", ""O"", ""O"", ""O"", ""O"", ""O"", ""O"", ""O"", ""O"", ""O"", ""O"", ""B-BUDGET_LIMIT"", ""I-BUDGET_LIMIT"", ""I-BUDGET_LIMIT"", ""I-BUDGET_LIMIT"", ""I-BUDGET_LIMIT"", ""I-BUDGET_LIMIT"", ""I-BUDGET_LIMIT"", ""O"", ""O"", ""O"", ""O"", ""O""]"
602,Đặt hạn mức mua sắm 3 củ,"[""O"", ""O"", ""O"", ""O"", ""O"", ""O"", ""O"", ""O"", ""O"", ""O"", ""O"", ""O"", ""O"", ""O"", ""O"", ""O"", ""O"", ""O"", ""O"", ""O"", ""B-BUDGET_LIMIT"", ""I-BUDGET_LIMIT"", ""I-BUDGET_LIMIT"", ""I-BUDGET_LIMIT""]"
603,Tiền nhà mỗi tháng giới hạn 6 triệu,"[""O"", ""O"", ""O"", ""O"", ""O"", ""O"", ""O"", ""O"", ""O"", ""B-PERIOD"", ""I-PERIOD"", ""I-PERIOD"", ""I-PERIOD"", ""I-PERIOD"", ""I-PERIOD"", ""I-PERIOD"", ""I-PERIOD"", ""I-PERIOD"", ""O"", ""O"", ""O"", ""O"", ""O"", ""O"", ""O"", ""O"", ""O"", ""O"", ""B-BUDGET_LIMIT"", ""I-BUDGET_LIMIT"", ""I-BUDGET_LIMIT"", ""I-BUDGET_LIMIT"", ""I-BUDGET_LIMIT"", ""I-BUDGET_LIMIT"", ""I-BUDGET_LIMIT""]"
604,Đi lại tối đa 900 nghìn mỗi tháng,"[""O"", ""O"", ""O"", ""O"", ""O"", ""O"", ""O"", ""O"", ""O"", ""O"", ""O"", ""O"", ""O"", ""O"", ""B-BUDGET_LIMIT"", ""I-BUDGET_LIMIT"", ""I-BUDGET_LIMIT"", ""I-BUDGET_LIMIT"", ""I-BUDGET_LIMIT"", ""I-BUDGET_LIMIT"", ""I-BUDGET_LIMIT"", ""I-BUDGET_LIMIT"", ""I-BUDGET_LIMIT"", ""O"", ""B-PERIOD"", ""I-PERIOD"", ""I-PERIOD"", ""I-PERIOD"", ""I-PERIOD"", ""I-PERIOD"", ""I-PERIOD"", ""I-PERIOD"", ""I-PERIOD""]"
605,Giải trí không được quá 600k,"[""O"", ""O"", ""O"", ""O"", ""O"", ""O"", ""O"", ""O"", ""O"", ""O"", ""O"", ""O"", ""O"", ""O"", ""O"", ""O"", ""O"", ""O"", ""O"", ""O"", ""O"", ""O"", ""O"", ""O"", ""B-BUDGET_LIMIT"", ""I-BUDGET_LIMIT"", ""I-BUDGET_LIMIT"", ""I-BUDGET_LIMIT""]"
606,Mình muốn tiết kiệm 15 triệu trong 3 tháng,"[""O"", ""O"", ""O"", ""O"", ""O"", ""O"", ""O"", ""O"", ""O"", ""O"", ""O"", ""O"", ""O"", ""O"", ""O"", ""O"", ""O"", ""O"", ""O"", ""O"", ""B-TARGET_AMOUNT"", ""I-TARGET_AMOUNT"", ""I-TARGET_AMOUNT"", ""I-TARGET_AMOUNT"", ""I-TARGET_AMOUNT"", ""I-TARGET_AMOUNT"", ""I-TARGET_AMOUNT"", ""I-TARGET_AMOUNT"", ""O"", ""O"", ""O"", ""O"", ""O"", ""O"", ""O"", ""B-DURATION"", ""I-DURATION"", ""I-DURATION"", ""I-DURATION"", ""I-DURATION"", ""I-DURATION"", ""I-DURATION""]"
607,Cần để dành 20 triệu trong 6 tháng,"[""O"", ""O"", ""O"", ""O"", ""O"", ""O"", ""O"", ""O"", ""O"", ""O"", ""O"", ""O"", ""B-TARGET_AMOUNT"", ""I-TARGET_AMOUNT"", ""I-TARGET_AMOUNT"", ""I-TARGET_AMOUNT"", ""I-TARGET_AMOUNT"", ""I-TARGET_AMOUNT"", ""I-TARGET_AMOUNT"", ""I-TARGET_AMOUNT"", ""O"", ""O"", ""O"", ""O"", ""O"", ""O"", ""O"", ""B-DURATION"", ""I-DURATION"", ""I-DURATION"", ""I-DURATION"", ""I-DURATION"", ""I-DURATION"", ""I-DURATION""]"
608,Tôi muốn có 40 triệu sau 8 tháng,"[""O"", ""O"", ""O"", ""O"", ""O"", ""O"", ""O"", ""O"", ""O"", ""O"", ""O"", ""O"", ""B-TARGET_AMOUNT"", ""I-TARGET_AMOUNT"", ""I-TARGET_AMOUNT"", ""I-TARGET_AMOUNT"", ""I-TARGET_AMOUNT"", ""I-TARGET_AMOUNT"", ""I-TARGET_AMOUNT"", ""I-TARGET_AMOUNT"", ""O"", ""O"", ""O"", ""O"", ""O"", ""B-DURATION"", ""I-DURATION"", ""I-DURATION"", ""I-DURATION"", ""I-DURATION"", ""I-DURATION"", ""I-DURATION""]"
609,Mục tiêu là tiết kiệm 50 triệu trong 1 năm,"[""O"", ""O"", ""O"", ""O"", ""O"", ""O"", ""O"", ""O"", ""O"", ""O"", ""O"", ""O"", ""O"", ""O"", ""O"", ""O"", ""O"", ""O"", ""O"", ""O"", ""O"", ""O"", ""B-TARGET_AMOUNT"", ""I-TARGET_AMOUNT"", ""I-TARGET_AMOUNT"", ""I-TARGET_AMOUNT"", ""I-TARGET_AMOUNT"", ""I-TARGET_AMOUNT"", ""I-TARGET_AMOUNT"", ""I-TARGET_AMOUNT"", ""O"", ""O"", ""O"", ""O"", ""O"", ""O"", ""O"", ""B-DURATION"", ""I-DURATION"", ""I-DURATION"", ""I-DURATION"", ""I-DURATION""]"
610,Mình cần tích lũy 100 triệu trong 2 năm,"[""O"", ""O"", ""O"", ""O"", ""O"", ""O"", ""O"", ""O"", ""O"", ""O"", ""O"", ""O"", ""O"", ""O"", ""O"", ""O"", ""O"", ""O"", ""B-TARGET_AMOUNT"", ""I-TARGET_AMOUNT"", ""I-TARGET_AMOUNT"", ""I-TARGET_AMOUNT"", ""I-TARGET_AMOUNT"", ""I-TARGET_AMOUNT"", ""I-TARGET_AMOUNT"", ""I-TARGET_AMOUNT"", ""I-TARGET_AMOUNT"", ""O"", ""O"", ""O"", ""O"", ""O"", ""O"", ""O"", ""B-DURATION"", ""I-DURATION"", ""I-DURATION"", ""I-DURATION"", ""I-DURATION""]"
611,Muốn dành dụm 12 triệu trong 4 tháng,"[""O"", ""O"", ""O"", ""O"", ""O"", ""O"", ""O"", ""O"", ""O"", ""O"", ""O"", ""O"", ""O"", ""O"", ""B-TARGET_AMOUNT"", ""I-TARGET_AMOUNT"", ""I-TARGET_AMOUNT"", ""I-TARGET_AMOUNT"", ""I-TARGET_AMOUNT"", ""I-TARGET_AMOUNT"", ""I-TARGET_AMOUNT"", ""I-TARGET_AMOUNT"", ""O"", ""O"", ""O"", ""O"", ""O"", ""O"", ""O"", ""B-DURATION"", ""I-DURATION"", ""I-DURATION"", ""I-DURATION"", ""I-DURATION"", ""I-DURATION"", ""I-DURATION""]"
612,Mỗi tháng cần để dành bao nhiêu để đủ 30 triệu sau 5 tháng?,"[""B-PERIOD"", ""I-PERIOD"", ""I-PERIOD"", ""I-PERIOD"", ""I-PERIOD"", ""I-PERIOD"", ""I-PERIOD"", ""I-PERIOD"", ""I-PERIOD"", ""O"", ""O"", ""O"", ""O"", ""O"", ""O"", ""O"", ""O"", ""O"", ""O"", ""O"", ""O"", ""O"", ""O"", ""O"", ""O"", ""O"", ""O"", ""O"", ""O"", ""O"", ""O"", ""O"", ""O"", ""O"", ""O"", ""O"", ""O"", ""O"", ""B-TARGET_AMOUNT"", ""I-TARGET_AMOUNT"", ""I-TARGET_AMOUNT"", ""I-TARGET_AMOUNT"", ""I-TARGET_AMOUNT"", ""I-TARGET_AMOUNT"", ""I-TARGET_AMOUNT"", ""I-TARGET_AMOUNT"", ""O"", ""O"", ""O"", ""O"", ""O"", ""B-DURATION"", ""I-DURATION"", ""I-DURATION"", ""I-DURATION"", ""I-DURATION"", ""I-DURATION"", ""I-DURATION"", ""O""]"
613,Tôi muốn có 18 triệu tiết kiệm sau 6 tháng,"[""O"", ""O"", ""O"", ""O"", ""O"", ""O"", ""O"", ""O"", ""O"", ""O"", ""O"", ""O"", ""B-TARGET_AMOUNT"", ""I-TARGET_AMOUNT"", ""I-TARGET_AMOUNT"", ""I-TARGET_AMOUNT"", ""I-TARGET_AMOUNT"", ""I-TARGET_AMOUNT"", ""I-TARGET_AMOUNT"", ""I-TARGET_AMOUNT"", ""O"", ""O"", ""O"", ""O"", ""O"", ""O"", ""O"", ""O"", ""O"", ""O"", ""O"", ""O"", ""O"", ""O"", ""O"", ""B-DURATION"", ""I-DURATION"", ""I-DURATION"", ""I-DURATION"", ""I-DURATION"", ""I-DURATION"", ""I-DURATION""]"
614,Cần tiết kiệm 60 triệu trong 15 tháng,"[""O"", ""O"", ""O"", ""O"", ""O"", ""O"", ""O"", ""O"", ""O"", ""O"", ""O"", ""O"", ""O"", ""O"", ""B-TARGET_AMOUNT"", ""I-TARGET_AMOUNT"", ""I-TARGET_AMOUNT"", ""I-TARGET_AMOUNT"", ""I-TARGET_AMOUNT"", ""I-TARGET_AMOUNT"", ""I-TARGET_AMOUNT"", ""I-TARGET_AMOUNT"", ""O"", ""O"", ""O"", ""O"", ""O"", ""O"", ""O"", ""B-DURATION"", ""I-DURATION"", ""I-DURATION"", ""I-DURATION"", ""I-DURATION"", ""I-DURATION"", ""I-DURATION"", ""I-DURATION""]"
615,Làm sao để dành được 24 triệu trong 1 năm?,"[""O"", ""O"", ""O"", ""O"", ""O"", ""O"", ""O"", ""O"", ""O"", ""O"", ""O"", ""O"", ""O"", ""O"", ""O"", ""O"", ""O"", ""O"", ""O"", ""O"", ""O"", ""B-TARGET_AMOUNT"", ""I-TARGET_AMOUNT"", ""I-TARGET_AMOUNT"", ""I-TARGET_AMOUNT"", ""I-TARGET_AMOUNT"", ""I-TARGET_AMOUNT"", ""I-TARGET_AMOUNT"", ""I-TARGET_AMOUNT"", ""O"", ""O"", ""O"", ""O"", ""O"", ""O"", ""O"", ""B-DURATION"", ""I-DURATION"", ""I-DURATION"", ""I-DURATION"", ""I-DURATION"", ""O""]"
616,Làm sao quản lý chi tiêu hiệu quả hơn?,"[""O"", ""O"", ""O"", ""O"", ""O"", ""O"", ""O"", ""O"", ""O"", ""O"", ""O"", ""O"", ""O"", ""O"", ""O"", ""O"", ""O"", ""O"", ""O"", ""O"", ""O"", ""O"", ""O"", ""O"", ""O"", ""O"", ""O"", ""O"", ""O"", ""O"", ""O"", ""O"", ""O"", ""O"", ""O"", ""O"", ""O"", ""O""]"
617,Tôi nên tiết kiệm tiền như thế nào?,"[""O"", ""O"", ""O"", ""O"", ""O"", ""O"", ""O"", ""O"", ""O"", ""O"", ""O"", ""O"", ""O"", ""O"", ""O"", ""O"", ""O"", ""O"", ""O"", ""O"", ""O"", ""O"", ""O"", ""O"", ""O"", ""O"", ""O"", ""O"", ""O"", ""O"", ""O"", ""O"", ""O"", ""O"", ""O""]"
618,Có nên lập ngân sách hàng tháng không?,"[""O"", ""O"", ""O"", ""O"", ""O"", ""O"", ""O"", ""O"", ""O"", ""O"", ""O"", ""O"", ""O"", ""O"", ""O"", ""O"", ""O"", ""O"", ""O"", ""O"", ""O"", ""B-PERIOD"", ""I-PERIOD"", ""I-PERIOD"", ""I-PERIOD"", ""I-PERIOD"", ""I-PERIOD"", ""I-PERIOD"", ""I-PERIOD"", ""I-PERIOD"", ""I-PERIOD"", ""O"", ""O"", ""O"", ""O"", ""O"", ""O"", ""O""]"
619,Quỹ khẩn cấp cần thiết thế nào?,"[""O"", ""O"", ""O"", ""O"", ""O"", ""O"", ""O"", ""O"", ""O"", ""O"", ""O"", ""O"", ""O"", ""O"", ""O"", ""O"", ""O"", ""O"", ""O"", ""O"", ""O"", ""O"", ""O"", ""O"", ""O"", ""O"", ""O"", ""O"", ""O"", ""O"", ""O""]"
620,Làm sao để giảm các khoản chi không cần thiết?,"[""O"", ""O"", ""O"", ""O"", ""O"", ""O"", ""O"", ""O"", ""O"", ""O"", ""O"", ""O"", ""O"", ""O"", ""O"", ""O"", ""O"", ""O"", ""O"", ""O"", ""O"", ""O"", ""O"", ""O"", ""O"", ""O"", ""O"", ""O"", ""O"", ""O"", ""O"", ""O"", ""O"", ""O"", ""O"", ""O"", ""O"", ""O"", ""O"", ""O"", ""O"", ""O"", ""O"", ""O"", ""O"", ""O""]"
621,Nên ghi chép chi tiêu bằng cách nào?,"[""O"", ""O"", ""O"", ""O"", ""O"", ""O"", ""O"", ""O"", ""O"", ""O"", ""O"", ""O"", ""O"", ""O"", ""O"", ""O"", ""O"", ""O"", ""O"", ""O"", ""O"", ""O"", ""O"", ""O"", ""O"", ""O"", ""O"", ""O"", ""O"", ""O"", ""O"", ""O"", ""O"", ""O"", ""O"", ""O""]"
622,Cách phân bổ thu nhập hợp lý là gì?,"[""O"", ""O"", ""O"", ""O"", ""O"", ""O"", ""O"", ""O"", ""O"", ""O"", ""O"", ""O"", ""O"", ""O"", ""O"", ""O"", ""O"", ""O"", ""O"", ""O"", ""O"", ""O"", ""O"", ""O"", ""O"", ""O"", ""O"", ""O"", ""O"", ""O"", ""O"", ""O"", ""O"", ""O"", ""O""]"
623,Làm sao để không mua đồ theo cảm hứng?,"[""O"", ""O"", ""O"", ""O"", ""O"", ""O"", ""O"", ""O"", ""O"", ""O"", ""O"", ""O"", ""O"", ""O"", ""O"", ""O"", ""O"", ""O"", ""O"", ""O"", ""O"", ""O"", ""O"", ""O"", ""O"", ""O"", ""O"", ""O"", ""O"", ""O"", ""O"", ""O"", ""O"", ""O"", ""O"", ""O"", ""O"", ""O""]"
624,Nên xây dựng kế hoạch tài chính cá nhân ra sao?,"[""O"", ""O"", ""O"", ""O"", ""O"", ""O"", ""O"", ""O"", ""O"", ""O"", ""O"", ""O"", ""O"", ""O"", ""O"", ""O"", ""O"", ""O"", ""O"", ""O"", ""O"", ""O"", ""O"", ""O"", ""O"", ""O"", ""O"", ""O"", ""O"", ""O"", ""O"", ""O"", ""O"", ""O"", ""O"", ""O"", ""O"", ""O"", ""O"", ""O"", ""O"", ""O"", ""O"", ""O"", ""O"", ""O"", ""O""]"
625,Làm thế nào để duy trì thói quen tiết kiệm?,"[""O"", ""O"", ""O"", ""O"", ""O"", ""O"", ""O"", ""O"", ""O"", ""O"", ""O"", ""O"", ""O"", ""O"", ""O"", ""O"", ""O"", ""O"", ""O"", ""O"", ""O"", ""O"", ""O"", ""O"", ""O"", ""O"", ""O"", ""O"", ""O"", ""O"", ""O"", ""O"", ""O"", ""O"", ""O"", ""O"", ""O"", ""O"", ""O"", ""O"", ""O"", ""O"", ""O""]"
626,Sáng nay ăn xôi hết 25k,"[""O"", ""O"", ""O"", ""O"", ""O"", ""O"", ""O"", ""O"", ""O"", ""O"", ""O"", ""O"", ""O"", ""O"", ""O"", ""O"", ""O"", ""O"", ""O"", ""O"", ""B-AMOUNT"", ""I-AMOUNT"", ""I-AMOUNT""]"
627,Mua tô phở 50 nghìn,"[""O"", ""O"", ""O"", ""O"", ""O"", ""O"", ""O"", ""O"", ""O"", ""O"", ""O"", ""B-AMOUNT"", ""I-AMOUNT"", ""I-AMOUNT"", ""I-AMOUNT"", ""I-AMOUNT"", ""I-AMOUNT"", ""I-AMOUNT"", ""I-AMOUNT""]"
628,Trưa gọi cơm hết 65k,"[""O"", ""O"", ""O"", ""O"", ""O"", ""O"", ""O"", ""O"", ""O"", ""O"", ""O"", ""O"", ""O"", ""O"", ""O"", ""O"", ""O"", ""B-AMOUNT"", ""I-AMOUNT"", ""I-AMOUNT""]"
629,Uống cà phê sáng mất 35 nghìn,"[""O"", ""O"", ""O"", ""O"", ""O"", ""O"", ""O"", ""O"", ""O"", ""O"", ""O"", ""O"", ""O"", ""O"", ""O"", ""O"", ""O"", ""O"", ""O"", ""O"", ""O"", ""B-AMOUNT"", ""I-AMOUNT"", ""I-AMOUNT"", ""I-AMOUNT"", ""I-AMOUNT"", ""I-AMOUNT"", ""I-AMOUNT"", ""I-AMOUNT""]"
630,Mua cái áo mới 600k,"[""O"", ""O"", ""O"", ""O"", ""O"", ""O"", ""O"", ""O"", ""O"", ""O"", ""O"", ""O"", ""O"", ""O"", ""O"", ""B-AMOUNT"", ""I-AMOUNT"", ""I-AMOUNT"", ""I-AMOUNT""]"
631,Đi xem phim hết 180 nghìn,"[""O"", ""O"", ""O"", ""O"", ""O"", ""O"", ""O"", ""O"", ""O"", ""O"", ""O"", ""O"", ""O"", ""O"", ""O"", ""O"", ""B-AMOUNT"", ""I-AMOUNT"", ""I-AMOUNT"", ""I-AMOUNT"", ""I-AMOUNT"", ""I-AMOUNT"", ""I-AMOUNT"", ""I-AMOUNT"", ""I-AMOUNT""]"
632,Vừa trả tiền điện 450k,"[""O"", ""O"", ""O"", ""O"", ""O"", ""O"", ""O"", ""O"", ""O"", ""O"", ""O"", ""O"", ""O"", ""O"", ""O"", ""O"", ""O"", ""O"", ""B-AMOUNT"", ""I-AMOUNT"", ""I-AMOUNT"", ""I-AMOUNT""]"
633,Mua thuốc ở hiệu thuốc 100 nghìn,"[""O"", ""O"", ""O"", ""O"", ""O"", ""O"", ""O"", ""O"", ""O"", ""O"", ""O"", ""O"", ""O"", ""O"", ""O"", ""O"", ""O"", ""O"", ""O"", ""O"", ""O"", ""O"", ""O"", ""B-AMOUNT"", ""I-AMOUNT"", ""I-AMOUNT"", ""I-AMOUNT"", ""I-AMOUNT"", ""I-AMOUNT"", ""I-AMOUNT"", ""I-AMOUNT"", ""I-AMOUNT""]"
634,Tiền thuê nhà tháng này 5 triệu,"[""O"", ""O"", ""O"", ""O"", ""O"", ""O"", ""O"", ""O"", ""O"", ""O"", ""O"", ""O"", ""O"", ""O"", ""B-PERIOD"", ""I-PERIOD"", ""I-PERIOD"", ""I-PERIOD"", ""I-PERIOD"", ""I-PERIOD"", ""I-PERIOD"", ""I-PERIOD"", ""I-PERIOD"", ""O"", ""B-AMOUNT"", ""I-AMOUNT"", ""I-AMOUNT"", ""I-AMOUNT"", ""I-AMOUNT"", ""I-AMOUNT"", ""I-AMOUNT""]"
635,Mua sách hết 200k,"[""O"", ""O"", ""O"", ""O"", ""O"", ""O"", ""O"", ""O"", ""O"", ""O"", ""O"", ""O"", ""O"", ""B-AMOUNT"", ""I-AMOUNT"", ""I-AMOUNT"", ""I-AMOUNT""]"
636,Đi Grab hết 55 nghìn,"[""O"", ""O"", ""O"", ""B-MERCHANT"", ""I-MERCHANT"", ""I-MERCHANT"", ""I-MERCHANT"", ""O"", ""O"", ""O"", ""O"", ""O"", ""B-AMOUNT"", ""I-AMOUNT"", ""I-AMOUNT"", ""I-AMOUNT"", ""I-AMOUNT"", ""I-AMOUNT"", ""I-AMOUNT"", ""I-AMOUNT""]"
637,Đổ xăng 85k,"[""O"", ""O"", ""O"", ""O"", ""O"", ""O"", ""O"", ""O"", ""B-AMOUNT"", ""I-AMOUNT"", ""I-AMOUNT""]"
638,Mua quần áo hết 750 nghìn,"[""O"", ""O"", ""O"", ""O"", ""O"", ""O"", ""O"", ""O"", ""O"", ""O"", ""O"", ""O"", ""O"", ""O"", ""O"", ""O"", ""B-AMOUNT"", ""I-AMOUNT"", ""I-AMOUNT"", ""I-AMOUNT"", ""I-AMOUNT"", ""I-AMOUNT"", ""I-AMOUNT"", ""I-AMOUNT"", ""I-AMOUNT""]"
639,Vừa thanh toán tiền internet 280k,"[""O"", ""O"", ""O"", ""O"", ""O"", ""O"", ""O"", ""O"", ""O"", ""O"", ""O"", ""O"", ""O"", ""O"", ""O"", ""O"", ""O"", ""O"", ""O"", ""O"", ""O"", ""O"", ""O"", ""O"", ""O"", ""O"", ""O"", ""O"", ""O"", ""B-AMOUNT"", ""I-AMOUNT"", ""I-AMOUNT"", ""I-AMOUNT""]"
640,Tối qua ăn ngoài hết 250 nghìn,"[""O"", ""O"", ""O"", ""O"", ""O"", ""O"", ""O"", ""O"", ""O"", ""O"", ""O"", ""O"", ""O"", ""O"", ""O"", ""O"", ""O"", ""O"", ""O"", ""O"", ""O"", ""B-AMOUNT"", ""I-AMOUNT"", ""I-AMOUNT"", ""I-AMOUNT"", ""I-AMOUNT"", ""I-AMOUNT"", ""I-AMOUNT"", ""I-AMOUNT"", ""I-AMOUNT""]"
641,Đi chợ hết 300k,"[""O"", ""O"", ""O"", ""O"", ""O"", ""O"", ""O"", ""O"", ""O"", ""O"", ""O"", ""B-AMOUNT"", ""I-AMOUNT"", ""I-AMOUNT"", ""I-AMOUNT""]"
642,Mua vé xe khách 220 nghìn,"[""O"", ""O"", ""O"", ""O"", ""O"", ""O"", ""O"", ""O"", ""O"", ""O"", ""O"", ""O"", ""O"", ""O"", ""O"", ""O"", ""B-AMOUNT"", ""I-AMOUNT"", ""I-AMOUNT"", ""I-AMOUNT"", ""I-AMOUNT"", ""I-AMOUNT"", ""I-AMOUNT"", ""I-AMOUNT"", ""I-AMOUNT""]"
643,Đóng học phí hết 3 triệu,"[""O"", ""O"", ""O"", ""O"", ""O"", ""O"", ""O"", ""O"", ""O"", ""O"", ""O"", ""O"", ""O"", ""O"", ""O"", ""O"", ""O"", ""B-AMOUNT"", ""I-AMOUNT"", ""I-AMOUNT"", ""I-AMOUNT"", ""I-AMOUNT"", ""I-AMOUNT"", ""I-AMOUNT""]"
644,Mua quà sinh nhật 350k,"[""O"", ""O"", ""O"", ""O"", ""O"", ""O"", ""O"", ""O"", ""O"", ""O"", ""O"", ""O"", ""O"", ""O"", ""O"", ""O"", ""O"", ""O"", ""B-AMOUNT"", ""I-AMOUNT"", ""I-AMOUNT"", ""I-AMOUNT""]"
645,Ăn vặt hết 40 nghìn,"[""O"", ""O"", ""O"", ""O"", ""O"", ""O"", ""O"", ""O"", ""O"", ""O"", ""O"", ""B-AMOUNT"", ""I-AMOUNT"", ""I-AMOUNT"", ""I-AMOUNT"", ""I-AMOUNT"", ""I-AMOUNT"", ""I-AMOUNT"", ""I-AMOUNT""]"
646,Lương vừa vào tài khoản 13 triệu,"[""O"", ""O"", ""O"", ""O"", ""O"", ""O"", ""O"", ""O"", ""O"", ""O"", ""O"", ""O"", ""O"", ""O"", ""O"", ""O"", ""O"", ""O"", ""O"", ""O"", ""O"", ""O"", ""O"", ""O"", ""B-AMOUNT"", ""I-AMOUNT"", ""I-AMOUNT"", ""I-AMOUNT"", ""I-AMOUNT"", ""I-AMOUNT"", ""I-AMOUNT"", ""I-AMOUNT""]"
647,Công ty chuyển lương 16 củ,"[""O"", ""O"", ""O"", ""O"", ""O"", ""O"", ""O"", ""O"", ""O"", ""O"", ""O"", ""O"", ""O"", ""O"", ""O"", ""O"", ""O"", ""O"", ""O"", ""O"", ""O"", ""B-AMOUNT"", ""I-AMOUNT"", ""I-AMOUNT"", ""I-AMOUNT"", ""I-AMOUNT""]"
648,Được thưởng 2 triệu,"[""O"", ""O"", ""O"", ""O"", ""O"", ""O"", ""O"", ""O"", ""O"", ""O"", ""O"", ""O"", ""B-AMOUNT"", ""I-AMOUNT"", ""I-AMOUNT"", ""I-AMOUNT"", ""I-AMOUNT"", ""I-AMOUNT"", ""I-AMOUNT""]"
649,Mẹ gửi tiền cho mình 1 triệu,"[""O"", ""O"", ""O"", ""O"", ""O"", ""O"", ""O"", ""O"", ""O"", ""O"", ""O"", ""O"", ""O"", ""O"", ""O"", ""O"", ""O"", ""O"", ""O"", ""O"", ""O"", ""B-AMOUNT"", ""I-AMOUNT"", ""I-AMOUNT"", ""I-AMOUNT"", ""I-AMOUNT"", ""I-AMOUNT"", ""I-AMOUNT""]"
650,Vừa nhận 3 triệu tiền freelance,"[""O"", ""O"", ""O"", ""O"", ""O"", ""O"", ""O"", ""O"", ""O"", ""B-AMOUNT"", ""I-AMOUNT"", ""I-AMOUNT"", ""I-AMOUNT"", ""I-AMOUNT"", ""I-AMOUNT"", ""I-AMOUNT"", ""O"", ""O"", ""O"", ""O"", ""O"", ""O"", ""O"", ""O"", ""O"", ""O"", ""O"", ""O"", ""O"", ""O"", ""O""]"
651,Khách chuyển khoản 4 củ,"[""O"", ""O"", ""O"", ""O"", ""O"", ""O"", ""B-PAYMENT_METHOD"", ""I-PAYMENT_METHOD"", ""I-PAYMENT_METHOD"", ""I-PAYMENT_METHOD"", ""I-PAYMENT_METHOD"", ""I-PAYMENT_METHOD"", ""I-PAYMENT_METHOD"", ""I-PAYMENT_METHOD"", ""I-PAYMENT_METHOD"", ""I-PAYMENT_METHOD"", ""I-PAYMENT_METHOD"", ""I-PAYMENT_METHOD"", ""O"", ""B-AMOUNT"", ""I-AMOUNT"", ""I-AMOUNT"", ""I-AMOUNT""]"
652,Bán đồ cũ thu được 750k,"[""O"", ""O"", ""O"", ""O"", ""O"", ""O"", ""O"", ""O"", ""O"", ""O"", ""O"", ""O"", ""O"", ""O"", ""O"", ""O"", ""O"", ""O"", ""O"", ""B-AMOUNT"", ""I-AMOUNT"", ""I-AMOUNT"", ""I-AMOUNT""]"
653,Nhận tiền làm thêm 1 triệu rưỡi,"[""O"", ""O"", ""O"", ""O"", ""O"", ""O"", ""O"", ""O"", ""O"", ""O"", ""O"", ""O"", ""O"", ""O"", ""O"", ""O"", ""O"", ""O"", ""O"", ""B-AMOUNT"", ""I-AMOUNT"", ""I-AMOUNT"", ""I-AMOUNT"", ""I-AMOUNT"", ""I-AMOUNT"", ""I-AMOUNT"", ""I-AMOUNT"", ""I-AMOUNT"", ""I-AMOUNT"", ""I-AMOUNT"", ""I-AMOUNT""]"
654,Vừa được hoàn tiền 400 nghìn,"[""O"", ""O"", ""O"", ""O"", ""O"", ""O"", ""O"", ""O"", ""O"", ""O"", ""O"", ""O"", ""O"", ""O"", ""O"", ""O"", ""O"", ""O"", ""O"", ""B-AMOUNT"", ""I-AMOUNT"", ""I-AMOUNT"", ""I-AMOUNT"", ""I-AMOUNT"", ""I-AMOUNT"", ""I-AMOUNT"", ""I-AMOUNT"", ""I-AMOUNT""]"
655,Thưởng tháng này được 3 triệu,"[""O"", ""O"", ""O"", ""O"", ""O"", ""O"", ""O"", ""B-PERIOD"", ""I-PERIOD"", ""I-PERIOD"", ""I-PERIOD"", ""I-PERIOD"", ""I-PERIOD"", ""I-PERIOD"", ""I-PERIOD"", ""I-PERIOD"", ""O"", ""O"", ""O"", ""O"", ""O"", ""O"", ""B-AMOUNT"", ""I-AMOUNT"", ""I-AMOUNT"", ""I-AMOUNT"", ""I-AMOUNT"", ""I-AMOUNT"", ""I-AMOUNT""]"
656,Anh trai gửi 500 nghìn,"[""O"", ""O"", ""O"", ""O"", ""O"", ""O"", ""O"", ""O"", ""O"", ""O"", ""O"", ""O"", ""O"", ""B-AMOUNT"", ""I-AMOUNT"", ""I-AMOUNT"", ""I-AMOUNT"", ""I-AMOUNT"", ""I-AMOUNT"", ""I-AMOUNT"", ""I-AMOUNT"", ""I-AMOUNT""]"
657,Người ta vừa trả nợ 2 triệu,"[""O"", ""O"", ""O"", ""O"", ""O"", ""O"", ""O"", ""O"", ""O"", ""O"", ""O"", ""O"", ""O"", ""O"", ""O"", ""O"", ""O"", ""O"", ""O"", ""O"", ""B-AMOUNT"", ""I-AMOUNT"", ""I-AMOUNT"", ""I-AMOUNT"", ""I-AMOUNT"", ""I-AMOUNT"", ""I-AMOUNT""]"
658,Công ty chuyển phụ cấp 1 triệu,"[""O"", ""O"", ""O"", ""O"", ""O"", ""O"", ""O"", ""O"", ""O"", ""O"", ""O"", ""O"", ""O"", ""O"", ""O"", ""O"", ""O"", ""O"", ""O"", ""O"", ""O"", ""O"", ""O"", ""B-AMOUNT"", ""I-AMOUNT"", ""I-AMOUNT"", ""I-AMOUNT"", ""I-AMOUNT"", ""I-AMOUNT"", ""I-AMOUNT""]"
659,Bán điện thoại cũ được 5 triệu,"[""O"", ""O"", ""O"", ""O"", ""O"", ""O"", ""O"", ""O"", ""O"", ""O"", ""O"", ""O"", ""O"", ""O"", ""O"", ""O"", ""O"", ""O"", ""O"", ""O"", ""O"", ""O"", ""O"", ""B-AMOUNT"", ""I-AMOUNT"", ""I-AMOUNT"", ""I-AMOUNT"", ""I-AMOUNT"", ""I-AMOUNT"", ""I-AMOUNT""]"
660,Nhận tiền dự án 9 triệu,"[""O"", ""O"", ""O"", ""O"", ""O"", ""O"", ""O"", ""O"", ""O"", ""O"", ""O"", ""O"", ""O"", ""O"", ""O"", ""O"", ""B-AMOUNT"", ""I-AMOUNT"", ""I-AMOUNT"", ""I-AMOUNT"", ""I-AMOUNT"", ""I-AMOUNT"", ""I-AMOUNT""]"
661,Bố mẹ gửi thêm 2 củ,"[""O"", ""O"", ""O"", ""O"", ""O"", ""O"", ""O"", ""O"", ""O"", ""O"", ""O"", ""O"", ""O"", ""O"", ""O"", ""B-AMOUNT"", ""I-AMOUNT"", ""I-AMOUNT"", ""I-AMOUNT""]"
662,Khách vừa thanh toán 6 triệu,"[""O"", ""O"", ""O"", ""O"", ""O"", ""O"", ""O"", ""O"", ""O"", ""O"", ""O"", ""O"", ""O"", ""O"", ""O"", ""O"", ""O"", ""O"", ""O"", ""O"", ""O"", ""B-AMOUNT"", ""I-AMOUNT"", ""I-AMOUNT"", ""I-AMOUNT"", ""I-AMOUNT"", ""I-AMOUNT"", ""I-AMOUNT""]"
663,Lương tháng này về 18 triệu,"[""O"", ""O"", ""O"", ""O"", ""O"", ""O"", ""B-PERIOD"", ""I-PERIOD"", ""I-PERIOD"", ""I-PERIOD"", ""I-PERIOD"", ""I-PERIOD"", ""I-PERIOD"", ""I-PERIOD"", ""I-PERIOD"", ""O"", ""O"", ""O"", ""O"", ""B-AMOUNT"", ""I-AMOUNT"", ""I-AMOUNT"", ""I-AMOUNT"", ""I-AMOUNT"", ""I-AMOUNT"", ""I-AMOUNT"", ""I-AMOUNT""]"
664,Vừa nhận tiền công 800k,"[""O"", ""O"", ""O"", ""O"", ""O"", ""O"", ""O"", ""O"", ""O"", ""O"", ""O"", ""O"", ""O"", ""O"", ""O"", ""O"", ""O"", ""O"", ""O"", ""B-AMOUNT"", ""I-AMOUNT"", ""I-AMOUNT"", ""I-AMOUNT""]"
665,Có thêm 1 triệu tiền thưởng,"[""O"", ""O"", ""O"", ""O"", ""O"", ""O"", ""O"", ""O"", ""B-AMOUNT"", ""I-AMOUNT"", ""I-AMOUNT"", ""I-AMOUNT"", ""I-AMOUNT"", ""I-AMOUNT"", ""I-AMOUNT"", ""O"", ""O"", ""O"", ""O"", ""O"", ""O"", ""O"", ""O"", ""O"", ""O"", ""O"", ""O""]"
666,Tài khoản bây giờ còn bao nhiêu tiền?,"[""O"", ""O"", ""O"", ""O"", ""O"", ""O"", ""O"", ""O"", ""O"", ""O"", ""O"", ""O"", ""O"", ""O"", ""O"", ""O"", ""O"", ""O"", ""O"", ""O"", ""O"", ""O"", ""O"", ""O"", ""O"", ""O"", ""O"", ""O"", ""O"", ""O"", ""O"", ""O"", ""O"", ""O"", ""O"", ""O"", ""O""]"
667,Mình còn bao nhiêu trong tài khoản?,"[""O"", ""O"", ""O"", ""O"", ""O"", ""O"", ""O"", ""O"", ""O"", ""O"", ""O"", ""O"", ""O"", ""O"", ""O"", ""O"", ""O"", ""O"", ""O"", ""O"", ""O"", ""O"", ""O"", ""O"", ""O"", ""O"", ""O"", ""O"", ""O"", ""O"", ""O"", ""O"", ""O"", ""O"", ""O""]"
668,Cho biết số dư hiện tại nhé,"[""O"", ""O"", ""O"", ""O"", ""O"", ""O"", ""O"", ""O"", ""O"", ""O"", ""O"", ""O"", ""O"", ""O"", ""O"", ""O"", ""O"", ""O"", ""O"", ""O"", ""O"", ""O"", ""O"", ""O"", ""O"", ""O"", ""O""]"
669,Trong ví giờ còn bao nhiêu?,"[""O"", ""O"", ""O"", ""O"", ""O"", ""O"", ""O"", ""O"", ""O"", ""O"", ""O"", ""O"", ""O"", ""O"", ""O"", ""O"", ""O"", ""O"", ""O"", ""O"", ""O"", ""O"", ""O"", ""O"", ""O"", ""O"", ""O""]"
670,Tôi còn dư bao nhiêu tiền?,"[""O"", ""O"", ""O"", ""O"", ""O"", ""O"", ""O"", ""O"", ""O"", ""O"", ""O"", ""O"", ""O"", ""O"", ""O"", ""O"", ""O"", ""O"", ""O"", ""O"", ""O"", ""O"", ""O"", ""O"", ""O"", ""O""]"
671,Kiểm tra số dư giúp tôi,"[""O"", ""O"", ""O"", ""O"", ""O"", ""O"", ""O"", ""O"", ""O"", ""O"", ""O"", ""O"", ""O"", ""O"", ""O"", ""O"", ""O"", ""O"", ""O"", ""O"", ""O"", ""O"", ""O""]"
672,Hiện tại mình còn lại bao nhiêu?,"[""O"", ""O"", ""O"", ""O"", ""O"", ""O"", ""O"", ""O"", ""O"", ""O"", ""O"", ""O"", ""O"", ""O"", ""O"", ""O"", ""O"", ""O"", ""O"", ""O"", ""O"", ""O"", ""O"", ""O"", ""O"", ""O"", ""O"", ""O"", ""O"", ""O"", ""O"", ""O""]"
673,Sau các khoản chi thì còn bao nhiêu?,"[""O"", ""O"", ""O"", ""O"", ""O"", ""O"", ""O"", ""O"", ""O"", ""O"", ""O"", ""O"", ""O"", ""O"", ""O"", ""O"", ""O"", ""O"", ""O"", ""O"", ""O"", ""O"", ""O"", ""O"", ""O"", ""O"", ""O"", ""O"", ""O"", ""O"", ""O"", ""O"", ""O"", ""O"", ""O"", ""O""]"
674,Giờ tôi còn bao nhiêu để tiêu?,"[""O"", ""O"", ""O"", ""O"", ""O"", ""O"", ""O"", ""O"", ""O"", ""O"", ""O"", ""O"", ""O"", ""O"", ""O"", ""O"", ""O"", ""O"", ""O"", ""O"", ""O"", ""O"", ""O"", ""O"", ""O"", ""O"", ""O"", ""O"", ""O"", ""O""]"
675,Số tiền còn trong tài khoản là bao nhiêu?,"[""O"", ""O"", ""O"", ""O"", ""O"", ""O"", ""O"", ""O"", ""O"", ""O"", ""O"", ""O"", ""O"", ""O"", ""O"", ""O"", ""O"", ""O"", ""O"", ""O"", ""O"", ""O"", ""O"", ""O"", ""O"", ""O"", ""O"", ""O"", ""O"", ""O"", ""O"", ""O"", ""O"", ""O"", ""O"", ""O"", ""O"", ""O"", ""O"", ""O"", ""O""]"
676,Tháng này đã tiêu tổng cộng bao nhiêu?,"[""B-PERIOD"", ""I-PERIOD"", ""I-PERIOD"", ""I-PERIOD"", ""I-PERIOD"", ""I-PERIOD"", ""I-PERIOD"", ""I-PERIOD"", ""I-PERIOD"", ""O"", ""O"", ""O"", ""O"", ""O"", ""O"", ""O"", ""O"", ""O"", ""O"", ""O"", ""O"", ""O"", ""O"", ""O"", ""O"", ""O"", ""O"", ""O"", ""O"", ""O"", ""O"", ""O"", ""O"", ""O"", ""O"", ""O"", ""O"", ""O""]"
677,Từ đầu tháng đến giờ chi hết bao nhiêu?,"[""B-PERIOD"", ""I-PERIOD"", ""I-PERIOD"", ""I-PERIOD"", ""I-PERIOD"", ""I-PERIOD"", ""I-PERIOD"", ""I-PERIOD"", ""I-PERIOD"", ""I-PERIOD"", ""I-PERIOD"", ""I-PERIOD"", ""I-PERIOD"", ""I-PERIOD"", ""I-PERIOD"", ""I-PERIOD"", ""I-PERIOD"", ""I-PERIOD"", ""I-PERIOD"", ""I-PERIOD"", ""O"", ""O"", ""O"", ""O"", ""O"", ""O"", ""O"", ""O"", ""O"", ""O"", ""O"", ""O"", ""O"", ""O"", ""O"", ""O"", ""O"", ""O"", ""O""]"
678,Hôm nay tổng chi tiêu là bao nhiêu?,"[""O"", ""O"", ""O"", ""O"", ""O"", ""O"", ""O"", ""O"", ""O"", ""O"", ""O"", ""O"", ""O"", ""O"", ""O"", ""O"", ""O"", ""O"", ""O"", ""O"", ""O"", ""O"", ""O"", ""O"", ""O"", ""O"", ""O"", ""O"", ""O"", ""O"", ""O"", ""O"", ""O"", ""O"", ""O""]"
679,Tuần này mình tiêu bao nhiêu rồi?,"[""B-PERIOD"", ""I-PERIOD"", ""I-PERIOD"", ""I-PERIOD"", ""I-PERIOD"", ""I-PERIOD"", ""I-PERIOD"", ""I-PERIOD"", ""O"", ""O"", ""O"", ""O"", ""O"", ""O"", ""O"", ""O"", ""O"", ""O"", ""O"", ""O"", ""O"", ""O"", ""O"", ""O"", ""O"", ""O"", ""O"", ""O"", ""O"", ""O"", ""O"", ""O"", ""O""]"
680,7 ngày vừa qua đã chi bao nhiêu?,"[""B-PERIOD"", ""I-PERIOD"", ""I-PERIOD"", ""I-PERIOD"", ""I-PERIOD"", ""I-PERIOD"", ""O"", ""O"", ""O"", ""O"", ""O"", ""O"", ""O"", ""O"", ""O"", ""O"", ""O"", ""O"", ""O"", ""O"", ""O"", ""O"", ""O"", ""O"", ""O"", ""O"", ""O"", ""O"", ""O"", ""O"", ""O"", ""O""]"
681,Tháng trước tổng chi là bao nhiêu?,"[""B-PERIOD"", ""I-PERIOD"", ""I-PERIOD"", ""I-PERIOD"", ""I-PERIOD"", ""I-PERIOD"", ""I-PERIOD"", ""I-PERIOD"", ""I-PERIOD"", ""I-PERIOD"", ""I-PERIOD"", ""O"", ""O"", ""O"", ""O"", ""O"", ""O"", ""O"", ""O"", ""O"", ""O"", ""O"", ""O"", ""O"", ""O"", ""O"", ""O"", ""O"", ""O"", ""O"", ""O"", ""O"", ""O"", ""O""]"
682,Từ đầu năm đến giờ tiêu bao nhiêu?,"[""B-PERIOD"", ""I-PERIOD"", ""I-PERIOD"", ""I-PERIOD"", ""I-PERIOD"", ""I-PERIOD"", ""I-PERIOD"", ""I-PERIOD"", ""I-PERIOD"", ""I-PERIOD"", ""I-PERIOD"", ""I-PERIOD"", ""I-PERIOD"", ""I-PERIOD"", ""I-PERIOD"", ""I-PERIOD"", ""I-PERIOD"", ""I-PERIOD"", ""O"", ""O"", ""O"", ""O"", ""O"", ""O"", ""O"", ""O"", ""O"", ""O"", ""O"", ""O"", ""O"", ""O"", ""O"", ""O""]"
683,Hôm qua mình đã tiêu hết bao nhiêu?,"[""O"", ""O"", ""O"", ""O"", ""O"", ""O"", ""O"", ""O"", ""O"", ""O"", ""O"", ""O"", ""O"", ""O"", ""O"", ""O"", ""O"", ""O"", ""O"", ""O"", ""O"", ""O"", ""O"", ""O"", ""O"", ""O"", ""O"", ""O"", ""O"", ""O"", ""O"", ""O"", ""O"", ""O"", ""O""]"
684,Tổng tiền đã chi trong tháng này là bao nhiêu?,"[""O"", ""O"", ""O"", ""O"", ""O"", ""O"", ""O"", ""O"", ""O"", ""O"", ""O"", ""O"", ""O"", ""O"", ""O"", ""O"", ""O"", ""O"", ""O"", ""O"", ""O"", ""O"", ""O"", ""B-PERIOD"", ""I-PERIOD"", ""I-PERIOD"", ""I-PERIOD"", ""I-PERIOD"", ""I-PERIOD"", ""I-PERIOD"", ""I-PERIOD"", ""I-PERIOD"", ""O"", ""O"", ""O"", ""O"", ""O"", ""O"", ""O"", ""O"", ""O"", ""O"", ""O"", ""O"", ""O"", ""O""]"
685,Tuần này tổng cộng đã tiêu bao nhiêu tiền?,"[""B-PERIOD"", ""I-PERIOD"", ""I-PERIOD"", ""I-PERIOD"", ""I-PERIOD"", ""I-PERIOD"", ""I-PERIOD"", ""I-PERIOD"", ""O"", ""O"", ""O"", ""O"", ""O"", ""O"", ""O"", ""O"", ""O"", ""O"", ""O"", ""O"", ""O"", ""O"", ""O"", ""O"", ""O"", ""O"", ""O"", ""O"", ""O"", ""O"", ""O"", ""O"", ""O"", ""O"", ""O"", ""O"", ""O"", ""O"", ""O"", ""O"", ""O"", ""O""]"
686,Tiền ăn tháng này hết bao nhiêu vậy?,"[""O"", ""O"", ""O"", ""O"", ""O"", ""O"", ""O"", ""O"", ""B-PERIOD"", ""I-PERIOD"", ""I-PERIOD"", ""I-PERIOD"", ""I-PERIOD"", ""I-PERIOD"", ""I-PERIOD"", ""I-PERIOD"", ""I-PERIOD"", ""O"", ""O"", ""O"", ""O"", ""O"", ""O"", ""O"", ""O"", ""O"", ""O"", ""O"", ""O"", ""O"", ""O"", ""O"", ""O"", ""O"", ""O"", ""O""]"
687,Tháng này tiền đi lại bao nhiêu?,"[""B-PERIOD"", ""I-PERIOD"", ""I-PERIOD"", ""I-PERIOD"", ""I-PERIOD"", ""I-PERIOD"", ""I-PERIOD"", ""I-PERIOD"", ""I-PERIOD"", ""O"", ""O"", ""O"", ""O"", ""O"", ""O"", ""O"", ""O"", ""O"", ""O"", ""O"", ""O"", ""O"", ""O"", ""O"", ""O"", ""O"", ""O"", ""O"", ""O"", ""O"", ""O"", ""O""]"
688,Mình đã tiêu bao nhiêu cho mua sắm?,"[""O"", ""O"", ""O"", ""O"", ""O"", ""O"", ""O"", ""O"", ""O"", ""O"", ""O"", ""O"", ""O"", ""O"", ""O"", ""O"", ""O"", ""O"", ""O"", ""O"", ""O"", ""O"", ""O"", ""O"", ""O"", ""O"", ""O"", ""O"", ""O"", ""O"", ""O"", ""O"", ""O"", ""O"", ""O""]"
689,Tiền điện tháng này hết bao nhiêu?,"[""O"", ""O"", ""O"", ""O"", ""O"", ""O"", ""O"", ""O"", ""O"", ""O"", ""B-PERIOD"", ""I-PERIOD"", ""I-PERIOD"", ""I-PERIOD"", ""I-PERIOD"", ""I-PERIOD"", ""I-PERIOD"", ""I-PERIOD"", ""I-PERIOD"", ""O"", ""O"", ""O"", ""O"", ""O"", ""O"", ""O"", ""O"", ""O"", ""O"", ""O"", ""O"", ""O"", ""O"", ""O""]"
690,Tiền nhà tháng này tốn bao nhiêu?,"[""O"", ""O"", ""O"", ""O"", ""O"", ""O"", ""O"", ""O"", ""O"", ""B-PERIOD"", ""I-PERIOD"", ""I-PERIOD"", ""I-PERIOD"", ""I-PERIOD"", ""I-PERIOD"", ""I-PERIOD"", ""I-PERIOD"", ""I-PERIOD"", ""O"", ""O"", ""O"", ""O"", ""O"", ""O"", ""O"", ""O"", ""O"", ""O"", ""O"", ""O"", ""O"", ""O"", ""O""]"
691,Giải trí tháng này hết bao nhiêu tiền?,"[""O"", ""O"", ""O"", ""O"", ""O"", ""O"", ""O"", ""O"", ""O"", ""B-PERIOD"", ""I-PERIOD"", ""I-PERIOD"", ""I-PERIOD"", ""I-PERIOD"", ""I-PERIOD"", ""I-PERIOD"", ""I-PERIOD"", ""I-PERIOD"", ""O"", ""O"", ""O"", ""O"", ""O"", ""O"", ""O"", ""O"", ""O"", ""O"", ""O"", ""O"", ""O"", ""O"", ""O"", ""O"", ""O"", ""O"", ""O"", ""O""]"
692,Tiền thuốc tháng này bao nhiêu?,"[""O"", ""O"", ""O"", ""O"", ""O"", ""O"", ""O"", ""O"", ""O"", ""O"", ""O"", ""B-PERIOD"", ""I-PERIOD"", ""I-PERIOD"", ""I-PERIOD"", ""I-PERIOD"", ""I-PERIOD"", ""I-PERIOD"", ""I-PERIOD"", ""I-PERIOD"", ""O"", ""O"", ""O"", ""O"", ""O"", ""O"", ""O"", ""O"", ""O"", ""O"", ""O""]"
693,Học hành tháng này chi bao nhiêu?,"[""O"", ""O"", ""O"", ""O"", ""O"", ""O"", ""O"", ""O"", ""O"", ""B-PERIOD"", ""I-PERIOD"", ""I-PERIOD"", ""I-PERIOD"", ""I-PERIOD"", ""I-PERIOD"", ""I-PERIOD"", ""I-PERIOD"", ""I-PERIOD"", ""O"", ""O"", ""O"", ""O"", ""O"", ""O"", ""O"", ""O"", ""O"", ""O"", ""O"", ""O"", ""O"", ""O"", ""O""]"
694,Xăng xe tháng này hết bao nhiêu?,"[""O"", ""O"", ""O"", ""O"", ""O"", ""O"", ""O"", ""O"", ""B-PERIOD"", ""I-PERIOD"", ""I-PERIOD"", ""I-PERIOD"", ""I-PERIOD"", ""I-PERIOD"", ""I-PERIOD"", ""I-PERIOD"", ""I-PERIOD"", ""O"", ""O"", ""O"", ""O"", ""O"", ""O"", ""O"", ""O"", ""O"", ""O"", ""O"", ""O"", ""O"", ""O"", ""O""]"
695,Khoản nào mình đang tiêu nhiều nhất?,"[""O"", ""O"", ""O"", ""O"", ""O"", ""O"", ""O"", ""O"", ""O"", ""O"", ""O"", ""O"", ""O"", ""O"", ""O"", ""O"", ""O"", ""O"", ""O"", ""O"", ""O"", ""O"", ""O"", ""O"", ""O"", ""O"", ""O"", ""O"", ""O"", ""O"", ""O"", ""O"", ""O"", ""O"", ""O"", ""O""]"
696,Ăn uống mỗi tháng tối đa 2 triệu,"[""O"", ""O"", ""O"", ""O"", ""O"", ""O"", ""O"", ""O"", ""B-PERIOD"", ""I-PERIOD"", ""I-PERIOD"", ""I-PERIOD"", ""I-PERIOD"", ""I-PERIOD"", ""I-PERIOD"", ""I-PERIOD"", ""I-PERIOD"", ""O"", ""O"", ""O"", ""O"", ""O"", ""O"", ""O"", ""O"", ""B-BUDGET_LIMIT"", ""I-BUDGET_LIMIT"", ""I-BUDGET_LIMIT"", ""I-BUDGET_LIMIT"", ""I-BUDGET_LIMIT"", ""I-BUDGET_LIMIT"", ""I-BUDGET_LIMIT""]"
697,Cho tôi ngân sách mua sắm 3 triệu,"[""O"", ""O"", ""O"", ""O"", ""O"", ""O"", ""O"", ""O"", ""O"", ""O"", ""O"", ""O"", ""O"", ""O"", ""O"", ""O"", ""O"", ""O"", ""O"", ""O"", ""O"", ""O"", ""O"", ""O"", ""O"", ""O"", ""B-BUDGET_LIMIT"", ""I-BUDGET_LIMIT"", ""I-BUDGET_LIMIT"", ""I-BUDGET_LIMIT"", ""I-BUDGET_LIMIT"", ""I-BUDGET_LIMIT"", ""I-BUDGET_LIMIT""]"
698,Đi lại tháng này giới hạn 800k,"[""O"", ""O"", ""O"", ""O"", ""O"", ""O"", ""O"", ""B-PERIOD"", ""I-PERIOD"", ""I-PERIOD"", ""I-PERIOD"", ""I-PERIOD"", ""I-PERIOD"", ""I-PERIOD"", ""I-PERIOD"", ""I-PERIOD"", ""O"", ""O"", ""O"", ""O"", ""O"", ""O"", ""O"", ""O"", ""O"", ""O"", ""B-BUDGET_LIMIT"", ""I-BUDGET_LIMIT"", ""I-BUDGET_LIMIT"", ""I-BUDGET_LIMIT""]"
699,Giải trí mỗi tháng không quá 1 triệu,"[""O"", ""O"", ""O"", ""O"", ""O"", ""O"", ""O"", ""O"", ""O"", ""B-PERIOD"", ""I-PERIOD"", ""I-PERIOD"", ""I-PERIOD"", ""I-PERIOD"", ""I-PERIOD"", ""I-PERIOD"", ""I-PERIOD"", ""I-PERIOD"", ""O"", ""O"", ""O"", ""O"", ""O"", ""O"", ""O"", ""O"", ""O"", ""O"", ""O"", ""B-BUDGET_LIMIT"", ""I-BUDGET_LIMIT"", ""I-BUDGET_LIMIT"", ""I-BUDGET_LIMIT"", ""I-BUDGET_LIMIT"", ""I-BUDGET_LIMIT"", ""I-BUDGET_LIMIT""]"
700,Đặt hạn mức tiền điện 600 nghìn,"[""O"", ""O"", ""O"", ""O"", ""O"", ""O"", ""O"", ""O"", ""O"", ""O"", ""O"", ""O"", ""O"", ""O"", ""O"", ""O"", ""O"", ""O"", ""O"", ""O"", ""O"", ""O"", ""B-BUDGET_LIMIT"", ""I-BUDGET_LIMIT"", ""I-BUDGET_LIMIT"", ""I-BUDGET_LIMIT"", ""I-BUDGET_LIMIT"", ""I-BUDGET_LIMIT"", ""I-BUDGET_LIMIT"", ""I-BUDGET_LIMIT"", ""I-BUDGET_LIMIT""]"
701,Ăn uống đừng vượt quá 1 triệu rưỡi,"[""O"", ""O"", ""O"", ""O"", ""O"", ""O"", ""O"", ""O"", ""O"", ""O"", ""O"", ""O"", ""O"", ""O"", ""O"", ""O"", ""O"", ""O"", ""O"", ""O"", ""O"", ""O"", ""B-BUDGET_LIMIT"", ""I-BUDGET_LIMIT"", ""I-BUDGET_LIMIT"", ""I-BUDGET_LIMIT"", ""I-BUDGET_LIMIT"", ""I-BUDGET_LIMIT"", ""I-BUDGET_LIMIT"", ""I-BUDGET_LIMIT"", ""I-BUDGET_LIMIT"", ""I-BUDGET_LIMIT"", ""I-BUDGET_LIMIT"", ""I-BUDGET_LIMIT""]"
702,Mua sắm tối đa 2 củ mỗi tháng,"[""O"", ""O"", ""O"", ""O"", ""O"", ""O"", ""O"", ""O"", ""O"", ""O"", ""O"", ""O"", ""O"", ""O"", ""O"", ""B-BUDGET_LIMIT"", ""I-BUDGET_LIMIT"", ""I-BUDGET_LIMIT"", ""I-BUDGET_LIMIT"", ""O"", ""B-PERIOD"", ""I-PERIOD"", ""I-PERIOD"", ""I-PERIOD"", ""I-PERIOD"", ""I-PERIOD"", ""I-PERIOD"", ""I-PERIOD"", ""I-PERIOD""]"
703,Tiền nhà giới hạn 7 triệu nhé,"[""O"", ""O"", ""O"", ""O"", ""O"", ""O"", ""O"", ""O"", ""O"", ""O"", ""O"", ""O"", ""O"", ""O"", ""O"", ""O"", ""O"", ""O"", ""B-BUDGET_LIMIT"", ""I-BUDGET_LIMIT"", ""I-BUDGET_LIMIT"", ""I-BUDGET_LIMIT"", ""I-BUDGET_LIMIT"", ""I-BUDGET_LIMIT"", ""I-BUDGET_LIMIT"", ""O"", ""O"", ""O"", ""O""]"
704,Cho đi lại tối đa 900k một tháng,"[""O"", ""O"", ""O"", ""O"", ""O"", ""O"", ""O"", ""O"", ""O"", ""O"", ""O"", ""O"", ""O"", ""O"", ""O"", ""O"", ""O"", ""O"", ""B-BUDGET_LIMIT"", ""I-BUDGET_LIMIT"", ""I-BUDGET_LIMIT"", ""I-BUDGET_LIMIT"", ""O"", ""B-PERIOD"", ""I-PERIOD"", ""I-PERIOD"", ""I-PERIOD"", ""I-PERIOD"", ""I-PERIOD"", ""I-PERIOD"", ""I-PERIOD"", ""I-PERIOD""]"
705,Giải trí chỉ được tiêu 500 nghìn,"[""O"", ""O"", ""O"", ""O"", ""O"", ""O"", ""O"", ""O"", ""O"", ""O"", ""O"", ""O"", ""O"", ""O"", ""O"", ""O"", ""O"", ""O"", ""O"", ""O"", ""O"", ""O"", ""O"", ""B-BUDGET_LIMIT"", ""I-BUDGET_LIMIT"", ""I-BUDGET_LIMIT"", ""I-BUDGET_LIMIT"", ""I-BUDGET_LIMIT"", ""I-BUDGET_LIMIT"", ""I-BUDGET_LIMIT"", ""I-BUDGET_LIMIT"", ""I-BUDGET_LIMIT""]"
706,Tôi muốn tiết kiệm 20 triệu trong 4 tháng,"[""O"", ""O"", ""O"", ""O"", ""O"", ""O"", ""O"", ""O"", ""O"", ""O"", ""O"", ""O"", ""O"", ""O"", ""O"", ""O"", ""O"", ""O"", ""O"", ""B-TARGET_AMOUNT"", ""I-TARGET_AMOUNT"", ""I-TARGET_AMOUNT"", ""I-TARGET_AMOUNT"", ""I-TARGET_AMOUNT"", ""I-TARGET_AMOUNT"", ""I-TARGET_AMOUNT"", ""I-TARGET_AMOUNT"", ""O"", ""O"", ""O"", ""O"", ""O"", ""O"", ""O"", ""B-DURATION"", ""I-DURATION"", ""I-DURATION"", ""I-DURATION"", ""I-DURATION"", ""I-DURATION"", ""I-DURATION""]"
707,Mình cần để dành 30 triệu trong 6 tháng,"[""O"", ""O"", ""O"", ""O"", ""O"", ""O"", ""O"", ""O"", ""O"", ""O"", ""O"", ""O"", ""O"", ""O"", ""O"", ""O"", ""O"", ""B-TARGET_AMOUNT"", ""I-TARGET_AMOUNT"", ""I-TARGET_AMOUNT"", ""I-TARGET_AMOUNT"", ""I-TARGET_AMOUNT"", ""I-TARGET_AMOUNT"", ""I-TARGET_AMOUNT"", ""I-TARGET_AMOUNT"", ""O"", ""O"", ""O"", ""O"", ""O"", ""O"", ""O"", ""B-DURATION"", ""I-DURATION"", ""I-DURATION"", ""I-DURATION"", ""I-DURATION"", ""I-DURATION"", ""I-DURATION""]"
708,Muốn có 50 triệu sau 1 năm,"[""O"", ""O"", ""O"", ""O"", ""O"", ""O"", ""O"", ""O"", ""B-TARGET_AMOUNT"", ""I-TARGET_AMOUNT"", ""I-TARGET_AMOUNT"", ""I-TARGET_AMOUNT"", ""I-TARGET_AMOUNT"", ""I-TARGET_AMOUNT"", ""I-TARGET_AMOUNT"", ""I-TARGET_AMOUNT"", ""O"", ""O"", ""O"", ""O"", ""O"", ""B-DURATION"", ""I-DURATION"", ""I-DURATION"", ""I-DURATION"", ""I-DURATION""]"
709,Tôi muốn tích lũy 15 triệu trong 5 tháng,"[""O"", ""O"", ""O"", ""O"", ""O"", ""O"", ""O"", ""O"", ""O"", ""O"", ""O"", ""O"", ""O"", ""O"", ""O"", ""O"", ""O"", ""O"", ""B-TARGET_AMOUNT"", ""I-TARGET_AMOUNT"", ""I-TARGET_AMOUNT"", ""I-TARGET_AMOUNT"", ""I-TARGET_AMOUNT"", ""I-TARGET_AMOUNT"", ""I-TARGET_AMOUNT"", ""I-TARGET_AMOUNT"", ""O"", ""O"", ""O"", ""O"", ""O"", ""O"", ""O"", ""B-DURATION"", ""I-DURATION"", ""I-DURATION"", ""I-DURATION"", ""I-DURATION"", ""I-DURATION"", ""I-DURATION""]"
710,Cần tiết kiệm 80 triệu trong 2 năm,"[""O"", ""O"", ""O"", ""O"", ""O"", ""O"", ""O"", ""O"", ""O"", ""O"", ""O"", ""O"", ""O"", ""O"", ""B-TARGET_AMOUNT"", ""I-TARGET_AMOUNT"", ""I-TARGET_AMOUNT"", ""I-TARGET_AMOUNT"", ""I-TARGET_AMOUNT"", ""I-TARGET_AMOUNT"", ""I-TARGET_AMOUNT"", ""I-TARGET_AMOUNT"", ""O"", ""O"", ""O"", ""O"", ""O"", ""O"", ""O"", ""B-DURATION"", ""I-DURATION"", ""I-DURATION"", ""I-DURATION"", ""I-DURATION""]"
711,Muốn dành dụm 10 triệu trong 3 tháng,"[""O"", ""O"", ""O"", ""O"", ""O"", ""O"", ""O"", ""O"", ""O"", ""O"", ""O"", ""O"", ""O"", ""O"", ""B-TARGET_AMOUNT"", ""I-TARGET_AMOUNT"", ""I-TARGET_AMOUNT"", ""I-TARGET_AMOUNT"", ""I-TARGET_AMOUNT"", ""I-TARGET_AMOUNT"", ""I-TARGET_AMOUNT"", ""I-TARGET_AMOUNT"", ""O"", ""O"", ""O"", ""O"", ""O"", ""O"", ""O"", ""B-DURATION"", ""I-DURATION"", ""I-DURATION"", ""I-DURATION"", ""I-DURATION"", ""I-DURATION"", ""I-DURATION""]"
712,Mỗi tháng phải tiết kiệm bao nhiêu để đủ 24 triệu sau 6 tháng?,"[""B-PERIOD"", ""I-PERIOD"", ""I-PERIOD"", ""I-PERIOD"", ""I-PERIOD"", ""I-PERIOD"", ""I-PERIOD"", ""I-PERIOD"", ""I-PERIOD"", ""O"", ""O"", ""O"", ""O"", ""O"", ""O"", ""O"", ""O"", ""O"", ""O"", ""O"", ""O"", ""O"", ""O"", ""O"", ""O"", ""O"", ""O"", ""O"", ""O"", ""O"", ""O"", ""O"", ""O"", ""O"", ""O"", ""O"", ""O"", ""O"", ""O"", ""O"", ""O"", ""B-TARGET_AMOUNT"", ""I-TARGET_AMOUNT"", ""I-TARGET_AMOUNT"", ""I-TARGET_AMOUNT"", ""I-TARGET_AMOUNT"", ""I-TARGET_AMOUNT"", ""I-TARGET_AMOUNT"", ""I-TARGET_AMOUNT"", ""O"", ""O"", ""O"", ""O"", ""O"", ""B-DURATION"", ""I-DURATION"", ""I-DURATION"", ""I-DURATION"", ""I-DURATION"", ""I-DURATION"", ""I-DURATION"", ""O""]"
713,Tôi muốn có 40 triệu tiết kiệm sau 10 tháng,"[""O"", ""O"", ""O"", ""O"", ""O"", ""O"", ""O"", ""O"", ""O"", ""O"", ""O"", ""O"", ""B-TARGET_AMOUNT"", ""I-TARGET_AMOUNT"", ""I-TARGET_AMOUNT"", ""I-TARGET_AMOUNT"", ""I-TARGET_AMOUNT"", ""I-TARGET_AMOUNT"", ""I-TARGET_AMOUNT"", ""I-TARGET_AMOUNT"", ""O"", ""O"", ""O"", ""O"", ""O"", ""O"", ""O"", ""O"", ""O"", ""O"", ""O"", ""O"", ""O"", ""O"", ""O"", ""B-DURATION"", ""I-DURATION"", ""I-DURATION"", ""I-DURATION"", ""I-DURATION"", ""I-DURATION"", ""I-DURATION"", ""I-DURATION""]"
714,Mục tiêu của tôi là 60 triệu trong 18 tháng,"[""O"", ""O"", ""O"", ""O"", ""O"", ""O"", ""O"", ""O"", ""O"", ""O"", ""O"", ""O"", ""O"", ""O"", ""O"", ""O"", ""O"", ""O"", ""O"", ""O"", ""B-TARGET_AMOUNT"", ""I-TARGET_AMOUNT"", ""I-TARGET_AMOUNT"", ""I-TARGET_AMOUNT"", ""I-TARGET_AMOUNT"", ""I-TARGET_AMOUNT"", ""I-TARGET_AMOUNT"", ""I-TARGET_AMOUNT"", ""O"", ""O"", ""O"", ""O"", ""O"", ""O"", ""O"", ""B-DURATION"", ""I-DURATION"", ""I-DURATION"", ""I-DURATION"", ""I-DURATION"", ""I-DURATION"", ""I-DURATION"", ""I-DURATION""]"
715,Làm sao để dành đủ 12 triệu trong 1 năm?,"[""O"", ""O"", ""O"", ""O"", ""O"", ""O"", ""O"", ""O"", ""O"", ""O"", ""O"", ""O"", ""O"", ""O"", ""O"", ""O"", ""O"", ""O"", ""O"", ""B-TARGET_AMOUNT"", ""I-TARGET_AMOUNT"", ""I-TARGET_AMOUNT"", ""I-TARGET_AMOUNT"", ""I-TARGET_AMOUNT"", ""I-TARGET_AMOUNT"", ""I-TARGET_AMOUNT"", ""I-TARGET_AMOUNT"", ""O"", ""O"", ""O"", ""O"", ""O"", ""O"", ""O"", ""B-DURATION"", ""I-DURATION"", ""I-DURATION"", ""I-DURATION"", ""I-DURATION"", ""O""]"
716,Có cách nào quản lý tiền hiệu quả hơn không?,"[""O"", ""O"", ""O"", ""O"", ""O"", ""O"", ""O"", ""O"", ""O"", ""O"", ""O"", ""O"", ""O"", ""O"", ""O"", ""O"", ""O"", ""O"", ""O"", ""O"", ""O"", ""O"", ""O"", ""O"", ""O"", ""O"", ""O"", ""O"", ""O"", ""O"", ""O"", ""O"", ""O"", ""O"", ""O"", ""O"", ""O"", ""O"", ""O"", ""O"", ""O"", ""O"", ""O"", ""O""]"
717,Làm sao để tiết kiệm được nhiều hơn?,"[""O"", ""O"", ""O"", ""O"", ""O"", ""O"", ""O"", ""O"", ""O"", ""O"", ""O"", ""O"", ""O"", ""O"", ""O"", ""O"", ""O"", ""O"", ""O"", ""O"", ""O"", ""O"", ""O"", ""O"", ""O"", ""O"", ""O"", ""O"", ""O"", ""O"", ""O"", ""O"", ""O"", ""O"", ""O"", ""O""]"
718,Nên lập ngân sách cá nhân thế nào cho hợp lý?,"[""O"", ""O"", ""O"", ""O"", ""O"", ""O"", ""O"", ""O"", ""O"", ""O"", ""O"", ""O"", ""O"", ""O"", ""O"", ""O"", ""O"", ""O"", ""O"", ""O"", ""O"", ""O"", ""O"", ""O"", ""O"", ""O"", ""O"", ""O"", ""O"", ""O"", ""O"", ""O"", ""O"", ""O"", ""O"", ""O"", ""O"", ""O"", ""O"", ""O"", ""O"", ""O"", ""O"", ""O"", ""O""]"
719,Quỹ khẩn cấp có cần thiết không?,"[""O"", ""O"", ""O"", ""O"", ""O"", ""O"", ""O"", ""O"", ""O"", ""O"", ""O"", ""O"", ""O"", ""O"", ""O"", ""O"", ""O"", ""O"", ""O"", ""O"", ""O"", ""O"", ""O"", ""O"", ""O"", ""O"", ""O"", ""O"", ""O"", ""O"", ""O"", ""O""]"
720,Làm sao để giảm tiêu tiền linh tinh?,"[""O"", ""O"", ""O"", ""O"", ""O"", ""O"", ""O"", ""O"", ""O"", ""O"", ""O"", ""O"", ""O"", ""O"", ""O"", ""O"", ""O"", ""O"", ""O"", ""O"", ""O"", ""O"", ""O"", ""O"", ""O"", ""O"", ""O"", ""O"", ""O"", ""O"", ""O"", ""O"", ""O"", ""O"", ""O"", ""O""]"
721,Nên ghi lại các khoản chi tiêu như thế nào?,"[""O"", ""O"", ""O"", ""O"", ""O"", ""O"", ""O"", ""O"", ""O"", ""O"", ""O"", ""O"", ""O"", ""O"", ""O"", ""O"", ""O"", ""O"", ""O"", ""O"", ""O"", ""O"", ""O"", ""O"", ""O"", ""O"", ""O"", ""O"", ""O"", ""O"", ""O"", ""O"", ""O"", ""O"", ""O"", ""O"", ""O"", ""O"", ""O"", ""O"", ""O"", ""O"", ""O""]"
722,Tôi nên chia thu nhập hàng tháng ra sao?,"[""O"", ""O"", ""O"", ""O"", ""O"", ""O"", ""O"", ""O"", ""O"", ""O"", ""O"", ""O"", ""O"", ""O"", ""O"", ""O"", ""O"", ""O"", ""O"", ""O"", ""O"", ""O"", ""B-PERIOD"", ""I-PERIOD"", ""I-PERIOD"", ""I-PERIOD"", ""I-PERIOD"", ""I-PERIOD"", ""I-PERIOD"", ""I-PERIOD"", ""I-PERIOD"", ""I-PERIOD"", ""O"", ""O"", ""O"", ""O"", ""O"", ""O"", ""O"", ""O""]"
723,Làm sao để kiểm soát việc mua sắm quá tay?,"[""O"", ""O"", ""O"", ""O"", ""O"", ""O"", ""O"", ""O"", ""O"", ""O"", ""O"", ""O"", ""O"", ""O"", ""O"", ""O"", ""O"", ""O"", ""O"", ""O"", ""O"", ""O"", ""O"", ""O"", ""O"", ""O"", ""O"", ""O"", ""O"", ""O"", ""O"", ""O"", ""O"", ""O"", ""O"", ""O"", ""O"", ""O"", ""O"", ""O"", ""O"", ""O""]"
724,Có cách nào cải thiện thói quen tài chính không?,"[""O"", ""O"", ""O"", ""O"", ""O"", ""O"", ""O"", ""O"", ""O"", ""O"", ""O"", ""O"", ""O"", ""O"", ""O"", ""O"", ""O"", ""O"", ""O"", ""O"", ""O"", ""O"", ""O"", ""O"", ""O"", ""O"", ""O"", ""O"", ""O"", ""O"", ""O"", ""O"", ""O"", ""O"", ""O"", ""O"", ""O"", ""O"", ""O"", ""O"", ""O"", ""O"", ""O"", ""O"", ""O"", ""O"", ""O"", ""O""]"
725,Nên bắt đầu quản lý tài chính cá nhân từ đâu?,"[""O"", ""O"", ""O"", ""O"", ""O"", ""O"", ""O"", ""O"", ""O"", ""O"", ""O"", ""O"", ""O"", ""O"", ""O"", ""O"", ""O"", ""O"", ""O"", ""O"", ""O"", ""O"", ""O"", ""O"", ""O"", ""O"", ""O"", ""O"", ""O"", ""O"", ""O"", ""O"", ""O"", ""O"", ""O"", ""O"", ""O"", ""O"", ""O"", ""O"", ""O"", ""O"", ""O"", ""O"", ""O""]"
726,Nay ăn sáng hết 30k,"[""O"", ""O"", ""O"", ""O"", ""O"", ""O"", ""O"", ""O"", ""O"", ""O"", ""O"", ""O"", ""O"", ""O"", ""O"", ""O"", ""B-AMOUNT"", ""I-AMOUNT"", ""I-AMOUNT""]"
727,Mua cơm trưa 55 nghìn,"[""O"", ""O"", ""O"", ""O"", ""O"", ""O"", ""O"", ""O"", ""O"", ""O"", ""O"", ""O"", ""O"", ""B-AMOUNT"", ""I-AMOUNT"", ""I-AMOUNT"", ""I-AMOUNT"", ""I-AMOUNT"", ""I-AMOUNT"", ""I-AMOUNT"", ""I-AMOUNT""]"
728,Vừa đặt trà sữa 40k,"[""O"", ""O"", ""O"", ""O"", ""O"", ""O"", ""O"", ""O"", ""O"", ""O"", ""O"", ""O"", ""O"", ""O"", ""O"", ""O"", ""B-AMOUNT"", ""I-AMOUNT"", ""I-AMOUNT""]"
729,Mới mua áo 300 nghìn,"[""O"", ""O"", ""O"", ""O"", ""O"", ""O"", ""O"", ""O"", ""O"", ""O"", ""O"", ""B-AMOUNT"", ""I-AMOUNT"", ""I-AMOUNT"", ""I-AMOUNT"", ""I-AMOUNT"", ""I-AMOUNT"", ""I-AMOUNT"", ""I-AMOUNT"", ""I-AMOUNT""]"
730,Đi xe ôm hết 45k,"[""O"", ""O"", ""O"", ""O"", ""O"", ""O"", ""O"", ""O"", ""O"", ""O"", ""O"", ""O"", ""O"", ""B-AMOUNT"", ""I-AMOUNT"", ""I-AMOUNT""]"
731,Tối qua xem phim mất 160 nghìn,"[""O"", ""O"", ""O"", ""O"", ""O"", ""O"", ""O"", ""O"", ""O"", ""O"", ""O"", ""O"", ""O"", ""O"", ""O"", ""O"", ""O"", ""O"", ""O"", ""O"", ""O"", ""B-AMOUNT"", ""I-AMOUNT"", ""I-AMOUNT"", ""I-AMOUNT"", ""I-AMOUNT"", ""I-AMOUNT"", ""I-AMOUNT"", ""I-AMOUNT"", ""I-AMOUNT""]"
732,Vừa đóng tiền điện 500k,"[""O"", ""O"", ""O"", ""O"", ""O"", ""O"", ""O"", ""O"", ""O"", ""O"", ""O"", ""O"", ""O"", ""O"", ""O"", ""O"", ""O"", ""O"", ""O"", ""B-AMOUNT"", ""I-AMOUNT"", ""I-AMOUNT"", ""I-AMOUNT""]"
733,Mua thuốc hết 120 nghìn,"[""O"", ""O"", ""O"", ""O"", ""O"", ""O"", ""O"", ""O"", ""O"", ""O"", ""O"", ""O"", ""O"", ""O"", ""B-AMOUNT"", ""I-AMOUNT"", ""I-AMOUNT"", ""I-AMOUNT"", ""I-AMOUNT"", ""I-AMOUNT"", ""I-AMOUNT"", ""I-AMOUNT"", ""I-AMOUNT""]"
734,Tiền phòng tháng này 4 triệu,"[""O"", ""O"", ""O"", ""O"", ""O"", ""O"", ""O"", ""O"", ""O"", ""O"", ""O"", ""B-PERIOD"", ""I-PERIOD"", ""I-PERIOD"", ""I-PERIOD"", ""I-PERIOD"", ""I-PERIOD"", ""I-PERIOD"", ""I-PERIOD"", ""I-PERIOD"", ""O"", ""B-AMOUNT"", ""I-AMOUNT"", ""I-AMOUNT"", ""I-AMOUNT"", ""I-AMOUNT"", ""I-AMOUNT"", ""I-AMOUNT""]"
735,Mua sách 150k,"[""O"", ""O"", ""O"", ""O"", ""O"", ""O"", ""O"", ""O"", ""O"", ""B-AMOUNT"", ""I-AMOUNT"", ""I-AMOUNT"", ""I-AMOUNT""]"
736,Đi Grab hết 70 nghìn,"[""O"", ""O"", ""O"", ""B-MERCHANT"", ""I-MERCHANT"", ""I-MERCHANT"", ""I-MERCHANT"", ""O"", ""O"", ""O"", ""O"", ""O"", ""B-AMOUNT"", ""I-AMOUNT"", ""I-AMOUNT"", ""I-AMOUNT"", ""I-AMOUNT"", ""I-AMOUNT"", ""I-AMOUNT"", ""I-AMOUNT""]"
737,Đổ xăng hết 100k,"[""O"", ""O"", ""O"", ""O"", ""O"", ""O"", ""O"", ""O"", ""O"", ""O"", ""O"", ""O"", ""B-AMOUNT"", ""I-AMOUNT"", ""I-AMOUNT"", ""I-AMOUNT""]"
738,Mua giày 800 nghìn,"[""O"", ""O"", ""O"", ""O"", ""O"", ""O"", ""O"", ""O"", ""O"", ""B-AMOUNT"", ""I-AMOUNT"", ""I-AMOUNT"", ""I-AMOUNT"", ""I-AMOUNT"", ""I-AMOUNT"", ""I-AMOUNT"", ""I-AMOUNT"", ""I-AMOUNT""]"
739,Trả tiền wifi 250k rồi,"[""O"", ""O"", ""O"", ""O"", ""O"", ""O"", ""O"", ""O"", ""O"", ""O"", ""O"", ""O"", ""O"", ""O"", ""B-AMOUNT"", ""I-AMOUNT"", ""I-AMOUNT"", ""I-AMOUNT"", ""O"", ""O"", ""O"", ""O""]"
740,Ăn tối ngoài quán hết 200 nghìn,"[""O"", ""O"", ""O"", ""O"", ""O"", ""O"", ""O"", ""O"", ""O"", ""O"", ""O"", ""O"", ""O"", ""O"", ""O"", ""O"", ""O"", ""O"", ""O"", ""O"", ""O"", ""O"", ""B-AMOUNT"", ""I-AMOUNT"", ""I-AMOUNT"", ""I-AMOUNT"", ""I-AMOUNT"", ""I-AMOUNT"", ""I-AMOUNT"", ""I-AMOUNT"", ""I-AMOUNT""]"
741,Đi siêu thị hết 500k,"[""O"", ""O"", ""O"", ""O"", ""O"", ""O"", ""O"", ""O"", ""O"", ""O"", ""O"", ""O"", ""O"", ""O"", ""O"", ""O"", ""B-AMOUNT"", ""I-AMOUNT"", ""I-AMOUNT"", ""I-AMOUNT""]"
742,Mua vé tàu 300 nghìn,"[""O"", ""O"", ""O"", ""O"", ""O"", ""O"", ""O"", ""O"", ""O"", ""O"", ""O"", ""B-AMOUNT"", ""I-AMOUNT"", ""I-AMOUNT"", ""I-AMOUNT"", ""I-AMOUNT"", ""I-AMOUNT"", ""I-AMOUNT"", ""I-AMOUNT"", ""I-AMOUNT""]"
743,Đóng học phí 2 triệu,"[""O"", ""O"", ""O"", ""O"", ""O"", ""O"", ""O"", ""O"", ""O"", ""O"", ""O"", ""O"", ""O"", ""B-AMOUNT"", ""I-AMOUNT"", ""I-AMOUNT"", ""I-AMOUNT"", ""I-AMOUNT"", ""I-AMOUNT"", ""I-AMOUNT""]"
744,Mua quà hết 350k,"[""O"", ""O"", ""O"", ""O"", ""O"", ""O"", ""O"", ""O"", ""O"", ""O"", ""O"", ""O"", ""B-AMOUNT"", ""I-AMOUNT"", ""I-AMOUNT"", ""I-AMOUNT""]"
745,Uống cafe hết 45 nghìn,"[""O"", ""O"", ""O"", ""O"", ""O"", ""O"", ""O"", ""O"", ""O"", ""O"", ""O"", ""O"", ""O"", ""O"", ""B-AMOUNT"", ""I-AMOUNT"", ""I-AMOUNT"", ""I-AMOUNT"", ""I-AMOUNT"", ""I-AMOUNT"", ""I-AMOUNT"", ""I-AMOUNT""]"
746,Lương tháng này vừa về 15 triệu,"[""O"", ""O"", ""O"", ""O"", ""O"", ""O"", ""B-PERIOD"", ""I-PERIOD"", ""I-PERIOD"", ""I-PERIOD"", ""I-PERIOD"", ""I-PERIOD"", ""I-PERIOD"", ""I-PERIOD"", ""I-PERIOD"", ""O"", ""O"", ""O"", ""O"", ""O"", ""O"", ""O"", ""O"", ""B-AMOUNT"", ""I-AMOUNT"", ""I-AMOUNT"", ""I-AMOUNT"", ""I-AMOUNT"", ""I-AMOUNT"", ""I-AMOUNT"", ""I-AMOUNT""]"
747,Công ty chuyển 12 củ tiền lương,"[""O"", ""O"", ""O"", ""O"", ""O"", ""O"", ""O"", ""O"", ""O"", ""O"", ""O"", ""O"", ""O"", ""O"", ""O"", ""B-AMOUNT"", ""I-AMOUNT"", ""I-AMOUNT"", ""I-AMOUNT"", ""I-AMOUNT"", ""O"", ""O"", ""O"", ""O"", ""O"", ""O"", ""O"", ""O"", ""O"", ""O"", ""O""]"
748,Vừa nhận thưởng 3 triệu,"[""O"", ""O"", ""O"", ""O"", ""O"", ""O"", ""O"", ""O"", ""O"", ""O"", ""O"", ""O"", ""O"", ""O"", ""O"", ""O"", ""B-AMOUNT"", ""I-AMOUNT"", ""I-AMOUNT"", ""I-AMOUNT"", ""I-AMOUNT"", ""I-AMOUNT"", ""I-AMOUNT""]"
749,Mẹ gửi 1 triệu rưỡi,"[""O"", ""O"", ""O"", ""O"", ""O"", ""O"", ""O"", ""B-AMOUNT"", ""I-AMOUNT"", ""I-AMOUNT"", ""I-AMOUNT"", ""I-AMOUNT"", ""I-AMOUNT"", ""I-AMOUNT"", ""I-AMOUNT"", ""I-AMOUNT"", ""I-AMOUNT"", ""I-AMOUNT"", ""I-AMOUNT""]"
750,Freelance vừa nhận 4 triệu,"[""O"", ""O"", ""O"", ""O"", ""O"", ""O"", ""O"", ""O"", ""O"", ""O"", ""O"", ""O"", ""O"", ""O"", ""O"", ""O"", ""O"", ""O"", ""O"", ""B-AMOUNT"", ""I-AMOUNT"", ""I-AMOUNT"", ""I-AMOUNT"", ""I-AMOUNT"", ""I-AMOUNT"", ""I-AMOUNT""]"
751,Khách chuyển cho mình 5 triệu,"[""O"", ""O"", ""O"", ""O"", ""O"", ""O"", ""O"", ""O"", ""O"", ""O"", ""O"", ""O"", ""O"", ""O"", ""O"", ""O"", ""O"", ""O"", ""O"", ""O"", ""O"", ""O"", ""B-AMOUNT"", ""I-AMOUNT"", ""I-AMOUNT"", ""I-AMOUNT"", ""I-AMOUNT"", ""I-AMOUNT"", ""I-AMOUNT""]"
752,Bán đồ cũ được 700k,"[""O"", ""O"", ""O"", ""O"", ""O"", ""O"", ""O"", ""O"", ""O"", ""O"", ""O"", ""O"", ""O"", ""O"", ""O"", ""B-AMOUNT"", ""I-AMOUNT"", ""I-AMOUNT"", ""I-AMOUNT""]"
753,Nhận tiền làm thêm 2 triệu,"[""O"", ""O"", ""O"", ""O"", ""O"", ""O"", ""O"", ""O"", ""O"", ""O"", ""O"", ""O"", ""O"", ""O"", ""O"", ""O"", ""O"", ""O"", ""O"", ""B-AMOUNT"", ""I-AMOUNT"", ""I-AMOUNT"", ""I-AMOUNT"", ""I-AMOUNT"", ""I-AMOUNT"", ""I-AMOUNT""]"
754,Vừa được hoàn 300 nghìn,"[""O"", ""O"", ""O"", ""O"", ""O"", ""O"", ""O"", ""O"", ""O"", ""O"", ""O"", ""O"", ""O"", ""O"", ""B-AMOUNT"", ""I-AMOUNT"", ""I-AMOUNT"", ""I-AMOUNT"", ""I-AMOUNT"", ""I-AMOUNT"", ""I-AMOUNT"", ""I-AMOUNT"", ""I-AMOUNT""]"
755,Thưởng tháng này 1 triệu rưỡi,"[""O"", ""O"", ""O"", ""O"", ""O"", ""O"", ""O"", ""B-PERIOD"", ""I-PERIOD"", ""I-PERIOD"", ""I-PERIOD"", ""I-PERIOD"", ""I-PERIOD"", ""I-PERIOD"", ""I-PERIOD"", ""I-PERIOD"", ""O"", ""B-AMOUNT"", ""I-AMOUNT"", ""I-AMOUNT"", ""I-AMOUNT"", ""I-AMOUNT"", ""I-AMOUNT"", ""I-AMOUNT"", ""I-AMOUNT"", ""I-AMOUNT"", ""I-AMOUNT"", ""I-AMOUNT"", ""I-AMOUNT""]"
756,Anh trai gửi 500k,"[""O"", ""O"", ""O"", ""O"", ""O"", ""O"", ""O"", ""O"", ""O"", ""O"", ""O"", ""O"", ""O"", ""B-AMOUNT"", ""I-AMOUNT"", ""I-AMOUNT"", ""I-AMOUNT""]"
757,Vừa nhận lại khoản nợ 2 triệu,"[""O"", ""O"", ""O"", ""O"", ""O"", ""O"", ""O"", ""O"", ""O"", ""O"", ""O"", ""O"", ""O"", ""O"", ""O"", ""O"", ""O"", ""O"", ""O"", ""O"", ""O"", ""O"", ""B-AMOUNT"", ""I-AMOUNT"", ""I-AMOUNT"", ""I-AMOUNT"", ""I-AMOUNT"", ""I-AMOUNT"", ""I-AMOUNT""]"
758,Công ty trả phụ cấp 800 nghìn,"[""O"", ""O"", ""O"", ""O"", ""O"", ""O"", ""O"", ""O"", ""O"", ""O"", ""O"", ""O"", ""O"", ""O"", ""O"", ""O"", ""O"", ""O"", ""O"", ""O"", ""B-AMOUNT"", ""I-AMOUNT"", ""I-AMOUNT"", ""I-AMOUNT"", ""I-AMOUNT"", ""I-AMOUNT"", ""I-AMOUNT"", ""I-AMOUNT"", ""I-AMOUNT""]"
759,Bán chiếc điện thoại được 3 triệu,"[""O"", ""O"", ""O"", ""O"", ""O"", ""O"", ""O"", ""O"", ""O"", ""O"", ""O"", ""O"", ""O"", ""O"", ""O"", ""O"", ""O"", ""O"", ""O"", ""O"", ""O"", ""O"", ""O"", ""O"", ""O"", ""O"", ""B-AMOUNT"", ""I-AMOUNT"", ""I-AMOUNT"", ""I-AMOUNT"", ""I-AMOUNT"", ""I-AMOUNT"", ""I-AMOUNT""]"
760,Nhận tiền dự án 10 củ,"[""O"", ""O"", ""O"", ""O"", ""O"", ""O"", ""O"", ""O"", ""O"", ""O"", ""O"", ""O"", ""O"", ""O"", ""O"", ""O"", ""B-AMOUNT"", ""I-AMOUNT"", ""I-AMOUNT"", ""I-AMOUNT"", ""I-AMOUNT""]"
761,Bố mẹ gửi thêm 2 triệu,"[""O"", ""O"", ""O"", ""O"", ""O"", ""O"", ""O"", ""O"", ""O"", ""O"", ""O"", ""O"", ""O"", ""O"", ""O"", ""B-AMOUNT"", ""I-AMOUNT"", ""I-AMOUNT"", ""I-AMOUNT"", ""I-AMOUNT"", ""I-AMOUNT"", ""I-AMOUNT""]"
762,Khách vừa thanh toán 4 triệu,"[""O"", ""O"", ""O"", ""O"", ""O"", ""O"", ""O"", ""O"", ""O"", ""O"", ""O"", ""O"", ""O"", ""O"", ""O"", ""O"", ""O"", ""O"", ""O"", ""O"", ""O"", ""B-AMOUNT"", ""I-AMOUNT"", ""I-AMOUNT"", ""I-AMOUNT"", ""I-AMOUNT"", ""I-AMOUNT"", ""I-AMOUNT""]"
763,Lương vừa ting ting 17 triệu,"[""O"", ""O"", ""O"", ""O"", ""O"", ""O"", ""O"", ""O"", ""O"", ""O"", ""O"", ""O"", ""O"", ""O"", ""O"", ""O"", ""O"", ""O"", ""O"", ""O"", ""B-AMOUNT"", ""I-AMOUNT"", ""I-AMOUNT"", ""I-AMOUNT"", ""I-AMOUNT"", ""I-AMOUNT"", ""I-AMOUNT"", ""I-AMOUNT""]"
764,Vừa nhận tiền công 900k,"[""O"", ""O"", ""O"", ""O"", ""O"", ""O"", ""O"", ""O"", ""O"", ""O"", ""O"", ""O"", ""O"", ""O"", ""O"", ""O"", ""O"", ""O"", ""O"", ""B-AMOUNT"", ""I-AMOUNT"", ""I-AMOUNT"", ""I-AMOUNT""]"
765,Được thưởng thêm 1 triệu,"[""O"", ""O"", ""O"", ""O"", ""O"", ""O"", ""O"", ""O"", ""O"", ""O"", ""O"", ""O"", ""O"", ""O"", ""O"", ""O"", ""O"", ""B-AMOUNT"", ""I-AMOUNT"", ""I-AMOUNT"", ""I-AMOUNT"", ""I-AMOUNT"", ""I-AMOUNT"", ""I-AMOUNT""]"
766,Giờ tài khoản còn bao nhiêu?,"[""O"", ""O"", ""O"", ""O"", ""O"", ""O"", ""O"", ""O"", ""O"", ""O"", ""O"", ""O"", ""O"", ""O"", ""O"", ""O"", ""O"", ""O"", ""O"", ""O"", ""O"", ""O"", ""O"", ""O"", ""O"", ""O"", ""O"", ""O""]"
767,Mình còn bao nhiêu tiền trong ví?,"[""O"", ""O"", ""O"", ""O"", ""O"", ""O"", ""O"", ""O"", ""O"", ""O"", ""O"", ""O"", ""O"", ""O"", ""O"", ""O"", ""O"", ""O"", ""O"", ""O"", ""O"", ""O"", ""O"", ""O"", ""O"", ""O"", ""O"", ""O"", ""O"", ""O"", ""O"", ""O"", ""O""]"
768,Số dư hiện tại của tôi bao nhiêu?,"[""O"", ""O"", ""O"", ""O"", ""O"", ""O"", ""O"", ""O"", ""O"", ""O"", ""O"", ""O"", ""O"", ""O"", ""O"", ""O"", ""O"", ""O"", ""O"", ""O"", ""O"", ""O"", ""O"", ""O"", ""O"", ""O"", ""O"", ""O"", ""O"", ""O"", ""O"", ""O"", ""O""]"
769,Kiểm tra xem tài khoản còn bao nhiêu,"[""O"", ""O"", ""O"", ""O"", ""O"", ""O"", ""O"", ""O"", ""O"", ""O"", ""O"", ""O"", ""O"", ""O"", ""O"", ""O"", ""O"", ""O"", ""O"", ""O"", ""O"", ""O"", ""O"", ""O"", ""O"", ""O"", ""O"", ""O"", ""O"", ""O"", ""O"", ""O"", ""O"", ""O"", ""O"", ""O""]"
770,Hiện giờ tôi còn dư bao nhiêu?,"[""O"", ""O"", ""O"", ""O"", ""O"", ""O"", ""O"", ""O"", ""O"", ""O"", ""O"", ""O"", ""O"", ""O"", ""O"", ""O"", ""O"", ""O"", ""O"", ""O"", ""O"", ""O"", ""O"", ""O"", ""O"", ""O"", ""O"", ""O"", ""O"", ""O""]"
771,Sau khi chi tiêu mình còn bao nhiêu?,"[""O"", ""O"", ""O"", ""O"", ""O"", ""O"", ""O"", ""O"", ""O"", ""O"", ""O"", ""O"", ""O"", ""O"", ""O"", ""O"", ""O"", ""O"", ""O"", ""O"", ""O"", ""O"", ""O"", ""O"", ""O"", ""O"", ""O"", ""O"", ""O"", ""O"", ""O"", ""O"", ""O"", ""O"", ""O"", ""O""]"
772,Tài khoản còn lại bao nhiêu tiền?,"[""O"", ""O"", ""O"", ""O"", ""O"", ""O"", ""O"", ""O"", ""O"", ""O"", ""O"", ""O"", ""O"", ""O"", ""O"", ""O"", ""O"", ""O"", ""O"", ""O"", ""O"", ""O"", ""O"", ""O"", ""O"", ""O"", ""O"", ""O"", ""O"", ""O"", ""O"", ""O"", ""O""]"
773,Cho mình biết số dư nhé,"[""O"", ""O"", ""O"", ""O"", ""O"", ""O"", ""O"", ""O"", ""O"", ""O"", ""O"", ""O"", ""O"", ""O"", ""O"", ""O"", ""O"", ""O"", ""O"", ""O"", ""O"", ""O"", ""O""]"
774,Trong tài khoản còn bao nhiêu vậy?,"[""O"", ""O"", ""O"", ""O"", ""O"", ""O"", ""O"", ""O"", ""O"", ""O"", ""O"", ""O"", ""O"", ""O"", ""O"", ""O"", ""O"", ""O"", ""O"", ""O"", ""O"", ""O"", ""O"", ""O"", ""O"", ""O"", ""O"", ""O"", ""O"", ""O"", ""O"", ""O"", ""O"", ""O""]"
775,Tôi còn bao nhiêu để tiêu?,"[""O"", ""O"", ""O"", ""O"", ""O"", ""O"", ""O"", ""O"", ""O"", ""O"", ""O"", ""O"", ""O"", ""O"", ""O"", ""O"", ""O"", ""O"", ""O"", ""O"", ""O"", ""O"", ""O"", ""O"", ""O"", ""O""]"
776,Tháng này tổng chi bao nhiêu rồi?,"[""B-PERIOD"", ""I-PERIOD"", ""I-PERIOD"", ""I-PERIOD"", ""I-PERIOD"", ""I-PERIOD"", ""I-PERIOD"", ""I-PERIOD"", ""I-PERIOD"", ""O"", ""O"", ""O"", ""O"", ""O"", ""O"", ""O"", ""O"", ""O"", ""O"", ""O"", ""O"", ""O"", ""O"", ""O"", ""O"", ""O"", ""O"", ""O"", ""O"", ""O"", ""O"", ""O"", ""O""]"
777,Từ đầu tháng tới giờ tiêu bao nhiêu?,"[""B-PERIOD"", ""I-PERIOD"", ""I-PERIOD"", ""I-PERIOD"", ""I-PERIOD"", ""I-PERIOD"", ""I-PERIOD"", ""I-PERIOD"", ""I-PERIOD"", ""I-PERIOD"", ""I-PERIOD"", ""I-PERIOD"", ""I-PERIOD"", ""I-PERIOD"", ""I-PERIOD"", ""I-PERIOD"", ""I-PERIOD"", ""I-PERIOD"", ""I-PERIOD"", ""I-PERIOD"", ""O"", ""O"", ""O"", ""O"", ""O"", ""O"", ""O"", ""O"", ""O"", ""O"", ""O"", ""O"", ""O"", ""O"", ""O"", ""O""]"
778,Hôm nay mình đã chi bao nhiêu tiền?,"[""O"", ""O"", ""O"", ""O"", ""O"", ""O"", ""O"", ""O"", ""O"", ""O"", ""O"", ""O"", ""O"", ""O"", ""O"", ""O"", ""O"", ""O"", ""O"", ""O"", ""O"", ""O"", ""O"", ""O"", ""O"", ""O"", ""O"", ""O"", ""O"", ""O"", ""O"", ""O"", ""O"", ""O"", ""O""]"
779,Tuần này tổng cộng tiêu bao nhiêu?,"[""B-PERIOD"", ""I-PERIOD"", ""I-PERIOD"", ""I-PERIOD"", ""I-PERIOD"", ""I-PERIOD"", ""I-PERIOD"", ""I-PERIOD"", ""O"", ""O"", ""O"", ""O"", ""O"", ""O"", ""O"", ""O"", ""O"", ""O"", ""O"", ""O"", ""O"", ""O"", ""O"", ""O"", ""O"", ""O"", ""O"", ""O"", ""O"", ""O"", ""O"", ""O"", ""O"", ""O""]"
780,7 ngày qua đã tiêu hết bao nhiêu?,"[""B-PERIOD"", ""I-PERIOD"", ""I-PERIOD"", ""I-PERIOD"", ""I-PERIOD"", ""I-PERIOD"", ""O"", ""O"", ""O"", ""O"", ""O"", ""O"", ""O"", ""O"", ""O"", ""O"", ""O"", ""O"", ""O"", ""O"", ""O"", ""O"", ""O"", ""O"", ""O"", ""O"", ""O"", ""O"", ""O"", ""O"", ""O"", ""O"", ""O""]"
781,Tháng trước tổng chi bao nhiêu?,"[""B-PERIOD"", ""I-PERIOD"", ""I-PERIOD"", ""I-PERIOD"", ""I-PERIOD"", ""I-PERIOD"", ""I-PERIOD"", ""I-PERIOD"", ""I-PERIOD"", ""I-PERIOD"", ""I-PERIOD"", ""O"", ""O"", ""O"", ""O"", ""O"", ""O"", ""O"", ""O"", ""O"", ""O"", ""O"", ""O"", ""O"", ""O"", ""O"", ""O"", ""O"", ""O"", ""O"", ""O""]"
782,Từ đầu năm đến giờ đã tiêu bao nhiêu?,"[""B-PERIOD"", ""I-PERIOD"", ""I-PERIOD"", ""I-PERIOD"", ""I-PERIOD"", ""I-PERIOD"", ""I-PERIOD"", ""I-PERIOD"", ""I-PERIOD"", ""I-PERIOD"", ""I-PERIOD"", ""I-PERIOD"", ""I-PERIOD"", ""I-PERIOD"", ""I-PERIOD"", ""I-PERIOD"", ""I-PERIOD"", ""I-PERIOD"", ""O"", ""O"", ""O"", ""O"", ""O"", ""O"", ""O"", ""O"", ""O"", ""O"", ""O"", ""O"", ""O"", ""O"", ""O"", ""O"", ""O"", ""O"", ""O""]"
783,Hôm qua tổng chi là bao nhiêu?,"[""O"", ""O"", ""O"", ""O"", ""O"", ""O"", ""O"", ""O"", ""O"", ""O"", ""O"", ""O"", ""O"", ""O"", ""O"", ""O"", ""O"", ""O"", ""O"", ""O"", ""O"", ""O"", ""O"", ""O"", ""O"", ""O"", ""O"", ""O"", ""O"", ""O""]"
784,Cho tôi biết tổng tiền đã chi tháng này,"[""O"", ""O"", ""O"", ""O"", ""O"", ""O"", ""O"", ""O"", ""O"", ""O"", ""O"", ""O"", ""O"", ""O"", ""O"", ""O"", ""O"", ""O"", ""O"", ""O"", ""O"", ""O"", ""O"", ""O"", ""O"", ""O"", ""O"", ""O"", ""O"", ""O"", ""B-PERIOD"", ""I-PERIOD"", ""I-PERIOD"", ""I-PERIOD"", ""I-PERIOD"", ""I-PERIOD"", ""I-PERIOD"", ""I-PERIOD"", ""I-PERIOD""]"
785,Tuần này mình đã tiêu tổng cộng bao nhiêu?,"[""B-PERIOD"", ""I-PERIOD"", ""I-PERIOD"", ""I-PERIOD"", ""I-PERIOD"", ""I-PERIOD"", ""I-PERIOD"", ""I-PERIOD"", ""O"", ""O"", ""O"", ""O"", ""O"", ""O"", ""O"", ""O"", ""O"", ""O"", ""O"", ""O"", ""O"", ""O"", ""O"", ""O"", ""O"", ""O"", ""O"", ""O"", ""O"", ""O"", ""O"", ""O"", ""O"", ""O"", ""O"", ""O"", ""O"", ""O"", ""O"", ""O"", ""O"", ""O""]"
786,Tiền ăn tháng này hết bao nhiêu?,"[""O"", ""O"", ""O"", ""O"", ""O"", ""O"", ""O"", ""O"", ""B-PERIOD"", ""I-PERIOD"", ""I-PERIOD"", ""I-PERIOD"", ""I-PERIOD"", ""I-PERIOD"", ""I-PERIOD"", ""I-PERIOD"", ""I-PERIOD"", ""O"", ""O"", ""O"", ""O"", ""O"", ""O"", ""O"", ""O"", ""O"", ""O"", ""O"", ""O"", ""O"", ""O"", ""O""]"
787,Đi lại tháng này tốn bao nhiêu?,"[""O"", ""O"", ""O"", ""O"", ""O"", ""O"", ""O"", ""B-PERIOD"", ""I-PERIOD"", ""I-PERIOD"", ""I-PERIOD"", ""I-PERIOD"", ""I-PERIOD"", ""I-PERIOD"", ""I-PERIOD"", ""I-PERIOD"", ""O"", ""O"", ""O"", ""O"", ""O"", ""O"", ""O"", ""O"", ""O"", ""O"", ""O"", ""O"", ""O"", ""O"", ""O""]"
788,Mua sắm hết bao nhiêu tiền?,"[""O"", ""O"", ""O"", ""O"", ""O"", ""O"", ""O"", ""O"", ""O"", ""O"", ""O"", ""O"", ""O"", ""O"", ""O"", ""O"", ""O"", ""O"", ""O"", ""O"", ""O"", ""O"", ""O"", ""O"", ""O"", ""O"", ""O""]"
789,Tiền điện tháng này bao nhiêu?,"[""O"", ""O"", ""O"", ""O"", ""O"", ""O"", ""O"", ""O"", ""O"", ""O"", ""B-PERIOD"", ""I-PERIOD"", ""I-PERIOD"", ""I-PERIOD"", ""I-PERIOD"", ""I-PERIOD"", ""I-PERIOD"", ""I-PERIOD"", ""I-PERIOD"", ""O"", ""O"", ""O"", ""O"", ""O"", ""O"", ""O"", ""O"", ""O"", ""O"", ""O""]"
790,Tiền thuê nhà hết bao nhiêu?,"[""O"", ""O"", ""O"", ""O"", ""O"", ""O"", ""O"", ""O"", ""O"", ""O"", ""O"", ""O"", ""O"", ""O"", ""O"", ""O"", ""O"", ""O"", ""O"", ""O"", ""O"", ""O"", ""O"", ""O"", ""O"", ""O"", ""O"", ""O""]"
791,Giải trí tháng này chi bao nhiêu?,"[""O"", ""O"", ""O"", ""O"", ""O"", ""O"", ""O"", ""O"", ""O"", ""B-PERIOD"", ""I-PERIOD"", ""I-PERIOD"", ""I-PERIOD"", ""I-PERIOD"", ""I-PERIOD"", ""I-PERIOD"", ""I-PERIOD"", ""I-PERIOD"", ""O"", ""O"", ""O"", ""O"", ""O"", ""O"", ""O"", ""O"", ""O"", ""O"", ""O"", ""O"", ""O"", ""O"", ""O""]"
792,Tiền thuốc đã tốn bao nhiêu?,"[""O"", ""O"", ""O"", ""O"", ""O"", ""O"", ""O"", ""O"", ""O"", ""O"", ""O"", ""O"", ""O"", ""O"", ""O"", ""O"", ""O"", ""O"", ""O"", ""O"", ""O"", ""O"", ""O"", ""O"", ""O"", ""O"", ""O"", ""O""]"
793,Học tập tháng này hết bao nhiêu?,"[""O"", ""O"", ""O"", ""O"", ""O"", ""O"", ""O"", ""O"", ""B-PERIOD"", ""I-PERIOD"", ""I-PERIOD"", ""I-PERIOD"", ""I-PERIOD"", ""I-PERIOD"", ""I-PERIOD"", ""I-PERIOD"", ""I-PERIOD"", ""O"", ""O"", ""O"", ""O"", ""O"", ""O"", ""O"", ""O"", ""O"", ""O"", ""O"", ""O"", ""O"", ""O"", ""O""]"
794,Xăng xe đã chi bao nhiêu?,"[""O"", ""O"", ""O"", ""O"", ""O"", ""O"", ""O"", ""O"", ""O"", ""O"", ""O"", ""O"", ""O"", ""O"", ""O"", ""O"", ""O"", ""O"", ""O"", ""O"", ""O"", ""O"", ""O"", ""O"", ""O""]"
795,Khoản nào tôi tiêu nhiều tiền nhất?,"[""O"", ""O"", ""O"", ""O"", ""O"", ""O"", ""O"", ""O"", ""O"", ""O"", ""O"", ""O"", ""O"", ""O"", ""O"", ""O"", ""O"", ""O"", ""O"", ""O"", ""O"", ""O"", ""O"", ""O"", ""O"", ""O"", ""O"", ""O"", ""O"", ""O"", ""O"", ""O"", ""O"", ""O"", ""O""]"
796,Đặt ngân sách ăn uống 2 triệu,"[""O"", ""O"", ""O"", ""O"", ""O"", ""O"", ""O"", ""O"", ""O"", ""O"", ""O"", ""O"", ""O"", ""O"", ""O"", ""O"", ""O"", ""O"", ""O"", ""O"", ""O"", ""O"", ""B-BUDGET_LIMIT"", ""I-BUDGET_LIMIT"", ""I-BUDGET_LIMIT"", ""I-BUDGET_LIMIT"", ""I-BUDGET_LIMIT"", ""I-BUDGET_LIMIT"", ""I-BUDGET_LIMIT""]"
797,Mua sắm tối đa 3 triệu mỗi tháng,"[""O"", ""O"", ""O"", ""O"", ""O"", ""O"", ""O"", ""O"", ""O"", ""O"", ""O"", ""O"", ""O"", ""O"", ""O"", ""B-BUDGET_LIMIT"", ""I-BUDGET_LIMIT"", ""I-BUDGET_LIMIT"", ""I-BUDGET_LIMIT"", ""I-BUDGET_LIMIT"", ""I-BUDGET_LIMIT"", ""I-BUDGET_LIMIT"", ""O"", ""B-PERIOD"", ""I-PERIOD"", ""I-PERIOD"", ""I-PERIOD"", ""I-PERIOD"", ""I-PERIOD"", ""I-PERIOD"", ""I-PERIOD"", ""I-PERIOD""]"
798,Giới hạn đi lại 800k một tháng,"[""O"", ""O"", ""O"", ""O"", ""O"", ""O"", ""O"", ""O"", ""O"", ""O"", ""O"", ""O"", ""O"", ""O"", ""O"", ""O"", ""B-BUDGET_LIMIT"", ""I-BUDGET_LIMIT"", ""I-BUDGET_LIMIT"", ""I-BUDGET_LIMIT"", ""O"", ""B-PERIOD"", ""I-PERIOD"", ""I-PERIOD"", ""I-PERIOD"", ""I-PERIOD"", ""I-PERIOD"", ""I-PERIOD"", ""I-PERIOD"", ""I-PERIOD""]"
799,Cho giải trí ngân sách 1 triệu,"[""O"", ""O"", ""O"", ""O"", ""O"", ""O"", ""O"", ""O"", ""O"", ""O"", ""O"", ""O"", ""O"", ""O"", ""O"", ""O"", ""O"", ""O"", ""O"", ""O"", ""O"", ""O"", ""O"", ""B-BUDGET_LIMIT"", ""I-BUDGET_LIMIT"", ""I-BUDGET_LIMIT"", ""I-BUDGET_LIMIT"", ""I-BUDGET_LIMIT"", ""I-BUDGET_LIMIT"", ""I-BUDGET_LIMIT""]"
800,Tôi muốn tiết kiệm 30 triệu trong 6 tháng,"[""O"", ""O"", ""O"", ""O"", ""O"", ""O"", ""O"", ""O"", ""O"", ""O"", ""O"", ""O"", ""O"", ""O"", ""O"", ""O"", ""O"", ""O"", ""O"", ""B-TARGET_AMOUNT"", ""I-TARGET_AMOUNT"", ""I-TARGET_AMOUNT"", ""I-TARGET_AMOUNT"", ""I-TARGET_AMOUNT"", ""I-TARGET_AMOUNT"", ""I-TARGET_AMOUNT"", ""I-TARGET_AMOUNT"", ""O"", ""O"", ""O"", ""O"", ""O"", ""O"", ""O"", ""B-DURATION"", ""I-DURATION"", ""I-DURATION"", ""I-DURATION"", ""I-DURATION"", ""I-DURATION"", ""I-DURATION""]"
